,年份,月份,測站,平均,最高/日期,最低/日期,降水量(毫米),最大十分鐘風,最大瞬間風,相對溼度平均,最小相對溼度/日期,氣壓(百帕),降水日數(天),日照時數(小時)
336,2010,1,彭佳嶼,17.0,24.1/5,7.9/27,91.0,20.0/10.0/16,29.9/360.0/16,71,34/8,1005.5,8,139.8
337,2010,1,基隆,16.9,27.7/12,6.4/27,198.6,15.2/20.0/16,23.3/40.0/16,69,34/29,1014.1,8,116.2
338,2010,1,臺北,17.5,29.7/12,7.2/27,63.4,7.5/70.0/15,17.6/70.0/15,70,33/28,1016.5,6,163.0
339,2010,1,鞍部,11.2,22.9/12,1.6/27,261.5,11.6/350.0/16,22.0/360.0/16,83,18/28,922.2,8,125.1
340,2010,1,竹子湖,12.9,24.4/12,2.1/26,224.2,9.1/20.0/15,18.0/330.0/16,77,13/28,947.1,9,151.7
341,2010,1,淡水,16.2,27.5/12,5.2/31,100.1,8.7/20.0/16,19.8/350.0/16,74,38/29,1015.1,6,158.5
342,2010,1,(原板橋),16.9,29.1/12,5.6/28,87.6,6.3/80.0/15,14.2/90.0/15,72,32/28,1015.9,8,166.6
343,2010,1,新竹,16.4,25.2/1,5.8/18,61.1,8.0/20.0/16,19.6/110.0/16,74,31/29,1013.2,6,177.0
344,2010,1,臺中,18.1,28.7/5,7.5/27,27.4,6.9/30.0/16,17.5/30.0/16,67,30/9,1005.5,3,201.3
345,2010,1,梧棲,17.3,25.6/13,8.3/18,24.0,17.0/360.0/16,35.7/40.0/16,71,34/30,1012.9,2,214.9
346,2010,1,日月潭,14.5,25.6/1,5.4/27,35.5,6.9/170.0/16,9.3/170.0/16,73,33/28,902.2,5,168.4
347,2010,1,嘉義,17.6,30.1/13,5.6/18,32.7,9.2/10.0/26,14.8/360.0/16,76,30/28,1012.2,3,206.1
348,2010,1,阿里山,7.3,18.1/12,-2.9/17,64.9,6.0/130.0/15,12.2/280.0/16,76,18/18,762.3,4,173.0
349,2010,1,玉山,-0.2,14.0/13,-11.3/17,52.1,16.8/280.0/16,31.5/300.0/16,56,14/20,639.1,4,241.1
350,2010,1,臺南,19.2,29.5/13,9.0/27,14.5,10.7/10.0/16,19.7/360.0/26,66,35/31,1012.6,1,205.5
351,2010,1,高雄,20.9,29.5/6,11.3/27,11.5,8.0/350.0/26,16.6/350.0/26,67,30/10,1014.3,1,188.5
352,2010,1,恆春,21.4,29.5/13,14.3/17,1.2,13.4/40.0/3,27.4/50.0/16,69,47/21,1011.5,2,175.8
353,2010,1,宜蘭,17.1,26.1/6,6.8/26,92.2,8.9/40.0/24,13.8/310.0/17,73,35/28,1016.3,10,137.1
354,2010,1,蘇澳,17.2,25.6/2,7.8/27,341.0,11.7/70.0/24,22.5/360.0/16,73,40/9,1014.1,11,109.3
355,2010,1,花蓮,18.8,26.6/2,10.5/28,20.2,12.4/40.0/16,23.7/50.0/16,66,40/9,1014.1,9,98.8
356,2010,1,成功,19.5,27.0/5,12.6/31,22.4,11.6/20.0/16,21.8/40.0/16,72,39/29,1011.5,13,82.0
357,2010,1,臺東,20.1,27.9/14,12.6/28,12.6,7.9/40.0/16,18.1/60.0/16,66,37/28,1014.4,6,113.9
358,2010,1,大武,20.8,28.3/13,12.8/27,13.3,8.3/20.0/14,14.5/350.0/16,68,42/28,1014.5,3,121.1
359,2010,1,蘭嶼,18.8,25.3/13,13.5/31,68.7,22.8/20.0/16,36.5/30.0/16,78,51/9,977.3,15,92.1
360,2010,1,馬祖,13.5,23.2/2,3.2/17,41.1,9.5/360.0/15,21.6/10.0/24,75,31/27,1008.7,6,180.0
361,2010,1,金門,14.8,25.8/6,3.2/17,34.1,8.1/60.0/24,18.1/50.0/15,73,27/31,1015.0,3,186.7
362,2010,1,澎湖,19.0,27.2/13,11.9/17,13.1,11.8/20.0/16,24.3/10.0/16,70,40/9,1014.7,2,188.1
363,2010,1,東吉島,19.9,26.3/13,13.2/16,10.5,24.3/20.0/16,32.8/10.0/16,69,38/30,1010.2,1,179.1
364,2010,2,彭佳嶼,16.0,23.4/30,8.9/12,72.2,17.6/10.0/12,25.1/30.0/12,79,43/13,1009.3,17,75.1
365,2010,2,基隆,16.5,26.0/19,6.9/13,322.7,11.2/10.0/11,17.9/20.0/11,81,48/15,1018.0,19,84.5
366,2010,2,臺北,16.9,27.8/20,7.0/13,105.3,8.7/70.0/26,16.7/60.0/26,78,40/15,1020.9,15,112.6
367,2010,2,鞍部,11.1,23.4/20,0.7/12,321.0,9.1/180.0/18,18.8/180.0/18,91,32/14,926.1,21,66.8
368,2010,2,竹子湖,12.5,24.2/20,1.8/13,224.5,9.1/20.0/21,19.8/350.0/26,82,46/15,950.8,20,103.4
369,2010,2,淡水,16.0,25.7/21,4.8/13,116.2,6.9/20.0/21,14.7/180.0/14,81,40/15,1019.5,13,101.5
370,2010,2,(原板橋),16.7,28.2/20,6.1/13,121.5,8.4/80.0/26,15.4/90.0/26,76,42/19,1020.3,14,117.5
371,2010,2,新竹,15.9,26.5/21,6.9/15,85.3,6.6/20.0/25,15.7/120.0/17,77,40/13,1017.5,11,121.4
372,2010,2,臺中,17.1,27.6/29,6.8/13,34.1,6.0/30.0/12,12.9/30.0/12,75,22/13,1009.9,9,153.8
373,2010,2,梧棲,16.2,25.5/21,7.6/14,24.7,12.9/10.0/25,22.2/20.0/25,78,29/13,1017.3,9,132.7
374,2010,2,日月潭,14.4,24.7/21,5.8/13,45.7,5.3/150.0/3,10.2/320.0/3,78,35/30,906.1,9,154.5
375,2010,2,嘉義,17.2,28.6/31,6.9/14,19.5,8.9/10.0/12,14.6/360.0/12,75,28/13,1016.6,7,160.1
376,2010,2,阿里山,6.8,16.2/20,-3.2/13,52.7,5.0/340.0/1,11.2/290.0/12,82,15/9,766.1,8,139.1
377,2010,2,玉山,-0.2,11.3/21,-12.5/13,22.4,15.4/290.0/5,23.7/300.0/31,63,13/17,641.8,6,213.5
378,2010,2,臺南,18.3,28.2/21,9.1/13,11.5,10.9/20.0/12,17.5/20.0/12,70,31/10,1016.8,3,186.1
379,2010,2,高雄,19.9,28.6/31,10.9/13,1.5,6.3/350.0/25,11.6/330.0/25,72,39/10,1018.6,2,199.8
380,2010,2,恆春,21.3,29.3/25,15.6/11,19.3,12.3/40.0/25,27.1/40.0/26,68,45/13,1016.1,6,176.1
381,2010,2,宜蘭,16.6,25.8/20,7.0/13,140.9,7.7/30.0/25,11.7/40.0/5,78,42/13,1020.7,20,93.5
382,2010,2,蘇澳,16.9,26.4/31,9.2/14,376.9,7.9/160.0/27,19.7/70.0/25,82,43/15,1018.6,21,92.4
383,2010,2,花蓮,18.5,26.4/31,10.9/14,71.3,9.5/50.0/25,16.3/60.0/25,75,43/13,1019.0,18,97.2
384,2010,2,成功,19.5,26.5/31,13.3/15,104.4,11.1/30.0/5,19.3/360.0/5,74,51/15,1016.2,16,71.7
385,2010,2,臺東,19.9,27.3/31,12.8/15,25.2,6.8/40.0/25,16.5/40.0/25,72,41/19,1019.1,13,106.0
386,2010,2,大武,20.8,28.3/31,15.4/9,28.1,9.1/20.0/25,17.5/40.0/25,70,45/14,1019.1,12,110.1
387,2010,2,蘭嶼,18.9,26.1/31,12.3/14,131.4,17.9/40.0/12,28.5/30.0/26,86,26/17,981.9,20,65.6
388,2010,2,馬祖,10.5,20.9/31,4.8/6,41.3,7.8/60.0/11,16.2/50.0/11,88,54/13,1013.0,12,82.0
389,2010,2,金門,13.3,25.5/21,5.1/13,25.6,9.4/70.0/25,19.7/70.0/25,75,32/13,1019.8,7,110.9
390,2010,2,澎湖,17.5,25.7/21,12.0/12,7.8,11.7/20.0/25,22.7/20.0/25,75,40/13,1019.4,5,109.6
391,2010,2,東吉島,18.8,26.5/21,13.2/12,5.0,20.3/10.0/25,26.8/10.0/25,76,40/13,1014.7,3,127.4
392,2010,3,彭佳嶼,16.8,26.6/11,8.7/12,119.8,16.6/40.0/11,23.9/50.0/11,85,59/20,1005.2,17,71.0
393,2010,3,基隆,16.6,30.5/26,9.2/19,368.6,11.0/20.0/17,17.4/20.0/16,88,52/26,1013.9,18,61.7
394,2010,3,臺北,17.6,31.8/26,9.7/19,232.6,9.4/60.0/11,17.9/70.0/11,84,46/24,1017.0,13,79.9
395,2010,3,鞍部,12.7,25.0/26,3.7/18,275.5,9.4/80.0/11,17.9/170.0/13,90,48/24,923.0,16,58.7
396,2010,3,竹子湖,14.0,26.3/26,5.2/19,232.2,9.4/20.0/12,20.4/20.0/12,85,53/24,947.5,14,76.8
397,2010,3,淡水,16.3,27.4/28,8.7/19,187.6,7.4/20.0/11,16.2/40.0/11,86,58/25,1015.7,15,76.4
398,2010,3,(原板橋),17.3,31.9/26,9.6/19,249.7,6.7/90.0/12,14.1/90.0/11,82,49/23,1016.4,14,80.3
399,2010,3,新竹,16.7,28.6/28,9.1/18,225.5,6.0/20.0/12,15.9/310.0/26,84,55/25,1014.1,15,75.1
400,2010,3,臺中,18.5,31.4/10,9.5/19,118.3,4.9/30.0/16,10.3/20.0/16,80,34/10,1006.8,11,118.4
401,2010,3,梧棲,17.5,28.9/11,9.2/19,93.7,11.3/10.0/16,22.2/30.0/18,82,44/25,1014.0,12,105.1
402,2010,3,日月潭,16.1,27.1/10,7.1/19,115.2,6.4/270.0/4,11.4/280.0/4,78,36/24,903.9,13,134.2
403,2010,3,嘉義,19.1,33.0/10,10.1/19,53.8,7.7/250.0/10,12.2/250.0/10,77,29/10,1013.4,11,127.4
404,2010,3,阿里山,8.8,17.1/10,1.5/23,199.2,5.1/270.0/16,12.6/230.0/25,79,14/24,765.4,9,109.6
405,2010,3,玉山,-0.7,10.0/3,-9.4/23,42.5,14.8/300.0/26,27.6/310.0/2,79,16/28,641.2,6,124.6
406,2010,3,臺南,20.2,30.5/11,10.6/19,32.0,8.9/220.0/24,15.2/70.0/17,74,47/23,1013.7,6,153.6
407,2010,3,高雄,21.5,30.5/11,12.0/19,10.5,6.2/310.0/7,11.2/300.0/7,74,50/23,1015.5,3,184.3
408,2010,3,恆春,22.7,30.1/11,15.6/22,0.2,9.8/40.0/16,21.7/50.0/16,76,40/22,1013.0,1,158.8
409,2010,3,宜蘭,18.3,28.5/26,10.8/19,179.9,10.4/70.0/11,17.1/70.0/11,80,56/22,1016.2,15,85.8
410,2010,3,蘇澳,18.3,27.4/26,11.2/18,169.4,8.8/60.0/1,22.9/60.0/1,84,59/25,1014.2,19,68.7
411,2010,3,花蓮,20.2,28.7/26,13.2/19,81.4,10.2/50.0/12,19.0/50.0/11,77,54/24,1015.0,15,81.3
412,2010,3,成功,21.4,29.5/11,14.6/19,71.4,11.8/220.0/25,19.8/20.0/12,78,58/26,1011.9,11,84.4
413,2010,3,臺東,21.9,32.6/11,14.0/19,12.6,6.9/200.0/25,14.7/200.0/11,76,35/11,1014.9,9,125.7
414,2010,3,大武,22.7,33.7/11,15.8/20,11.3,7.9/160.0/9,15.6/190.0/11,74,36/11,1015.3,9,154.9
415,2010,3,蘭嶼,20.8,26.9/7,15.0/18,116.0,23.0/40.0/18,31.7/60.0/18,91,67/22,978.8,10,102.9
416,2010,3,馬祖,11.4,25.7/26,4.4/17,154.9,12.0/210.0/25,20.9/220.0/11,91,59/21,1008.6,18,71.2
417,2010,3,金門,13.3,24.6/1,6.1/13,95.9,9.0/80.0/12,18.6/80.0/12,84,52/20,1015.9,14,41.1
418,2010,3,澎湖,18.5,28.8/11,10.8/19,20.8,10.5/20.0/12,19.6/20.0/16,83,60/20,1015.9,7,86.2
419,2010,3,東吉島,20.0,27.3/26,11.6/19,13.5,18.9/20.0/16,26.0/360.0/16,82,65/23,1011.6,5,107.9
420,2010,4,彭佳嶼,17.9,26.1/23,5.2/10,94.7,17.9/10.0/9,25.2/20.0/9,79,48/26,1006.0,11,135.3
421,2010,4,基隆,18.6,29.2/22,7.4/11,111.9,9.3/10.0/9,17.0/10.0/9,78,46/29,1014.6,13,115.5
422,2010,4,臺北,20.0,31.7/23,8.5/10,66.5,10.0/60.0/21,17.3/60.0/15,72,36/29,1017.4,6,152.9
423,2010,4,鞍部,14.0,24.7/19,0.1/10,102.5,11.5/350.0/25,18.7/150.0/29,88,15/19,923.9,10,118.6
424,2010,4,竹子湖,15.6,27.0/23,2.1/10,54.3,10.3/10.0/21,20.2/30.0/21,81,42/18,948.6,10,147.4
425,2010,4,淡水,18.6,28.2/23,4.6/10,62.3,7.4/20.0/6,15.4/160.0/30,77,39/29,1016.0,9,138.0
426,2010,4,(原板橋),19.7,31.3/23,8.1/11,63.2,8.3/80.0/21,16.1/90.0/21,74,43/29,1016.8,8,147.5
427,2010,4,新竹,19.0,29.1/23,8.0/10,84.0,6.8/20.0/16,16.2/120.0/26,75,40/29,1014.3,7,130.8
428,2010,4,臺中,21.1,31.4/15,9.5/10,22.6,6.3/30.0/9,13.9/30.0/9,72,36/26,1006.9,4,176.8
429,2010,4,梧棲,19.8,28.8/23,8.0/11,33.5,15.0/10.0/25,28.1/20.0/25,75,36/26,1014.2,3,169.3
430,2010,4,日月潭,17.5,28.8/24,4.5/10,33.2,4.9/280.0/24,8.6/270.0/24,78,44/6,904.5,7,156.9
431,2010,4,嘉義,21.4,32.9/4,8.3/11,6.9,8.7/10.0/9,14.7/360.0/9,73,40/4,1013.6,3,206.2
432,2010,4,阿里山,10.3,19.1/23,0.9/10,33.8,4.4/270.0/13,11.5/250.0/13,74,18/22,766.4,4,165.3
433,2010,4,玉山,2.6,14.9/30,-7.4/11,19.5,14.8/270.0/2,26.5/270.0/9,66,14/29,643.1,4,218.2
434,2010,4,臺南,22.8,32.4/6,10.2/11,0.3,11.8/30.0/25,21.1/30.0/25,66,41/29,1013.7,1,200.0
435,2010,4,高雄,23.7,31.9/14,12.7/10,1.0,6.8/350.0/25,12.9/340.0/25,69,48/31,1015.6,1,226.6
436,2010,4,恆春,23.9,32.0/14,15.3/11,4.1,13.1/50.0/26,27.0/30.0/28,72,42/27,1013.4,2,196.6
437,2010,4,宜蘭,19.7,29.3/20,6.9/11,25.2,9.2/70.0/15,14.4/20.0/10,74,44/29,1017.0,12,121.4
438,2010,4,蘇澳,19.8,29.8/15,7.0/11,41.3,9.2/10.0/25,22.5/360.0/25,76,43/29,1015.0,18,116.5
439,2010,4,花蓮,21.0,28.2/23,10.4/10,36.1,10.3/50.0/16,17.7/20.0/25,72,39/26,1015.4,8,137.5
440,2010,4,成功,21.9,29.4/23,12.1/10,58.3,10.7/10.0/26,18.1/30.0/16,76,49/29,1012.9,13,97.4
441,2010,4,臺東,22.4,29.9/6,11.9/11,51.7,7.6/40.0/25,17.9/50.0/28,73,47/26,1015.9,7,113.1
442,2010,4,大武,23.1,35.2/2,14.4/10,17.5,7.8/20.0/28,15.8/40.0/28,71,29/2,1016.0,5,143.7
443,2010,4,蘭嶼,21.1,27.0/24,12.5/10,118.0,22.6/30.0/16,34.2/50.0/25,86,66/26,979.5,16,90.3
444,2010,4,馬祖,12.6,24.4/23,4.5/11,170.0,10.2/210.0/20,17.1/210.0/20,85,54/10,1008.9,16,125.3
445,2010,4,金門,15.4,24.3/23,5.3/11,41.4,8.9/80.0/28,21.2/70.0/16,77,34/28,1015.9,7,107.6
446,2010,4,澎湖,20.9,30.8/23,11.8/10,3.3,11.4/20.0/26,23.1/20.0/26,77,45/28,1016.0,3,169.2
447,2010,4,東吉島,22.0,29.8/24,13.2/10,0.3,20.4/360.0/25,28.2/350.0/25,77,52/28,1011.7,1,177.3
448,2010,5,彭佳嶼,19.4,28.0/22,12.2/15,263.8,17.0/120.0/17,22.9/130.0/17,81,49/30,1003.8,19,76.1
449,2010,5,基隆,19.9,32.8/12,12.8/15,222.1,10.9/20.0/2,18.7/260.0/12,80,34/30,1012.4,19,63.8
450,2010,5,臺北,20.7,33.1/21,13.7/15,112.5,9.7/70.0/13,18.0/60.0/13,78,33/30,1015.1,18,74.0
451,2010,5,鞍部,14.6,26.2/22,7.5/15,227.5,10.6/150.0/13,22.2/130.0/13,92,37/29,922.3,20,57.9
452,2010,5,竹子湖,16.5,27.7/21,9.2/15,176.7,10.2/20.0/13,22.0/360.0/13,82,52/30,946.7,19,74.7
453,2010,5,淡水,19.8,30.2/12,12.9/16,156.7,7.5/20.0/2,14.3/20.0/13,80,32/30,1013.6,19,81.0
454,2010,5,(原板橋),20.6,32.8/21,13.6/15,129.5,8.4/260.0/12,16.6/230.0/12,77,38/30,1014.5,21,76.7
455,2010,5,新竹,20.3,31.4/12,13.2/15,168.5,7.1/70.0/24,19.1/60.0/13,78,41/29,1012.0,18,83.7
456,2010,5,臺中,22.0,32.4/22,14.1/16,158.4,5.4/30.0/23,10.9/20.0/23,78,27/10,1004.9,16,127.8
457,2010,5,梧棲,21.0,30.9/12,13.5/16,111.9,14.2/10.0/13,22.8/10.0/13,78,51/27,1012.1,13,120.9
458,2010,5,日月潭,18.5,27.7/13,12.4/30,185.1,10.1/150.0/20,14.7/150.0/20,84,30/10,903.2,18,99.6
459,2010,5,嘉義,22.2,33.8/21,14.2/16,69.0,8.2/250.0/20,14.2/270.0/20,78,35/10,1011.6,11,136.3
460,2010,5,阿里山,12.2,19.2/14,5.4/10,224.1,4.7/150.0/21,12.6/270.0/8,86,23/10,766.0,16,132.5
461,2010,5,玉山,3.8,13.7/12,-4.0/9,203.0,15.3/290.0/15,29.3/290.0/9,81,14/10,643.6,17,141.8
462,2010,5,臺南,23.7,33.9/13,15.5/16,28.1,9.9/190.0/11,15.8/200.0/11,70,44/10,1011.8,8,154.2
463,2010,5,高雄,24.9,32.9/21,17.4/16,48.0,6.5/310.0/9,11.8/130.0/11,74,45/10,1013.7,7,187.6
464,2010,5,恆春,24.9,32.4/21,18.8/30,19.5,11.9/40.0/13,24.7/40.0/13,71,47/25,1011.3,4,170.8
465,2010,5,宜蘭,20.7,31.3/22,14.1/15,117.6,7.9/70.0/13,14.1/320.0/9,78,32/30,1014.7,19,82.6
466,2010,5,蘇澳,20.7,30.8/21,14.6/15,188.4,9.2/150.0/21,17.9/30.0/15,81,28/30,1012.9,21,72.6
467,2010,5,花蓮,21.9,30.5/22,16.4/15,59.0,10.4/40.0/7,18.2/20.0/7,72,37/30,1013.3,17,84.7
468,2010,5,成功,22.9,31.0/12,17.7/30,41.9,12.3/220.0/12,19.7/20.0/22,81,41/30,1010.7,15,63.7
469,2010,5,臺東,23.5,33.8/12,17.7/16,45.3,6.9/50.0/13,15.9/40.0/13,76,49/30,1013.6,12,101.2
470,2010,5,大武,24.1,37.0/12,17.8/24,110.3,8.4/30.0/13,17.8/30.0/30,73,29/12,1013.9,12,114.4
471,2010,5,蘭嶼,21.9,28.2/5,15.7/30,107.0,23.6/40.0/13,34.9/40.0/30,90,69/24,977.6,15,80.9
472,2010,5,馬祖,14.5,25.8/21,7.3/14,293.0,11.9/210.0/1,22.3/210.0/1,88,53/28,1006.7,16,77.2
473,2010,5,金門,17.1,25.2/1,8.2/8,118.0,10.1/80.0/22,19.2/70.0/22,80,44/24,1013.7,19,83.3
474,2010,5,澎湖,21.7,31.0/21,14.9/8,30.8,9.7/20.0/7,20.2/20.0/24,82,54/24,1013.9,6,111.4
475,2010,5,東吉島,22.8,29.7/21,17.4/15,18.7,17.8/340.0/15,23.6/340.0/15,79,57/24,1009.8,8,129.2
476,2010,6,彭佳嶼,23.2,29.5/22,18.2/11,143.8,14.9/110.0/3,21.7/280.0/23,82,55/12,997.6,12,133.3
477,2010,6,基隆,24.5,34.2/19,18.8/10,180.2,8.0/40.0/3,13.0/250.0/16,79,43/26,1006.0,14,106.6
478,2010,6,臺北,25.5,34.8/19,18.7/10,183.9,7.6/60.0/12,14.1/150.0/23,75,37/25,1008.6,14,115.3
479,2010,6,鞍部,19.3,27.2/18,13.2/1,235.0,8.0/350.0/23,22.6/350.0/7,90,27/25,917.9,17,101.7
480,2010,6,竹子湖,21.1,29.2/17,14.2/31,166.7,7.1/350.0/23,12.4/350.0/23,82,32/25,941.8,12,57.0
481,2010,6,淡水,24.4,32.6/22,18.1/11,186.9,6.0/20.0/31,16.8/170.0/23,79,30/25,1007.1,12,137.1
482,2010,6,(原板橋),25.2,34.2/22,17.2/1,171.1,5.9/80.0/31,12.0/240.0/23,76,33/25,1008.1,14,122.8
483,2010,6,新竹,25.0,33.2/26,18.2/1,224.0,5.5/280.0/22,14.4/90.0/22,77,49/31,1006.0,13,135.7
484,2010,6,臺中,26.6,34.2/22,19.5/1,145.3,4.6/230.0/22,11.2/230.0/23,75,44/22,999.4,10,153.5
485,2010,6,梧棲,25.2,32.4/22,19.9/10,172.1,10.9/360.0/31,22.3/220.0/23,79,49/26,1006.5,11,153.7
486,2010,6,日月潭,21.4,30.1/20,14.6/1,238.0,8.8/230.0/23,21.2/250.0/23,84,44/20,899.7,14,118.0
487,2010,6,嘉義,26.5,34.4/22,17.6/1,103.8,9.1/220.0/23,17.5/200.0/23,77,43/9,1006.3,8,181.4
488,2010,6,阿里山,13.9,21.0/22,6.8/1,522.7,6.9/270.0/23,19.7/250.0/23,89,36/20,763.6,14,110.4
489,2010,6,玉山,5.9,18.2/19,-0.5/2,356.1,15.9/250.0/23,33.6/240.0/23,81,12/26,642.8,16,123.1
490,2010,6,臺南,27.6,34.8/10,20.7/1,114.0,9.3/230.0/28,16.2/310.0/23,71,38/2,1006.6,4,203.9
491,2010,6,高雄,27.8,33.3/27,21.2/1,188.0,9.4/280.0/23,18.0/270.0/23,75,44/2,1008.8,7,238.6
492,2010,6,恆春,27.2,33.0/27,22.5/24,253.7,7.1/80.0/26,16.4/50.0/1,75,46/26,1006.5,11,188.2
493,2010,6,宜蘭,24.9,31.6/19,17.1/1,95.0,8.5/330.0/29,13.6/330.0/29,79,43/31,1008.2,14,134.2
494,2010,6,蘇澳,24.9,31.9/22,18.0/1,67.0,9.0/150.0/4,16.2/60.0/10,79,50/31,1006.6,17,124.4
495,2010,6,花蓮,25.5,32.0/22,17.6/1,94.8,7.9/30.0/10,12.9/50.0/10,75,49/1,1007.3,13,131.7
496,2010,6,成功,25.7,32.2/22,20.1/1,198.6,10.6/220.0/23,21.6/170.0/23,83,57/2,1004.9,16,105.4
497,2010,6,臺東,26.5,34.5/22,20.5/1,121.1,6.8/40.0/14,15.4/200.0/23,79,46/22,1007.8,14,146.2
498,2010,6,大武,26.6,36.4/22,20.1/1,358.4,7.2/170.0/7,15.2/190.0/23,78,40/22,1008.3,17,160.8
499,2010,6,蘭嶼,24.1,28.9/16,20.6/1,301.3,21.7/250.0/29,31.2/260.0/23,91,71/1,972.7,16,106.1
500,2010,6,馬祖,19.6,27.0/23,14.7/13,141.7,12.3/210.0/22,22.2/210.0/22,90,63/8,1000.0,18,97.8
501,2010,6,金門,21.8,32.9/23,16.6/11,183.1,9.0/200.0/23,18.4/210.0/23,83,50/25,1006.9,14,107.1
502,2010,6,澎湖,25.2,32.3/21,19.5/1,71.3,7.4/190.0/22,16.2/250.0/23,85,56/31,1008.4,12,171.1
503,2010,6,東吉島,25.9,31.0/10,21.8/1,84.0,14.8/220.0/23,20.3/260.0/23,82,63/31,1004.6,5,195.8
504,2010,7,彭佳嶼,24.4,31.4/22,19.7/3,207.8,15.4/280.0/15,22.3/270.0/14,89,66/1,996.8,19,106.2
505,2010,7,基隆,25.6,33.4/30,19.7/1,321.6,8.5/20.0/4,13.9/330.0/4,83,56/9,1004.9,21,45.9
506,2010,7,臺北,26.2,35.2/27,19.4/1,419.6,8.4/60.0/1,14.6/70.0/1,82,53/9,1007.6,23,77.8
507,2010,7,鞍部,20.5,27.7/30,13.5/2,584.5,7.4/350.0/5,21.2/140.0/14,92,29/1,917.5,21,54.8
508,2010,7,竹子湖,22.3,29.9/22,15.5/1,455.1,6.6/20.0/2,14.9/40.0/2,89,41/1,941.2,22,66.2
509,2010,7,淡水,25.2,33.8/26,16.7/1,455.0,6.5/20.0/4,12.9/30.0/4,85,42/8,1006.2,22,91.6
510,2010,7,(原板橋),26.0,35.3/27,19.0/1,397.1,6.5/80.0/1,12.4/70.0/1,80,57/7,1007.0,23,96.7
511,2010,7,新竹,26.5,34.1/27,19.2/1,349.1,6.2/280.0/24,16.8/310.0/19,78,57/8,1005.1,15,117.8
512,2010,7,臺中,27.1,34.3/27,21.0/2,529.9,5.1/10.0/5,11.5/240.0/23,78,51/19,998.8,17,108.4
513,2010,7,梧棲,26.6,32.5/17,19.3/3,312.3,12.3/360.0/5,20.4/360.0/5,79,60/19,1005.7,17,131.7
514,2010,7,日月潭,21.6,29.2/22,17.6/8,474.0,7.4/280.0/17,15.1/210.0/22,87,62/7,899.6,21,70.3
515,2010,7,嘉義,27.7,36.4/22,20.9/7,269.8,9.4/250.0/22,14.3/240.0/22,80,50/22,1005.8,14,141.7
516,2010,7,阿里山,14.5,21.1/30,6.9/7,457.5,4.7/140.0/22,9.9/260.0/15,93,47/19,764.0,19,85.3
517,2010,7,玉山,6.8,17.4/21,2.6/5,371.0,13.5/300.0/15,24.9/270.0/15,84,35/19,643.5,20,107.4
518,2010,7,臺南,28.1,34.7/22,22.3/3,283.4,8.0/200.0/28,14.0/200.0/28,75,46/9,1006.2,12,165.4
519,2010,7,高雄,28.3,33.2/23,23.8/4,257.0,6.8/180.0/28,14.4/340.0/15,79,56/9,1008.4,11,186.1
520,2010,7,恆春,28.0,34.0/30,23.2/3,196.8,9.3/70.0/2,18.7/60.0/2,84,48/1,1006.0,13,162.8
521,2010,7,宜蘭,25.8,33.2/27,17.8/1,154.4,7.1/30.0/21,10.8/30.0/21,82,60/1,1007.2,20,119.3
522,2010,7,蘇澳,25.8,32.9/21,18.6/1,208.4,8.5/150.0/9,14.9/30.0/4,83,61/19,1005.5,20,107.5
523,2010,7,花蓮,26.5,32.5/30,20.1/2,61.4,9.0/40.0/5,14.2/50.0/5,79,51/1,1006.2,16,124.4
524,2010,7,成功,27.0,33.3/18,21.8/1,73.8,9.8/180.0/26,16.2/180.0/26,83,56/1,1003.9,16,146.0
525,2010,7,臺東,27.7,35.2/17,22.2/3,52.9,6.8/210.0/17,12.6/190.0/18,80,51/1,1006.8,11,178.4
526,2010,7,大武,28.0,36.7/18,21.9/1,83.1,7.2/190.0/20,12.5/190.0/20,75,42/18,1007.4,13,184.2
527,2010,7,蘭嶼,25.3,29.9/28,20.3/3,137.0,22.2/40.0/4,29.1/260.0/11,92,73/8,972.2,11,143.0
528,2010,7,馬祖,23.1,30.5/29,17.3/2,208.9,13.2/210.0/18,24.0/200.0/18,89,64/6,998.4,18,73.7
529,2010,7,金門,24.3,31.8/30,16.6/3,187.4,7.9/240.0/14,14.9/80.0/5,88,54/6,1005.2,16,96.2
530,2010,7,澎湖,26.8,33.1/22,21.8/4,137.1,9.4/20.0/2,16.9/20.0/2,87,65/1,1007.7,11,153.0
531,2010,7,東吉島,27.5,32.4/30,23.6/4,40.5,15.8/10.0/2,20.2/200.0/25,85,62/1,1003.9,5,158.0
532,2010,8,彭佳嶼,27.9,32.1/3,23.9/25,38.3,19.9/270.0/4,25.2/280.0/4,86,65/19,996.9,5,268.1
533,2010,8,基隆,29.9,38.1/3,25.3/28,5.0,8.8/240.0/5,18.5/240.0/28,71,39/3,1004.7,5,219.0
534,2010,8,臺北,30.3,38.6/3,25.0/28,89.1,7.3/270.0/5,17.0/270.0/6,69,40/3,1007.3,12,176.4
535,2010,8,鞍部,23.2,30.5/3,19.8/23,24.6,7.1/190.0/25,18.6/100.0/27,88,56/3,918.2,6,144.7
536,2010,8,竹子湖,25.3,33.0/3,21.4/27,19.7,4.4/20.0/30,11.8/300.0/4,83,62/3,941.7,9,162.6
537,2010,8,淡水,29.5,36.9/21,24.9/27,30.5,5.8/150.0/22,12.7/220.0/27,72,47/18,1006.0,4,215.3
538,2010,8,(原板橋),29.8,38.2/3,24.4/16,140.0,8.2/240.0/6,14.7/250.0/6,72,47/3,1006.8,10,222.7
539,2010,8,新竹,29.9,36.8/3,24.5/28,77.2,6.7/280.0/7,16.8/330.0/4,73,49/6,1005.1,6,250.3
540,2010,8,臺中,29.2,35.9/18,23.8/14,463.5,6.5/180.0/21,14.3/180.0/21,74,46/15,999.5,16,179.7
541,2010,8,梧棲,29.2,33.9/6,23.4/28,187.5,9.7/260.0/11,16.2/230.0/7,74,52/18,1006.2,6,242.2
542,2010,8,日月潭,22.8,30.0/15,18.7/18,407.4,6.2/170.0/14,11.6/260.0/28,85,62/15,900.5,19,141.0
543,2010,8,嘉義,29.0,35.5/20,24.0/21,459.3,7.9/250.0/5,15.1/220.0/21,79,50/6,1006.4,16,210.7
544,2010,8,阿里山,15.1,22.0/20,11.4/8,858.8,4.3/270.0/28,12.1/260.0/28,91,49/8,765.5,20,125.6
545,2010,8,玉山,8.0,18.3/11,3.1/21,429.7,17.5/230.0/27,25.2/220.0/27,74,33/1,645.2,18,177.5
546,2010,8,臺南,29.3,36.3/14,24.0/15,501.4,9.9/110.0/15,18.8/110.0/15,72,47/14,1006.7,12,161.8
547,2010,8,高雄,29.5,35.9/15,24.2/27,437.0,8.2/180.0/26,14.7/230.0/27,76,51/15,1009.0,10,230.5
548,2010,8,恆春,28.6,33.4/12,24.0/27,381.7,7.7/290.0/5,15.7/290.0/6,82,60/14,1006.5,16,201.8
549,2010,8,宜蘭,28.9,34.7/14,24.4/15,65.5,9.2/100.0/22,13.4/110.0/22,76,56/29,1007.4,9,257.7
550,2010,8,蘇澳,28.8,33.7/11,24.7/24,31.4,10.0/160.0/24,18.3/140.0/24,77,51/29,1005.5,7,243.5
551,2010,8,花蓮,28.8,34.6/2,23.9/25,73.7,12.7/180.0/24,16.7/190.0/24,73,54/16,1006.5,8,260.7
552,2010,8,成功,28.7,34.6/2,24.1/24,212.2,10.5/220.0/27,18.3/220.0/27,79,58/18,1004.3,8,228.3
553,2010,8,臺東,29.3,34.4/7,24.0/25,184.1,7.2/200.0/28,16.2/210.0/28,77,54/4,1007.4,15,255.6
554,2010,8,大武,29.1,39.2/11,23.4/27,233.0,7.2/150.0/21,14.8/220.0/6,75,35/6,1007.8,13,237.8
555,2010,8,蘭嶼,26.2,30.2/15,22.1/26,207.8,25.3/260.0/5,34.5/250.0/6,90,77/4,972.8,15,186.8
556,2010,8,馬祖,27.1,32.3/20,23.8/26,5.9,11.0/200.0/10,18.9/200.0/9,89,61/14,997.7,4,236.2
557,2010,8,金門,28.0,34.6/21,24.7/29,4.4,6.4/200.0/31,14.5/230.0/5,85,62/24,1004.7,2,254.5
558,2010,8,澎湖,28.6,36.2/20,23.9/28,95.6,7.6/180.0/26,17.0/250.0/28,84,54/15,1008.0,7,240.4
559,2010,8,東吉島,29.2,33.8/18,24.9/28,195.8,17.0/220.0/27,21.0/220.0/27,82,61/18,1004.5,9,241.0
560,2010,9,彭佳嶼,28.3,32.8/12,23.8/31,472.2,24.8/160.0/30,33.7/170.0/31,85,65/27,996.9,11,274.4
561,2010,9,基隆,29.3,36.2/3,24.4/30,242.6,9.4/230.0/30,16.3/240.0/30,75,50/3,1004.8,12,233.9
562,2010,9,臺北,30.0,38.4/3,24.1/30,388.5,7.7/70.0/7,14.5/70.0/7,72,44/10,1007.2,13,212.4
563,2010,9,鞍部,23.0,29.8/3,18.7/9,471.0,10.4/350.0/30,19.7/150.0/6,91,54/3,918.0,12,139.6
564,2010,9,竹子湖,25.2,33.2/3,20.5/31,464.3,6.0/20.0/24,12.9/230.0/30,82,55/27,941.5,12,185.0
565,2010,9,淡水,29.3,37.3/4,23.4/31,196.6,7.1/150.0/6,14.8/160.0/6,74,47/4,1005.8,12,232.9
566,2010,9,(原板橋),29.7,38.3/3,23.9/31,343.7,7.5/240.0/30,15.1/60.0/7,72,50/3,1006.7,13,221.4
567,2010,9,新竹,29.6,36.9/5,23.6/31,130.0,6.0/20.0/7,14.5/140.0/7,72,48/20,1004.8,9,240.2
568,2010,9,臺中,28.9,35.6/10,23.4/26,203.5,5.8/180.0/14,12.9/180.0/25,77,49/3,998.9,20,155.9
569,2010,9,梧棲,29.3,33.6/22,24.1/31,108.8,11.5/10.0/8,18.8/360.0/8,75,52/22,1005.3,9,228.8
570,2010,9,日月潭,22.9,30.8/10,18.6/25,222.3,9.0/280.0/12,14.3/270.0/12,84,57/10,899.7,20,138.2
571,2010,9,嘉義,28.8,36.0/14,23.0/26,208.7,7.9/80.0/5,12.4/70.0/5,81,52/14,1005.3,21,212.1
572,2010,9,阿里山,14.9,22.1/24,9.0/27,366.3,4.8/310.0/1,13.1/320.0/1,90,56/14,764.7,22,115.0
573,2010,9,玉山,7.9,18.6/14,2.8/26,126.0,18.6/130.0/7,23.8/130.0/7,79,23/9,644.6,17,173.2
574,2010,9,臺南,29.6,35.4/6,24.9/5,210.0,7.6/200.0/10,13.7/70.0/5,71,51/19,1005.6,17,202.6
575,2010,9,高雄,29.4,34.4/1,25.3/25,164.7,6.8/150.0/31,13.7/160.0/31,78,59/18,1007.9,17,216.4
576,2010,9,恆春,28.6,33.1/5,22.8/25,278.3,7.8/100.0/25,15.8/90.0/25,81,59/27,1005.5,21,186.2
577,2010,9,宜蘭,28.8,35.7/9,24.5/31,151.1,9.7/330.0/9,16.7/90.0/7,77,49/9,1007.3,11,241.0
578,2010,9,蘇澳,28.7,33.8/9,24.6/30,310.8,8.9/150.0/17,14.0/50.0/8,78,52/9,1005.5,14,234.3
579,2010,9,花蓮,28.9,33.6/21,24.3/30,60.2,8.6/40.0/8,13.9/10.0/7,73,55/27,1006.3,11,253.0
580,2010,9,成功,29.0,34.4/21,24.8/30,50.2,9.6/40.0/7,20.2/200.0/31,79,58/27,1004.0,12,224.8
581,2010,9,臺東,29.4,34.3/11,25.0/23,137.1,8.6/200.0/31,17.1/200.0/31,75,55/27,1007.0,10,243.7
582,2010,9,大武,28.9,36.9/11,23.6/22,139.8,7.2/10.0/22,18.5/30.0/22,77,42/11,1007.4,14,226.1
583,2010,9,蘭嶼,26.0,30.2/4,21.4/25,406.2,21.0/40.0/7,31.7/50.0/7,92,61/4,972.2,21,152.8
584,2010,9,馬祖,28.1,35.1/9,24.6/31,19.7,9.4/200.0/12,17.7/180.0/14,85,53/9,998.9,3,290.5
585,2010,9,金門,29.0,37.0/31,24.6/30,8.4,8.6/70.0/7,19.5/90.0/7,78,47/22,1004.9,3,259.4
586,2010,9,澎湖,29.3,34.3/6,25.6/31,8.3,6.5/20.0/8,11.3/10.0/7,82,58/29,1007.0,4,259.0
587,2010,9,東吉島,29.7,34.3/21,25.4/29,49.2,12.2/210.0/16,16.3/210.0/16,81,65/26,1003.5,9,258.7
588,2010,10,彭佳嶼,26.9,31.3/6,23.4/20,73.8,27.0/120.0/19,40.8/140.0/19,84,69/13,998.5,13,233.6
589,2010,10,基隆,28.2,35.2/21,23.1/25,519.7,15.7/20.0/19,28.8/160.0/19,75,49/21,1006.3,11,171.1
590,2010,10,臺北,28.8,35.7/10,24.3/18,144.2,11.4/90.0/19,27.9/90.0/19,72,47/22,1008.4,15,201.5
591,2010,10,鞍部,21.7,27.5/4,16.9/25,522.0,16.2/190.0/19,37.8/180.0/19,92,58/4,918.6,14,134.6
592,2010,10,竹子湖,23.8,30.7/4,19.0/25,452.5,6.7/210.0/19,20.5/360.0/19,84,55/4,942.3,15,126.0
593,2010,10,淡水,27.9,34.4/2,22.2/25,76.3,9.1/120.0/20,28.3/120.0/19,77,50/28,1007.0,11,201.3
594,2010,10,(原板橋),28.5,35.9/22,23.8/21,176.5,10.7/100.0/20,24.8/60.0/19,73,47/22,1007.8,13,213.8
595,2010,10,新竹,28.1,34.0/8,21.8/18,93.7,8.0/20.0/19,20.4/160.0/19,76,50/19,1005.7,10,207.3
596,2010,10,臺中,28.1,34.6/8,23.3/21,328.6,8.9/10.0/19,25.5/10.0/19,77,49/21,999.4,15,163.8
597,2010,10,梧棲,28.1,34.2/8,23.3/25,97.2,23.9/350.0/19,37.5/360.0/19,77,57/21,1005.9,13,208.0
598,2010,10,日月潭,22.3,29.8/8,18.9/12,127.2,10.7/150.0/19,27.9/140.0/19,87,41/20,899.7,14,120.5
599,2010,10,嘉義,27.5,34.2/11,22.1/21,252.3,12.7/140.0/19,29.1/110.0/19,84,55/11,1005.9,16,179.3
600,2010,10,阿里山,14.4,21.6/5,9.4/12,592.4,11.1/150.0/20,29.6/280.0/19,88,44/18,764.4,24,103.3
601,2010,10,玉山,6.8,18.1/5,2.4/3,477.0,33.4/140.0/20,48.6/130.0/20,82,14/18,643.9,18,127.5
602,2010,10,臺南,28.4,34.2/22,23.3/19,461.0,18.6/170.0/19,32.8/190.0/19,74,48/15,1006.2,13,160.4
603,2010,10,高雄,28.3,34.8/3,23.0/20,853.0,15.0/230.0/19,29.5/210.0/19,80,53/3,1008.6,12,169.8
604,2010,10,恆春,27.4,32.6/11,23.2/19,847.6,13.2/290.0/19,27.4/280.0/19,83,53/22,1006.6,20,146.2
605,2010,10,宜蘭,27.8,34.3/10,22.8/25,266.8,16.8/30.0/19,29.8/30.0/19,76,42/17,1008.6,14,209.5
606,2010,10,蘇澳,27.6,32.7/7,23.1/23,311.9,22.4/80.0/19,51.5/50.0/19,77,54/7,1006.9,18,184.1
607,2010,10,花蓮,27.1,32.7/7,22.5/20,477.5,30.1/20.0/19,58.4/40.0/19,76,55/18,1007.6,16,196.3
608,2010,10,成功,27.2,33.9/6,23.4/21,701.4,25.6/180.0/19,39.6/190.0/19,81,55/29,1005.3,15,162.8
609,2010,10,臺東,27.6,33.8/19,22.6/20,779.7,11.9/200.0/19,25.8/200.0/19,79,48/19,1008.3,15,176.4
610,2010,10,大武,27.0,34.2/5,22.5/14,1037.2,9.6/180.0/19,21.6/200.0/19,82,52/29,1008.7,15,154.6
611,2010,10,蘭嶼,25.0,29.8/11,21.5/14,364.0,33.8/250.0/19,48.7/250.0/19,92,65/18,973.4,19,151.4
612,2010,10,馬祖,27.1,34.4/5,21.1/24,59.8,11.1/50.0/19,26.3/50.0/19,85,53/5,1000.7,13,185.1
613,2010,10,金門,27.3,34.1/16,22.9/26,130.5,17.1/110.0/20,31.9/100.0/20,81,52/19,1006.3,13,167.3
614,2010,10,澎湖,28.0,33.0/6,22.9/20,238.9,20.5/140.0/20,38.6/150.0/20,83,65/3,1007.6,7,211.9
615,2010,10,東吉島,28.2,31.6/3,24.4/9,270.8,30.3/160.0/20,44.0/170.0/20,82,69/4,1004.1,9,215.5
616,2010,11,彭佳嶼,23.5,29.8/11,16.9/26,260.9,22.0/60.0/22,32.9/90.0/22,79,53/4,1002.0,19,85.3
617,2010,11,基隆,24.0,32.3/2,17.0/27,506.3,15.7/10.0/21,25.8/10.0/21,79,54/30,1010.4,21,33.6
618,2010,11,臺北,24.4,33.8/3,16.8/28,345.4,8.1/70.0/1,15.9/70.0/21,79,56/2,1012.7,19,68.4
619,2010,11,鞍部,17.7,26.8/2,9.6/28,1492.5,13.4/350.0/21,32.7/340.0/21,97,77/2,921.2,21,27.7
620,2010,11,竹子湖,19.8,29.4/2,11.9/29,1319.4,7.5/20.0/15,18.7/320.0/26,87,68/4,945.1,20,64.8
621,2010,11,淡水,23.6,33.2/2,15.5/27,412.6,8.6/20.0/25,21.1/20.0/21,82,58/2,1011.2,17,74.7
622,2010,11,(原板橋),24.3,35.0/2,16.4/27,326.4,7.7/80.0/17,15.2/120.0/6,76,55/2,1012.1,17,74.7
623,2010,11,新竹,24.3,33.6/1,16.4/27,80.0,7.6/50.0/17,20.1/80.0/17,78,56/1,1009.4,11,129.7
624,2010,11,臺中,25.9,33.2/2,17.2/31,2.1,6.6/30.0/27,15.4/40.0/27,72,47/31,1001.7,3,165.2
625,2010,11,梧棲,24.7,31.1/24,17.0/29,0.7,16.9/10.0/26,30.6/10.0/26,75,53/24,1008.4,4,183.5
626,2010,11,日月潭,20.7,29.9/18,12.8/27,9.5,6.3/160.0/22,9.0/150.0/22,85,47/18,900.8,5,119.9
627,2010,11,嘉義,25.1,32.7/2,15.1/31,15.8,7.4/360.0/26,15.8/190.0/23,82,53/24,1008.0,3,181.0
628,2010,11,阿里山,13.2,20.7/12,3.3/30,194.4,5.3/160.0/24,14.4/180.0/22,88,42/30,764.4,13,112.4
629,2010,11,玉山,6.2,17.3/29,0.2/31,159.2,23.7/130.0/22,32.5/140.0/23,73,14/31,643.8,19,156.7
630,2010,11,臺南,26.3,33.7/14,17.1/29,69.0,10.8/160.0/23,19.6/160.0/22,72,49/30,1008.0,4,176.9
631,2010,11,高雄,27.0,32.5/2,19.0/31,175.5,9.3/150.0/22,20.3/150.0/22,76,50/31,1010.3,9,177.4
632,2010,11,恆春,26.3,33.0/14,18.3/28,413.4,14.0/40.0/18,27.5/40.0/26,76,53/30,1007.9,17,134.2
633,2010,11,宜蘭,23.8,31.9/11,16.4/31,900.8,10.1/50.0/22,16.6/50.0/22,82,57/31,1012.3,22,74.5
634,2010,11,蘇澳,23.9,30.3/2,16.6/27,1861.2,13.4/90.0/21,22.3/30.0/21,82,56/31,1010.5,25,63.7
635,2010,11,花蓮,25.1,31.6/3,17.6/28,629.2,13.6/50.0/26,23.6/40.0/26,74,47/30,1010.3,15,117.8
636,2010,11,成功,25.6,32.2/1,18.4/29,428.1,12.4/10.0/27,23.1/30.0/26,78,55/30,1007.7,24,122.6
637,2010,11,臺東,25.9,32.5/2,18.5/28,503.8,8.1/40.0/26,19.3/30.0/26,76,47/30,1010.6,17,142.8
638,2010,11,大武,26.0,33.3/24,18.0/30,456.1,9.9/20.0/18,18.1/20.0/18,76,45/24,1010.7,21,143.3
639,2010,11,蘭嶼,23.6,28.6/11,18.5/27,839.0,31.7/20.0/18,47.9/50.0/27,88,65/25,974.3,21,93.8
640,2010,11,馬祖,21.4,29.3/2,13.7/28,50.7,10.8/360.0/22,23.6/360.0/21,77,45/5,1005.8,8,86.3
641,2010,11,金門,22.9,32.8/2,14.1/29,129.6,10.2/60.0/23,22.6/40.0/23,68,37/31,1010.7,7,119.5
642,2010,11,澎湖,25.2,31.8/3,19.0/29,52.9,14.4/20.0/26,29.4/360.0/26,77,55/4,1010.4,5,127.5
643,2010,11,東吉島,25.5,31.5/2,19.9/29,56.0,25.9/10.0/26,35.5/360.0/26,78,56/5,1006.1,3,164.9
644,2010,12,彭佳嶼,17.0,24.1/5,7.9/27,91.0,20.0/10.0/16,29.9/360.0/16,71,34/8,1005.5,8,139.8
645,2010,12,基隆,16.9,27.7/12,6.4/27,198.6,15.2/20.0/16,23.3/40.0/16,69,34/29,1014.1,8,116.2
646,2010,12,臺北,17.5,29.7/12,7.2/27,63.4,7.5/70.0/15,17.6/70.0/15,70,33/28,1016.5,6,163.0
647,2010,12,鞍部,11.2,22.9/12,1.6/27,261.5,11.6/350.0/16,22.0/360.0/16,83,18/28,922.2,8,125.1
648,2010,12,竹子湖,12.9,24.4/12,2.1/26,224.2,9.1/20.0/15,18.0/330.0/16,77,13/28,947.1,9,151.7
649,2010,12,淡水,16.2,27.5/12,5.2/31,100.1,8.7/20.0/16,19.8/350.0/16,74,38/29,1015.1,6,158.5
650,2010,12,(原板橋),16.9,29.1/12,5.6/28,87.6,6.3/80.0/15,14.2/90.0/15,72,32/28,1015.9,8,166.6
651,2010,12,新竹,16.4,25.2/1,5.8/18,61.1,8.0/20.0/16,19.6/110.0/16,74,31/29,1013.2,6,177.0
652,2010,12,臺中,18.1,28.7/5,7.5/27,27.4,6.9/30.0/16,17.5/30.0/16,67,30/9,1005.5,3,201.3
653,2010,12,梧棲,17.3,25.6/13,8.3/18,24.0,17.0/360.0/16,35.7/40.0/16,71,34/30,1012.9,2,214.9
654,2010,12,日月潭,14.5,25.6/1,5.4/27,35.5,6.9/170.0/16,9.3/170.0/16,73,33/28,902.2,5,168.4
655,2010,12,嘉義,17.6,30.1/13,5.6/18,32.7,9.2/10.0/26,14.8/360.0/16,76,30/28,1012.2,3,206.1
656,2010,12,阿里山,7.3,18.1/12,-2.9/17,64.9,6.0/130.0/15,12.2/280.0/16,76,18/18,762.3,4,173.0
657,2010,12,玉山,-0.2,14.0/13,-11.3/17,52.1,16.8/280.0/16,31.5/300.0/16,56,14/20,639.1,4,241.1
658,2010,12,臺南,19.2,29.5/13,9.0/27,14.5,10.7/10.0/16,19.7/360.0/26,66,35/31,1012.6,1,205.5
659,2010,12,高雄,20.9,29.5/6,11.3/27,11.5,8.0/350.0/26,16.6/350.0/26,67,30/10,1014.3,1,188.5
660,2010,12,恆春,21.4,29.5/13,14.3/17,1.2,13.4/40.0/3,27.4/50.0/16,69,47/21,1011.5,2,175.8
661,2010,12,宜蘭,17.1,26.1/6,6.8/26,92.2,8.9/40.0/24,13.8/310.0/17,73,35/28,1016.3,10,137.1
662,2010,12,蘇澳,17.2,25.6/2,7.8/27,341.0,11.7/70.0/24,22.5/360.0/16,73,40/9,1014.1,11,109.3
663,2010,12,花蓮,18.8,26.6/2,10.5/28,20.2,12.4/40.0/16,23.7/50.0/16,66,40/9,1014.1,9,98.8
664,2010,12,成功,19.5,27.0/5,12.6/31,22.4,11.6/20.0/16,21.8/40.0/16,72,39/29,1011.5,13,82.0
665,2010,12,臺東,20.1,27.9/14,12.6/28,12.6,7.9/40.0/16,18.1/60.0/16,66,37/28,1014.4,6,113.9
666,2010,12,大武,20.8,28.3/13,12.8/27,13.3,8.3/20.0/14,14.5/350.0/16,68,42/28,1014.5,3,121.1
667,2010,12,蘭嶼,18.8,25.3/13,13.5/31,68.7,22.8/20.0/16,36.5/30.0/16,78,51/9,977.3,15,92.1
668,2010,12,馬祖,13.5,23.2/2,3.2/17,41.1,9.5/360.0/15,21.6/10.0/24,75,31/27,1008.7,6,180.0
669,2010,12,金門,14.8,25.8/6,3.2/17,34.1,8.1/60.0/24,18.1/50.0/15,73,27/31,1015.0,3,186.7
670,2010,12,澎湖,19.0,27.2/13,11.9/17,13.1,11.8/20.0/16,24.3/10.0/16,70,40/9,1014.7,2,188.1
671,2010,12,東吉島,19.9,26.3/13,13.2/16,10.5,24.3/20.0/16,32.8/10.0/16,69,38/30,1010.2,1,179.1
672,2011,1,彭佳嶼,17.0,24.1/5,7.9/27,91.0,20.0/10.0/16,29.9/360.0/16,71,34/8,1005.5,8,139.8
673,2011,1,基隆,16.9,27.7/12,6.4/27,198.6,15.2/20.0/16,23.3/40.0/16,69,34/29,1014.1,8,116.2
674,2011,1,臺北,17.5,29.7/12,7.2/27,63.4,7.5/70.0/15,17.6/70.0/15,70,33/28,1016.5,6,163.0
675,2011,1,鞍部,11.2,22.9/12,1.6/27,261.5,11.6/350.0/16,22.0/360.0/16,83,18/28,922.2,8,125.1
676,2011,1,竹子湖,12.9,24.4/12,2.1/26,224.2,9.1/20.0/15,18.0/330.0/16,77,13/28,947.1,9,151.7
677,2011,1,淡水,16.2,27.5/12,5.2/31,100.1,8.7/20.0/16,19.8/350.0/16,74,38/29,1015.1,6,158.5
678,2011,1,(原板橋),16.9,29.1/12,5.6/28,87.6,6.3/80.0/15,14.2/90.0/15,72,32/28,1015.9,8,166.6
679,2011,1,新竹,16.4,25.2/1,5.8/18,61.1,8.0/20.0/16,19.6/110.0/16,74,31/29,1013.2,6,177.0
680,2011,1,臺中,18.1,28.7/5,7.5/27,27.4,6.9/30.0/16,17.5/30.0/16,67,30/9,1005.5,3,201.3
681,2011,1,梧棲,17.3,25.6/13,8.3/18,24.0,17.0/360.0/16,35.7/40.0/16,71,34/30,1012.9,2,214.9
682,2011,1,日月潭,14.5,25.6/1,5.4/27,35.5,6.9/170.0/16,9.3/170.0/16,73,33/28,902.2,5,168.4
683,2011,1,嘉義,17.6,30.1/13,5.6/18,32.7,9.2/10.0/26,14.8/360.0/16,76,30/28,1012.2,3,206.1
684,2011,1,阿里山,7.3,18.1/12,-2.9/17,64.9,6.0/130.0/15,12.2/280.0/16,76,18/18,762.3,4,173.0
685,2011,1,玉山,-0.2,14.0/13,-11.3/17,52.1,16.8/280.0/16,31.5/300.0/16,56,14/20,639.1,4,241.1
686,2011,1,臺南,19.2,29.5/13,9.0/27,14.5,10.7/10.0/16,19.7/360.0/26,66,35/31,1012.6,1,205.5
687,2011,1,高雄,20.9,29.5/6,11.3/27,11.5,8.0/350.0/26,16.6/350.0/26,67,30/10,1014.3,1,188.5
688,2011,1,恆春,21.4,29.5/13,14.3/17,1.2,13.4/40.0/3,27.4/50.0/16,69,47/21,1011.5,2,175.8
689,2011,1,宜蘭,17.1,26.1/6,6.8/26,92.2,8.9/40.0/24,13.8/310.0/17,73,35/28,1016.3,10,137.1
690,2011,1,蘇澳,17.2,25.6/2,7.8/27,341.0,11.7/70.0/24,22.5/360.0/16,73,40/9,1014.1,11,109.3
691,2011,1,花蓮,18.8,26.6/2,10.5/28,20.2,12.4/40.0/16,23.7/50.0/16,66,40/9,1014.1,9,98.8
692,2011,1,成功,19.5,27.0/5,12.6/31,22.4,11.6/20.0/16,21.8/40.0/16,72,39/29,1011.5,13,82.0
693,2011,1,臺東,20.1,27.9/14,12.6/28,12.6,7.9/40.0/16,18.1/60.0/16,66,37/28,1014.4,6,113.9
694,2011,1,大武,20.8,28.3/13,12.8/27,13.3,8.3/20.0/14,14.5/350.0/16,68,42/28,1014.5,3,121.1
695,2011,1,蘭嶼,18.8,25.3/13,13.5/31,68.7,22.8/20.0/16,36.5/30.0/16,78,51/9,977.3,15,92.1
696,2011,1,馬祖,13.5,23.2/2,3.2/17,41.1,9.5/360.0/15,21.6/10.0/24,75,31/27,1008.7,6,180.0
697,2011,1,金門,14.8,25.8/6,3.2/17,34.1,8.1/60.0/24,18.1/50.0/15,73,27/31,1015.0,3,186.7
698,2011,1,澎湖,19.0,27.2/13,11.9/17,13.1,11.8/20.0/16,24.3/10.0/16,70,40/9,1014.7,2,188.1
699,2011,1,東吉島,19.9,26.3/13,13.2/16,10.5,24.3/20.0/16,32.8/10.0/16,69,38/30,1010.2,1,179.1
700,2011,2,彭佳嶼,12.7,20.8/14,6.3/16,104.0,17.8/10.0/15,26.4/360.0/15,80,57/1,1011.0,25,2.7
701,2011,2,基隆,13.6,18.4/14,8.4/16,431.7,13.0/10.0/15,21.3/10.0/15,79,47/1,1019.8,30,1.3
702,2011,2,臺北,13.7,20.9/14,7.9/16,71.9,8.3/80.0/22,15.2/80.0/22,83,54/1,1022.2,25,17.1
703,2011,2,鞍部,7.5,15.8/14,0.2/16,538.5,10.7/350.0/15,19.9/350.0/16,98,73/1,926.1,29,7.0
704,2011,2,竹子湖,9.2,17.8/14,1.8/16,412.7,8.2/20.0/20,17.6/10.0/21,93,62/1,951.3,29,34.3
705,2011,2,淡水,12.7,21.6/18,5.5/1,108.6,6.7/10.0/6,14.8/30.0/15,84,52/22,1020.8,19,22.9
706,2011,2,(原板橋),13.6,21.1/18,7.7/16,97.9,7.4/70.0/22,15.3/50.0/22,81,59/1,1021.5,25,28.4
707,2011,2,新竹,13.3,20.7/5,7.6/16,74.6,7.0/20.0/9,16.3/20.0/6,86,57/1,1018.3,16,49.1
708,2011,2,臺中,14.9,23.3/27,7.9/1,35.4,6.6/30.0/15,15.4/40.0/15,74,40/1,1009.7,5,129.1
709,2011,2,梧棲,13.8,22.0/5,7.9/12,24.2,15.0/10.0/15,28.4/40.0/15,79,46/1,1017.3,7,93.3
710,2011,2,日月潭,12.5,22.6/27,5.9/15,58.0,6.4/170.0/21,10.1/170.0/21,81,44/27,904.9,8,87.9
711,2011,2,嘉義,14.7,23.5/5,6.2/1,25.7,8.9/360.0/15,15.5/20.0/15,80,46/1,1016.5,7,115.7
712,2011,2,阿里山,5.5,12.2/14,-1.7/17,133.8,4.0/150.0/3,11.2/280.0/21,91,58/1,763.6,8,93.1
713,2011,2,玉山,-2.2,9.3/27,-9.3/31,25.0,16.4/280.0/7,25.6/280.0/24,78,15/8,639.1,5,164.1
714,2011,2,臺南,15.4,23.7/27,9.4/12,6.7,12.2/10.0/15,21.6/360.0/15,74,32/1,1016.8,4,113.5
715,2011,2,高雄,17.5,25.0/19,11.3/12,7.7,6.6/10.0/15,13.9/340.0/15,72,39/1,1018.4,5,130.2
716,2011,2,恆春,19.2,25.4/28,14.3/16,12.4,11.6/40.0/16,26.6/360.0/16,70,53/3,1015.3,5,109.5
717,2011,2,宜蘭,13.9,23.4/14,8.0/16,136.3,6.7/360.0/15,10.7/350.0/15,84,54/1,1021.9,28,19.9
718,2011,2,蘇澳,13.9,22.3/14,7.3/16,489.7,8.6/10.0/15,22.1/30.0/6,81,53/1,1019.6,28,12.6
719,2011,2,花蓮,16.4,23.8/14,11.4/17,18.1,13.6/40.0/15,24.0/40.0/15,71,51/1,1018.8,11,44.3
720,2011,2,成功,17.3,24.6/23,11.5/16,46.2,11.4/30.0/15,20.4/50.0/15,72,53/2,1015.7,14,39.8
721,2011,2,臺東,17.7,24.7/27,12.2/16,14.9,7.8/40.0/15,17.7/30.0/15,68,48/2,1018.6,6,51.9
722,2011,2,大武,18.8,25.4/28,13.8/17,23.8,8.2/30.0/15,15.7/20.0/16,68,45/2,1018.6,8,69.5
723,2011,2,蘭嶼,16.2,22.6/23,10.9/16,396.7,28.5/20.0/6,40.3/30.0/6,90,65/1,980.4,29,27.7
724,2011,2,馬祖,7.1,11.9/9,2.6/16,16.9,10.4/80.0/16,19.0/70.0/16,76,42/1,1015.6,8,45.7
725,2011,2,金門,10.6,19.1/14,4.0/17,3.1,8.5/80.0/29,19.9/50.0/16,70,34/16,1020.8,3,88.5
726,2011,2,澎湖,14.2,20.4/5,10.3/16,8.7,11.4/20.0/16,23.4/10.0/15,79,55/1,1019.6,4,29.1
727,2011,2,東吉島,15.5,20.3/5,11.4/16,14.0,22.4/20.0/15,31.6/360.0/15,78,52/1,1014.5,5,39.9
728,2011,3,彭佳嶼,16.1,23.4/26,9.2/14,57.7,17.4/120.0/16,25.8/110.0/16,78,46/5,1006.1,15,64.4
729,2011,3,基隆,16.3,25.4/26,10.0/14,267.2,11.0/10.0/11,16.9/20.0/11,79,40/8,1014.6,18,54.4
730,2011,3,臺北,16.9,28.0/27,10.2/14,68.0,8.3/90.0/5,14.7/80.0/5,78,43/6,1017.0,14,87.8
731,2011,3,鞍部,11.1,23.6/28,2.6/14,185.5,9.6/350.0/13,18.9/140.0/12,91,42/8,922.6,19,69.4
732,2011,3,竹子湖,12.7,24.8/28,4.3/14,122.2,8.0/20.0/19,17.8/20.0/17,88,32/6,947.4,15,80.2
733,2011,3,淡水,15.2,27.4/26,7.8/14,104.1,6.5/20.0/11,14.3/30.0/11,81,36/6,1015.7,13,79.7
734,2011,3,(原板橋),16.4,28.7/27,9.1/14,74.3,6.1/70.0/25,12.0/70.0/25,78,41/6,1016.4,13,91.2
735,2011,3,新竹,15.2,24.7/9,8.5/14,63.1,6.3/20.0/11,17.3/30.0/12,86,43/6,1014.0,9,94.6
736,2011,3,臺中,17.2,27.8/28,10.3/14,27.6,5.8/10.0/13,14.1/30.0/13,74,34/7,1006.4,8,162.4
737,2011,3,梧棲,15.1,25.5/8,9.3/14,33.3,13.2/350.0/13,24.3/40.0/11,83,47/8,1013.9,7,115.3
738,2011,3,日月潭,14.8,25.9/27,8.2/1,22.2,6.1/140.0/13,7.6/130.0/13,76,42/10,902.9,6,154.7
739,2011,3,嘉義,16.9,27.7/28,9.3/1,19.9,7.4/360.0/14,13.3/20.0/14,81,46/5,1013.2,5,157.0
740,2011,3,阿里山,6.7,16.5/28,-0.2/1,62.1,4.0/270.0/20,12.2/250.0/14,85,26/7,762.8,8,127.5
741,2011,3,玉山,-1.4,15.3/27,-10.3/3,40.7,16.5/240.0/7,31.9/270.0/7,71,14/5,639.0,6,170.1
742,2011,3,臺南,17.9,28.5/28,10.1/15,7.7,9.5/10.0/14,17.2/360.0/14,73,40/5,1013.8,4,186.5
743,2011,3,高雄,20.1,29.5/28,11.8/15,3.5,6.1/310.0/8,10.6/350.0/13,72,38/6,1015.3,2,212.8
744,2011,3,恆春,21.3,28.7/28,14.2/2,18.5,10.8/40.0/12,23.8/60.0/12,73,39/8,1012.6,4,164.5
745,2011,3,宜蘭,17.1,25.6/8,10.2/15,50.7,6.8/70.0/5,10.0/70.0/5,80,43/8,1016.8,15,81.8
746,2011,3,蘇澳,17.2,24.7/28,9.7/15,206.5,7.7/150.0/27,18.5/360.0/11,79,46/8,1014.6,13,85.4
747,2011,3,花蓮,18.7,26.3/28,12.1/1,57.8,12.6/40.0/11,20.3/40.0/11,73,46/7,1014.7,11,98.5
748,2011,3,成功,19.6,26.3/28,12.6/1,25.2,8.9/10.0/11,17.0/10.0/11,75,50/7,1012.0,13,75.6
749,2011,3,臺東,20.3,27.8/28,13.2/1,16.6,6.0/40.0/14,13.3/30.0/5,69,42/7,1015.0,6,124.1
750,2011,3,大武,20.8,28.5/17,14.4/13,26.3,8.6/30.0/25,16.3/40.0/25,71,44/7,1015.1,7,136.9
751,2011,3,蘭嶼,18.6,24.2/10,13.3/12,124.3,19.9/20.0/14,30.2/10.0/14,83,63/7,978.4,15,88.1
752,2011,3,馬祖,9.1,22.2/27,3.9/15,55.4,9.0/80.0/14,16.9/350.0/15,84,40/6,1010.0,10,87.4
753,2011,3,金門,12.6,24.6/26,5.4/15,19.1,7.9/70.0/9,17.1/60.0/15,77,41/1,1016.0,4,132.9
754,2011,3,澎湖,15.6,26.8/28,10.7/1,10.8,9.9/20.0/11,20.3/30.0/14,82,57/8,1016.0,5,98.2
755,2011,3,東吉島,17.3,25.2/28,12.2/1,19.5,19.5/20.0/14,25.7/20.0/14,79,52/9,1011.4,5,113.4
756,2011,4,彭佳嶼,15.2,25.1/21,10.2/4,99.3,16.2/10.0/7,22.6/10.0/7,75,39/29,1009.1,15,44.2
757,2011,4,基隆,15.7,28.1/14,11.2/4,243.1,9.8/10.0/7,16.4/10.0/22,74,45/17,1017.8,19,43.9
758,2011,4,臺北,16.2,30.7/20,10.4/28,119.1,8.6/80.0/2,17.3/80.0/17,74,35/29,1019.9,12,55.0
759,2011,4,鞍部,9.9,25.5/20,2.3/28,213.5,10.4/340.0/16,22.0/340.0/16,92,47/29,924.9,19,47.4
760,2011,4,竹子湖,11.5,26.8/20,4.2/28,193.6,9.4/20.0/15,19.1/20.0/1,88,45/29,949.4,19,57.7
761,2011,4,淡水,14.9,27.6/20,8.6/8,118.2,7.9/20.0/15,18.1/100.0/17,76,28/29,1018.5,14,58.4
762,2011,4,(原板橋),15.9,30.9/20,10.2/28,136.7,8.6/70.0/17,16.4/80.0/17,75,37/29,1019.2,11,58.5
763,2011,4,新竹,15.5,27.4/20,10.3/28,90.0,8.1/20.0/15,17.7/20.0/15,82,36/29,1016.0,10,52.4
764,2011,4,臺中,18.2,30.5/20,11.6/28,33.2,6.2/20.0/22,12.1/330.0/22,69,31/29,1008.0,8,109.6
765,2011,4,梧棲,16.3,27.1/20,11.0/27,33.2,14.9/10.0/2,28.5/360.0/16,75,42/30,1015.5,8,101.9
766,2011,4,日月潭,15.0,27.9/20,9.8/28,46.3,4.6/270.0/13,7.7/270.0/15,83,53/13,904.4,10,90.5
767,2011,4,嘉義,18.0,30.3/20,11.5/27,49.7,7.2/360.0/16,11.8/360.0/16,77,49/29,1014.8,7,99.0
768,2011,4,阿里山,8.6,19.0/20,3.5/3,93.8,3.5/150.0/1,8.9/290.0/7,88,30/30,764.5,9,107.0
769,2011,4,玉山,0.9,16.6/2,-6.2/28,75.6,13.9/290.0/19,25.8/280.0/20,77,18/29,641.2,6,150.6
770,2011,4,臺南,19.2,29.6/20,11.9/28,4.7,9.7/10.0/22,19.3/20.0/7,68,42/29,1015.3,3,135.5
771,2011,4,高雄,21.4,30.2/20,13.8/28,8.0,5.4/350.0/7,10.6/340.0/7,68,46/29,1017.1,4,140.2
772,2011,4,恆春,20.9,29.7/21,15.7/28,5.0,12.1/40.0/16,26.1/20.0/16,71,54/30,1014.5,3,138.9
773,2011,4,宜蘭,16.0,27.8/21,11.0/26,183.0,9.2/70.0/1,13.3/10.0/7,79,49/29,1019.9,19,47.7
774,2011,4,蘇澳,16.2,27.4/21,11.2/4,281.0,8.2/50.0/7,18.8/360.0/22,79,46/29,1017.8,21,45.6
775,2011,4,花蓮,17.8,26.4/1,13.3/9,95.7,11.4/40.0/15,18.5/40.0/15,74,40/29,1017.8,15,34.3
776,2011,4,成功,18.4,27.6/1,13.1/16,35.4,9.9/30.0/7,18.2/30.0/7,76,46/29,1014.8,14,13.9
777,2011,4,臺東,19.2,27.5/1,13.8/17,11.1,7.5/40.0/7,18.1/30.0/7,69,44/30,1017.8,11,15.5
778,2011,4,大武,20.0,27.3/1,15.1/28,23.6,8.3/30.0/7,15.0/30.0/22,70,44/30,1017.8,13,31.2
779,2011,4,蘭嶼,17.6,25.9/21,13.0/16,104.7,24.1/20.0/15,37.9/30.0/15,85,56/29,980.4,21,28.2
780,2011,4,馬祖,10.5,21.8/14,4.8/4,16.9,7.6/80.0/16,14.9/10.0/23,78,20/29,1012.5,10,86.4
781,2011,4,金門,13.9,31.6/21,8.0/5,16.0,9.1/70.0/7,18.4/60.0/22,66,20/29,1018.0,4,95.2
782,2011,4,澎湖,18.0,29.3/21,13.4/4,19.5,11.6/20.0/16,22.8/20.0/16,74,35/30,1017.5,6,90.8
783,2011,4,東吉島,18.9,27.9/21,14.6/4,21.1,21.4/20.0/16,28.4/360.0/16,73,34/29,1012.8,5,92.7
784,2011,5,彭佳嶼,19.9,26.7/27,12.8/4,24.8,15.9/270.0/27,20.0/270.0/27,78,42/24,1003.4,6,177.2
785,2011,5,基隆,20.5,34.3/27,12.2/6,70.3,8.1/230.0/27,13.7/260.0/27,71,16/24,1011.7,11,118.7
786,2011,5,臺北,21.7,34.4/27,13.7/4,27.4,9.0/80.0/9,16.9/70.0/19,68,18/24,1013.8,7,153.1
787,2011,5,鞍部,15.7,26.1/27,6.5/5,88.0,8.5/350.0/23,17.1/350.0/23,81,21/24,921.4,8,143.7
788,2011,5,竹子湖,17.3,28.4/27,8.1/5,63.5,8.7/20.0/11,20.9/10.0/11,81,15/24,945.2,6,142.6
789,2011,5,淡水,20.4,30.8/27,10.5/5,51.6,6.8/150.0/23,14.1/180.0/23,76,18/24,1012.5,9,160.2
790,2011,5,(原板橋),21.2,34.1/27,12.1/24,30.6,6.7/80.0/11,13.5/40.0/19,71,20/24,1013.3,8,147.5
791,2011,5,新竹,21.0,31.5/27,13.2/4,19.7,5.5/20.0/11,12.4/70.0/5,76,33/24,1011.0,8,151.9
792,2011,5,臺中,23.1,33.1/27,15.3/4,5.1,4.3/30.0/4,10.0/30.0/19,64,29/19,1004.0,5,150.6
793,2011,5,梧棲,21.8,30.0/27,14.3/4,2.3,13.4/360.0/23,21.0/360.0/23,74,39/23,1011.2,3,161.1
794,2011,5,日月潭,17.9,28.5/27,11.8/1,23.5,5.1/270.0/1,8.2/260.0/27,76,39/19,902.3,5,98.0
795,2011,5,嘉義,22.7,31.2/15,13.9/5,4.6,8.0/240.0/16,12.6/230.0/16,74,45/25,1010.8,3,180.2
796,2011,5,阿里山,9.8,18.3/28,1.3/20,28.7,4.5/270.0/17,11.5/270.0/17,81,20/20,764.3,7,136.3
797,2011,5,玉山,3.0,15.0/10,-5.8/19,38.0,20.0/220.0/29,28.2/230.0/29,68,14/20,641.7,4,197.4
798,2011,5,臺南,23.9,30.3/27,15.0/5,26.0,8.1/180.0/30,12.5/180.0/30,66,41/23,1011.5,3,187.4
799,2011,5,高雄,24.6,31.0/30,17.7/5,29.5,5.6/310.0/8,12.4/290.0/8,69,43/2,1013.6,3,195.3
800,2011,5,恆春,23.7,30.6/30,18.0/25,40.3,10.4/40.0/11,21.5/50.0/23,72,21/25,1011.1,1,141.2
801,2011,5,宜蘭,20.9,28.7/16,12.2/6,12.1,6.2/70.0/3,10.0/70.0/3,73,22/24,1014.0,7,142.3
802,2011,5,蘇澳,20.7,27.7/16,12.7/6,43.8,8.1/150.0/21,16.9/50.0/23,74,20/24,1012.0,13,114.8
803,2011,5,花蓮,21.5,29.3/27,14.5/6,64.2,9.8/40.0/23,15.3/50.0/23,71,34/24,1012.6,11,124.5
804,2011,5,成功,21.8,27.4/16,15.0/6,69.2,9.2/20.0/11,17.4/20.0/11,76,38/24,1010.1,16,85.4
805,2011,5,臺東,22.7,31.4/16,15.8/6,61.6,6.4/50.0/11,14.4/30.0/23,71,37/24,1013.2,13,117.7
806,2011,5,大武,23.1,35.1/16,17.5/25,76.3,8.2/170.0/26,16.6/20.0/11,70,36/16,1013.5,7,131.9
807,2011,5,蘭嶼,20.6,25.2/15,15.5/5,106.1,22.1/240.0/16,28.0/250.0/16,82,56/18,977.1,10,108.5
808,2011,5,馬祖,16.1,28.6/27,9.7/6,39.6,10.4/200.0/26,19.3/210.0/26,81,24/24,1005.7,5,150.7
809,2011,5,金門,18.6,28.8/24,11.4/6,21.7,8.6/80.0/3,17.3/80.0/5,76,22/24,1012.1,6,180.1
810,2011,5,澎湖,22.2,28.9/26,17.1/4,9.2,9.1/20.0/23,17.7/360.0/12,76,42/23,1013.1,3,187.7
811,2011,5,東吉島,22.4,27.9/15,18.0/4,35.5,15.9/20.0/23,21.4/10.0/4,75,45/19,1009.2,2,183.9
812,2011,6,彭佳嶼,22.6,29.2/11,17.3/3,238.2,20.1/360.0/28,28.1/10.0/28,88,57/30,998.5,15,124.7
813,2011,6,基隆,23.8,34.6/11,18.8/3,406.3,13.7/10.0/28,21.2/10.0/28,82,47/11,1006.7,18,96.4
814,2011,6,臺北,24.7,36.1/11,17.9/29,222.0,9.3/80.0/26,16.2/90.0/27,78,47/10,1008.9,18,94.2
815,2011,6,鞍部,19.1,27.9/9,12.0/28,491.0,13.2/350.0/28,25.6/350.0/28,93,56/30,918.2,18,63.6
816,2011,6,竹子湖,20.6,29.7/9,13.5/29,331.3,8.7/20.0/27,16.6/10.0/27,90,59/29,941.7,18,68.8
817,2011,6,淡水,23.5,32.2/26,15.8/29,309.5,6.6/20.0/28,17.5/50.0/28,86,57/18,1007.6,16,109.2
818,2011,6,(原板橋),24.5,35.8/11,16.7/29,253.6,8.0/240.0/11,15.1/250.0/11,78,50/11,1008.5,18,97.6
819,2011,6,新竹,24.3,34.3/11,17.5/30,220.4,6.6/20.0/27,18.6/10.0/27,84,53/31,1006.4,17,111.3
820,2011,6,臺中,26.0,35.6/12,20.1/17,95.0,6.8/20.0/28,16.4/200.0/23,74,38/29,999.7,16,118.8
821,2011,6,梧棲,24.9,32.8/11,18.4/30,75.1,15.8/360.0/28,27.9/50.0/28,80,50/29,1006.7,14,142.7
822,2011,6,日月潭,20.9,30.3/8,16.6/17,351.3,7.6/140.0/12,14.2/230.0/23,84,46/3,899.6,17,82.2
823,2011,6,嘉義,25.6,34.4/12,18.1/29,150.0,8.4/220.0/23,16.8/200.0/23,80,48/29,1006.5,9,143.1
824,2011,6,阿里山,13.1,20.1/6,8.0/20,468.3,6.3/220.0/17,12.9/220.0/17,89,36/7,763.8,21,86.0
825,2011,6,玉山,5.4,16.8/8,-0.3/22,405.7,22.0/230.0/31,31.4/220.0/31,84,14/29,642.7,23,97.2
826,2011,6,臺南,26.7,33.8/9,20.4/17,55.2,9.8/10.0/28,17.5/10.0/28,72,41/29,1007.1,5,167.7
827,2011,6,高雄,27.2,32.9/8,21.2/17,106.0,7.2/320.0/10,13.9/320.0/10,75,52/29,1009.0,7,186.8
828,2011,6,恆春,26.5,32.8/13,21.6/17,127.4,8.3/290.0/11,16.6/360.0/27,81,57/7,1006.4,12,150.8
829,2011,6,宜蘭,24.2,32.3/11,17.4/29,324.5,8.5/50.0/28,13.3/50.0/28,79,57/29,1008.8,16,105.2
830,2011,6,蘇澳,24.0,32.0/11,19.1/4,391.2,10.2/10.0/28,25.0/20.0/28,83,56/11,1007.0,20,78.6
831,2011,6,花蓮,24.7,31.5/12,19.5/17,180.4,9.5/30.0/28,17.2/30.0/28,79,58/30,1007.5,18,83.9
832,2011,6,成功,24.9,32.1/12,20.3/17,244.5,11.6/30.0/28,20.0/30.0/28,86,66/28,1004.9,22,74.4
833,2011,6,臺東,25.7,32.2/8,20.4/17,236.8,5.9/40.0/3,12.7/360.0/28,83,62/7,1008.1,22,86.9
834,2011,6,大武,26.1,34.5/6,20.5/17,164.6,7.4/30.0/27,13.7/20.0/28,80,46/6,1008.4,17,137.8
835,2011,6,蘭嶼,23.6,28.8/7,19.6/17,360.1,38.7/30.0/28,63.0/40.0/27,93,75/12,972.6,20,74.5
836,2011,6,馬祖,19.9,28.9/21,13.0/4,230.5,11.1/190.0/11,19.3/190.0/11,91,49/31,1001.0,17,132.1
837,2011,6,金門,22.1,31.2/9,15.2/4,90.6,7.2/70.0/3,14.4/70.0/3,88,41/30,1006.8,16,132.6
838,2011,6,澎湖,24.7,31.6/12,20.6/17,53.2,11.1/360.0/28,22.2/360.0/28,81,57/29,1008.5,8,132.8
839,2011,6,東吉島,24.8,29.9/12,21.5/17,78.6,20.8/360.0/28,27.5/360.0/28,81,60/29,1004.8,7,123.9
840,2011,7,彭佳嶼,26.4,31.3/9,21.9/1,294.7,25.9/300.0/25,35.9/300.0/25,89,67/5,995.2,8,212.1
841,2011,7,基隆,28.2,35.5/15,22.8/3,148.7,11.1/240.0/25,22.6/240.0/25,75,48/5,1003.1,11,167.9
842,2011,7,臺北,29.0,36.2/7,23.8/3,284.6,8.2/80.0/24,18.3/270.0/25,74,49/8,1005.4,13,145.7
843,2011,7,鞍部,22.7,28.6/19,18.7/1,469.0,17.3/350.0/25,28.6/350.0/25,88,57/6,916.2,12,114.7
844,2011,7,竹子湖,24.2,31.2/19,19.6/2,461.5,7.8/340.0/25,20.9/350.0/25,86,60/23,939.7,11,122.4
845,2011,7,淡水,27.9,35.2/27,22.2/3,175.2,6.4/340.0/25,16.0/330.0/25,80,51/23,1004.1,10,190.7
846,2011,7,(原板橋),28.6,35.9/8,23.1/30,354.4,7.9/270.0/25,17.6/270.0/25,74,54/16,1005.0,14,167.8
847,2011,7,新竹,28.5,36.4/24,23.5/2,174.4,6.5/280.0/8,18.8/280.0/5,76,52/6,1003.2,10,206.4
848,2011,7,臺中,29.1,35.7/15,23.1/2,151.3,5.0/180.0/26,12.5/200.0/11,71,49/6,997.3,11,182.8
849,2011,7,梧棲,28.6,34.0/11,22.8/2,42.2,10.9/250.0/12,17.8/10.0/24,77,50/6,1004.1,8,221.7
850,2011,7,日月潭,22.7,30.7/18,17.0/2,217.0,6.9/290.0/17,15.0/270.0/1,84,55/4,898.4,16,121.5
851,2011,7,嘉義,28.7,36.6/10,22.9/4,148.5,8.7/220.0/10,15.3/200.0/11,76,47/10,1004.1,12,205.1
852,2011,7,阿里山,14.7,21.7/24,10.3/1,333.6,6.4/360.0/25,13.9/150.0/2,84,25/4,763.7,18,138.3
853,2011,7,玉山,7.3,18.2/19,0.5/1,296.2,23.4/140.0/21,30.7/140.0/21,73,27/7,643.2,15,175.9
854,2011,7,臺南,29.1,35.4/20,23.4/28,304.0,10.8/200.0/10,18.9/190.0/10,72,46/20,1004.9,9,220.6
855,2011,7,高雄,29.3,35.8/9,23.5/28,392.0,7.7/150.0/10,14.9/150.0/9,76,54/9,1006.9,9,240.9
856,2011,7,恆春,28.3,33.6/14,23.4/4,339.4,7.8/290.0/25,18.2/280.0/25,83,44/4,1004.7,12,214.5
857,2011,7,宜蘭,27.7,34.3/10,23.0/4,149.2,7.3/110.0/20,13.4/100.0/20,80,58/28,1005.7,11,200.6
858,2011,7,蘇澳,28.1,33.1/8,22.9/3,74.3,9.4/160.0/22,18.6/210.0/28,78,55/28,1003.7,10,183.4
859,2011,7,花蓮,27.5,33.4/8,23.7/2,83.8,10.9/180.0/27,18.3/180.0/10,76,54/8,1004.7,8,213.9
860,2011,7,成功,27.3,32.7/23,23.8/1,307.8,10.2/20.0/24,18.3/30.0/24,85,66/23,1002.5,12,206.8
861,2011,7,臺東,28.2,33.4/5,23.2/1,469.7,7.2/200.0/12,16.6/180.0/12,80,57/4,1005.7,13,226.0
862,2011,7,大武,28.2,37.8/7,23.4/2,568.9,7.6/190.0/15,12.4/200.0/2,78,35/4,1006.2,14,221.9
863,2011,7,蘭嶼,25.3,29.3/16,21.9/1,251.1,22.8/20.0/24,33.3/240.0/25,91,72/24,971.3,14,85.6
864,2011,7,馬祖,26.0,34.1/26,19.5/3,58.1,11.0/200.0/4,19.9/210.0/4,89,62/26,996.1,12,150.6
865,2011,7,金門,27.4,38.4/24,22.0/3,114.7,10.3/250.0/25,17.2/170.0/28,89,45/24,1002.7,9,176.3
866,2011,7,澎湖,28.1,33.5/16,23.1/1,61.1,8.4/130.0/1,15.3/20.0/24,83,62/24,1005.9,8,251.1
867,2011,7,東吉島,27.9,32.2/24,24.0/1,92.2,15.1/210.0/11,21.0/210.0/11,83,69/9,1002.3,7,220.6
868,2011,8,彭佳嶼,27.9,32.1/20,24.7/15,47.0,16.8/260.0/20,25.9/100.0/27,84,69/5,994.2,8,296.4
869,2011,8,基隆,29.2,36.4/8,24.3/10,120.2,8.1/260.0/8,15.7/220.0/19,72,40/8,1002.1,12,242.2
870,2011,8,臺北,29.7,37.7/24,24.5/14,264.2,9.1/110.0/27,17.5/90.0/27,72,44/8,1004.3,14,181.7
871,2011,8,鞍部,23.1,29.9/24,19.7/15,140.5,9.2/190.0/28,24.1/160.0/27,87,49/8,915.4,11,140.7
872,2011,8,竹子湖,24.7,32.1/24,20.8/10,99.5,5.2/360.0/9,12.0/210.0/27,84,51/23,938.8,10,153.1
873,2011,8,淡水,28.3,35.7/28,23.5/15,120.5,8.5/150.0/27,17.2/160.0/27,77,51/27,1003.2,9,212.3
874,2011,8,(原板橋),29.2,37.6/24,23.8/17,186.7,8.6/250.0/19,15.6/240.0/19,71,49/24,1004.0,14,213.5
875,2011,8,新竹,28.8,34.2/27,24.2/14,169.8,5.4/280.0/20,13.6/280.0/20,76,54/9,1002.2,12,233.0
876,2011,8,臺中,28.8,35.3/28,23.7/14,300.6,5.8/240.0/16,12.1/260.0/16,73,48/9,996.3,13,188.5
877,2011,8,梧棲,28.8,33.4/29,24.8/14,110.9,9.3/260.0/8,15.4/180.0/18,76,56/15,1003.0,11,243.7
878,2011,8,日月潭,22.5,30.3/24,18.4/29,412.5,10.0/130.0/29,19.6/150.0/29,85,54/9,897.5,17,115.6
879,2011,8,嘉義,28.7,34.4/9,23.9/6,175.1,8.9/240.0/16,18.2/200.0/15,76,49/7,1003.0,16,208.6
880,2011,8,阿里山,14.5,22.3/28,9.7/4,956.1,4.5/290.0/19,12.9/280.0/19,89,42/5,762.8,25,112.0
881,2011,8,玉山,8.0,18.5/6,2.9/9,363.3,17.1/130.0/28,20.9/180.0/15,75,30/9,642.9,21,159.9
882,2011,8,臺南,28.7,34.7/29,24.0/14,401.5,9.1/200.0/15,18.5/200.0/15,75,49/27,1003.9,13,202.2
883,2011,8,高雄,28.7,33.9/26,24.5/15,543.0,7.0/170.0/10,14.4/220.0/20,79,55/25,1005.9,14,211.9
884,2011,8,恆春,28.0,33.1/31,24.1/10,443.2,8.2/60.0/27,16.4/50.0/27,80,58/6,1003.5,16,176.2
885,2011,8,宜蘭,28.6,35.3/9,24.4/18,32.9,8.3/140.0/27,17.1/150.0/28,77,51/9,1004.6,8,266.2
886,2011,8,蘇澳,28.4,32.8/4,24.5/1,59.4,10.5/160.0/14,18.0/170.0/28,76,53/6,1002.7,11,264.5
887,2011,8,花蓮,28.3,33.3/30,24.5/1,45.5,9.6/170.0/14,13.4/170.0/14,76,55/7,1003.6,8,269.5
888,2011,8,成功,27.7,32.7/22,23.9/1,131.3,9.2/220.0/13,15.9/230.0/13,83,66/9,1001.4,14,212.7
889,2011,8,臺東,28.6,33.5/26,24.3/14,198.3,6.8/200.0/15,12.6/200.0/15,78,54/26,1004.6,14,233.5
890,2011,8,大武,28.0,34.6/3,23.3/15,391.4,6.5/160.0/4,12.6/50.0/28,79,50/31,1005.0,12,214.5
891,2011,8,蘭嶼,25.4,29.5/5,22.4/13,248.1,21.3/250.0/18,32.5/260.0/18,90,65/8,970.0,12,149.1
892,2011,8,馬祖,27.4,34.5/30,24.2/17,33.8,10.2/210.0/5,19.1/220.0/5,87,59/30,995.1,7,265.0
893,2011,8,金門,27.5,33.9/28,24.0/16,122.4,6.9/260.0/18,13.0/180.0/16,90,62/28,1001.3,10,226.6
894,2011,8,澎湖,28.1,33.6/26,24.6/15,115.6,9.0/140.0/29,17.2/130.0/29,83,58/1,1004.9,12,278.2
895,2011,8,東吉島,28.1,32.1/31,22.8/29,253.1,20.4/140.0/29,28.8/140.0/29,81,64/4,1001.2,14,216.9
896,2011,9,彭佳嶼,28.2,33.1/21,24.0/28,68.1,23.1/110.0/28,30.6/120.0/28,83,62/23,994.9,5,287.0
897,2011,9,基隆,29.3,36.6/7,25.5/22,94.4,9.1/60.0/28,20.3/90.0/29,72,44/19,1002.8,12,223.2
898,2011,9,臺北,29.6,37.5/18,24.2/12,166.6,10.2/80.0/29,21.4/80.0/29,72,39/19,1004.8,17,195.7
899,2011,9,鞍部,23.0,29.6/19,19.0/3,172.0,12.5/350.0/5,30.9/190.0/29,87,53/19,915.9,11,125.3
900,2011,9,竹子湖,24.8,32.6/18,20.9/4,156.6,6.8/20.0/31,16.1/10.0/28,83,41/19,939.2,14,149.0
901,2011,9,淡水,28.7,36.2/26,24.1/4,93.0,6.4/140.0/27,20.3/110.0/29,74,45/25,1003.7,10,221.7
902,2011,9,(原板橋),29.3,37.0/1,24.1/12,178.6,9.2/80.0/29,19.0/60.0/29,70,45/19,1004.5,15,204.4
903,2011,9,新竹,29.2,37.2/26,25.1/6,62.7,7.0/60.0/29,17.2/50.0/28,74,53/26,1002.4,11,224.0
904,2011,9,臺中,29.0,35.1/26,23.9/8,256.3,5.7/200.0/30,12.7/200.0/30,72,47/17,996.3,12,169.6
905,2011,9,梧棲,29.2,34.1/25,24.0/31,75.0,11.5/170.0/31,21.2/150.0/30,75,44/25,1002.9,8,254.6
906,2011,9,日月潭,22.8,30.7/18,18.6/19,241.0,7.1/290.0/10,12.6/90.0/29,84,55/18,897.5,15,136.4
907,2011,9,嘉義,29.0,36.6/27,24.0/30,112.8,8.6/170.0/30,16.8/160.0/30,75,44/27,1003.0,11,215.0
908,2011,9,阿里山,14.3,21.0/14,9.6/22,648.0,6.1/170.0/29,19.3/180.0/29,87,44/13,762.9,21,130.9
909,2011,9,玉山,7.3,18.2/3,1.5/31,485.6,23.0/250.0/30,35.3/130.0/29,75,37/3,642.8,20,158.4
910,2011,9,臺南,29.5,35.4/27,24.7/30,172.3,10.8/210.0/29,21.3/220.0/29,72,48/4,1003.7,10,224.3
911,2011,9,高雄,29.4,34.0/15,25.0/30,367.5,9.4/270.0/29,21.4/250.0/29,76,53/18,1005.8,10,235.6
912,2011,9,恆春,28.1,33.7/16,23.3/30,1154.7,13.7/20.0/28,32.6/260.0/29,81,51/22,1003.3,14,191.8
913,2011,9,宜蘭,29.0,37.0/6,24.0/27,211.7,10.3/90.0/28,18.9/100.0/28,74,42/4,1005.3,6,256.7
914,2011,9,蘇澳,28.7,34.7/5,23.9/27,246.5,12.6/120.0/29,21.1/100.0/28,73,45/4,1003.1,8,243.6
915,2011,9,花蓮,28.7,34.2/26,24.1/28,375.0,11.4/130.0/29,16.4/170.0/28,72,51/25,1003.9,7,253.5
916,2011,9,成功,28.2,34.6/26,23.7/27,359.8,11.8/220.0/30,22.3/210.0/30,79,55/25,1001.6,10,239.5
917,2011,9,臺東,28.9,33.9/26,24.5/31,377.0,7.9/50.0/29,17.0/30.0/28,75,52/26,1004.8,9,248.1
918,2011,9,大武,28.3,35.7/7,23.3/31,525.0,13.4/30.0/28,29.1/40.0/29,76,53/7,1005.1,8,239.6
919,2011,9,蘭嶼,25.9,30.2/5,21.8/30,384.8,30.0/60.0/28,41.9/200.0/29,89,68/3,970.0,13,195.3
920,2011,9,馬祖,27.8,35.0/6,23.4/31,71.6,10.9/200.0/16,19.2/40.0/29,85,47/19,996.2,9,258.0
921,2011,9,金門,28.3,37.0/27,24.0/30,185.4,8.8/350.0/29,18.3/70.0/28,85,49/26,1002.2,6,255.1
922,2011,9,澎湖,29.0,34.1/17,24.3/31,142.2,11.1/260.0/30,21.1/350.0/29,80,57/19,1005.0,5,293.8
923,2011,9,東吉島,28.8,34.3/24,24.2/30,194.1,20.0/220.0/30,25.8/220.0/30,78,56/20,1001.1,7,266.5
924,2011,10,彭佳嶼,25.9,31.4/17,21.1/6,11.8,16.6/110.0/28,23.8/110.0/28,80,55/22,998.1,5,206.5
925,2011,10,基隆,26.8,31.3/29,22.0/19,52.7,10.0/10.0/19,15.3/10.0/19,75,50/7,1006.2,13,145.4
926,2011,10,臺北,27.6,35.6/29,22.7/6,51.6,9.5/100.0/28,21.3/120.0/28,70,48/10,1008.2,9,170.0
927,2011,10,鞍部,20.5,27.5/29,15.4/23,180.0,11.0/180.0/28,27.5/140.0/28,87,30/5,918.2,14,111.8
928,2011,10,竹子湖,22.5,30.5/29,16.9/20,161.6,7.3/10.0/23,15.0/20.0/23,80,35/6,941.8,12,138.2
929,2011,10,淡水,26.9,35.9/15,20.6/20,25.1,7.4/130.0/28,18.7/100.0/28,74,51/10,1006.9,6,186.2
930,2011,10,(原板橋),27.5,35.3/29,21.3/6,48.9,9.1/80.0/28,15.4/80.0/28,66,50/9,1007.8,6,173.7
931,2011,10,新竹,27.7,35.4/11,21.8/6,9.7,7.2/20.0/12,17.7/10.0/26,72,50/6,1005.2,2,208.5
932,2011,10,臺中,28.0,34.3/4,22.6/23,99.3,4.9/30.0/18,11.9/170.0/1,70,47/4,998.5,9,172.6
933,2011,10,梧棲,27.5,33.3/4,21.9/24,6.9,13.2/360.0/18,21.1/360.0/18,75,50/6,1005.4,5,217.2
934,2011,10,日月潭,22.2,29.9/27,18.6/17,73.5,6.1/280.0/2,13.1/140.0/27,84,48/27,899.1,9,124.9
935,2011,10,嘉義,27.5,34.1/10,21.2/22,109.5,7.2/100.0/11,11.2/240.0/15,77,53/6,1005.3,8,191.1
936,2011,10,阿里山,13.6,22.1/27,8.0/21,164.6,3.9/100.0/28,9.8/110.0/28,90,30/18,763.8,12,105.3
937,2011,10,玉山,7.5,20.0/17,2.6/13,45.8,23.6/120.0/27,31.3/130.0/27,68,17/5,643.4,10,174.2
938,2011,10,臺南,28.7,34.0/30,22.9/22,5.0,6.9/310.0/21,11.6/340.0/30,69,44/10,1005.9,2,180.4
939,2011,10,高雄,28.7,33.7/29,25.1/13,71.5,5.7/310.0/30,9.1/300.0/30,75,55/7,1007.9,8,192.0
940,2011,10,恆春,27.5,32.3/13,22.8/7,101.9,11.0/40.0/27,21.8/20.0/27,76,55/6,1005.5,12,159.0
941,2011,10,宜蘭,26.5,34.2/16,20.7/22,44.6,7.8/20.0/19,13.3/120.0/28,75,52/16,1008.5,11,178.1
942,2011,10,蘇澳,26.4,32.3/1,20.7/22,141.8,7.8/90.0/30,17.6/90.0/18,75,38/6,1006.5,16,169.9
943,2011,10,花蓮,26.8,32.2/12,21.8/22,148.0,7.6/230.0/2,12.4/80.0/12,73,43/6,1007.0,8,170.2
944,2011,10,成功,26.8,32.1/30,23.1/20,180.2,8.7/40.0/12,14.4/20.0/13,78,49/6,1004.4,12,141.4
945,2011,10,臺東,27.3,32.4/2,22.9/22,110.5,6.3/60.0/12,14.4/40.0/12,76,53/6,1007.6,11,150.9
946,2011,10,大武,27.0,33.5/1,21.9/7,146.9,9.1/30.0/27,18.3/40.0/27,76,52/30,1007.8,14,154.0
947,2011,10,蘭嶼,24.9,30.2/29,21.4/24,230.6,24.1/20.0/14,34.1/20.0/14,90,69/6,972.1,18,129.8
948,2011,10,馬祖,25.9,33.4/16,20.7/24,4.5,9.3/70.0/18,20.3/40.0/30,79,47/23,1000.0,3,152.6
949,2011,10,金門,26.7,33.4/27,21.5/24,36.9,8.2/70.0/30,18.4/50.0/30,78,50/23,1005.9,3,161.1
950,2011,10,澎湖,27.6,32.8/14,24.5/21,0.7,9.1/20.0/23,18.4/10.0/30,78,58/22,1007.7,2,212.2
951,2011,10,東吉島,27.2,31.7/10,24.4/23,2.2,14.3/20.0/23,19.5/360.0/27,81,62/19,1003.5,2,190.0
952,2011,11,彭佳嶼,23.4,28.9/11,18.8/26,154.6,19.8/40.0/3,27.6/40.0/3,77,40/16,1003.8,15,104.0
953,2011,11,基隆,23.8,31.7/13,20.1/3,473.2,12.7/10.0/3,20.5/20.0/3,79,58/16,1012.1,21,24.4
954,2011,11,臺北,24.1,32.6/13,19.5/25,92.6,8.6/80.0/1,19.3/90.0/2,76,51/17,1014.2,13,53.3
955,2011,11,鞍部,17.6,26.1/13,12.8/26,885.5,10.5/340.0/3,26.9/350.0/3,92,61/24,922.7,24,40.5
956,2011,11,竹子湖,19.4,27.5/13,14.2/26,878.0,8.6/20.0/16,17.1/360.0/2,87,53/24,946.6,24,74.2
957,2011,11,淡水,23.2,30.3/8,17.7/30,158.5,7.0/10.0/2,16.7/330.0/3,79,51/17,1012.8,14,77.9
958,2011,11,(原板橋),24.0,32.0/11,19.5/25,101.4,7.3/60.0/2,14.7/60.0/1,72,53/17,1013.8,13,67.6
959,2011,11,新竹,24.5,31.8/9,19.8/25,48.0,7.3/60.0/2,20.6/50.0/2,77,47/17,1010.8,9,156.6
960,2011,11,臺中,25.9,32.8/1,20.3/28,13.3,5.3/30.0/3,10.3/330.0/25,70,45/18,1003.2,5,188.6
961,2011,11,梧棲,24.3,29.8/1,19.7/27,14.7,14.1/360.0/25,26.3/40.0/3,76,53/17,1010.1,6,187.6
962,2011,11,日月潭,20.9,30.4/1,16.1/28,56.0,4.7/270.0/4,8.5/150.0/1,83,47/1,902.6,10,123.3
963,2011,11,嘉義,24.8,32.4/1,18.4/28,25.8,6.0/360.0/3,9.4/360.0/3,80,58/19,1009.9,5,166.5
964,2011,11,阿里山,12.1,21.9/27,5.0/27,248.1,4.2/150.0/14,8.0/120.0/24,91,43/31,766.2,14,90.3
965,2011,11,玉山,5.6,17.0/24,-0.3/27,312.0,17.5/130.0/9,27.4/260.0/14,74,17/24,644.7,15,147.2
966,2011,11,臺南,26.2,32.2/10,20.6/27,27.8,6.3/10.0/3,10.9/360.0/3,72,48/20,1010.4,7,165.2
967,2011,11,高雄,26.9,32.3/10,22.8/28,55.0,4.7/310.0/24,7.8/310.0/20,76,56/20,1012.4,7,167.4
968,2011,11,恆春,26.2,31.4/4,22.8/21,190.2,11.5/30.0/2,25.3/60.0/2,74,46/20,1009.8,9,154.2
969,2011,11,宜蘭,23.2,30.5/14,19.2/25,579.6,12.4/40.0/3,21.0/50.0/3,81,59/17,1014.3,23,33.5
970,2011,11,蘇澳,23.4,29.6/14,19.1/25,907.2,14.1/80.0/3,24.6/60.0/3,83,57/17,1012.3,25,33.3
971,2011,11,花蓮,24.6,30.3/4,20.1/20,487.0,11.8/20.0/2,22.6/10.0/2,75,50/18,1012.4,15,70.6
972,2011,11,成功,25.0,30.5/4,20.5/20,580.3,10.5/10.0/3,19.1/40.0/25,77,54/20,1009.4,13,104.5
973,2011,11,臺東,25.4,30.9/13,21.4/26,404.6,7.4/40.0/2,17.3/50.0/2,76,51/20,1012.4,15,122.2
974,2011,11,大武,25.5,30.8/24,19.9/27,293.4,9.4/30.0/2,20.4/20.0/2,77,46/31,1012.7,15,137.4
975,2011,11,蘭嶼,23.3,27.7/12,20.4/28,435.4,23.0/20.0/31,32.5/350.0/26,90,71/31,976.0,22,73.6
976,2011,11,馬祖,21.2,27.7/14,15.1/26,61.5,10.7/20.0/3,25.1/10.0/2,79,47/15,1006.6,10,123.0
977,2011,11,金門,23.5,32.1/14,18.3/27,1.5,11.2/50.0/3,28.2/20.0/3,68,40/19,1012.2,3,173.2
978,2011,11,澎湖,25.0,30.1/13,22.0/26,7.5,13.1/20.0/3,26.3/30.0/3,75,55/17,1012.4,2,137.5
979,2011,11,東吉島,25.1,29.3/13,22.6/26,17.9,22.0/20.0/3,29.6/20.0/2,80,62/16,1007.9,3,123.0
980,2011,12,彭佳嶼,16.3,24.7/7,10.6/24,127.6,17.8/10.0/1,25.8/360.0/1,77,50/25,1010.1,20,30.5
981,2011,12,基隆,16.7,29.8/7,11.9/24,523.1,12.0/10.0/1,19.6/360.0/1,82,51/24,1019.0,27,17.2
982,2011,12,臺北,16.7,30.4/7,10.8/24,159.4,7.2/80.0/4,13.9/80.0/25,82,55/4,1021.1,20,24.1
983,2011,12,鞍部,10.5,23.3/7,3.5/24,728.5,9.8/180.0/7,22.4/320.0/8,95,67/28,926.4,27,18.7
984,2011,12,竹子湖,12.2,25.9/7,5.8/24,645.0,8.9/20.0/15,18.7/360.0/12,92,65/3,951.0,26,44.8
985,2011,12,淡水,15.8,28.3/7,8.5/24,211.9,7.5/150.0/6,16.6/160.0/6,84,54/4,1019.6,22,34.7
986,2011,12,(原板橋),16.7,31.2/7,10.9/24,183.9,6.8/60.0/4,14.2/70.0/4,78,49/4,1020.6,19,33.7
987,2011,12,新竹,16.6,28.1/6,11.0/24,69.1,7.3/20.0/16,19.1/10.0/19,82,52/4,1017.1,14,77.7
988,2011,12,臺中,17.8,27.5/6,9.6/25,37.1,6.1/10.0/8,11.4/360.0/16,72,43/27,1008.6,7,139.4
989,2011,12,梧棲,17.0,23.7/6,11.5/26,29.1,16.1/10.0/8,31.0/50.0/9,76,52/3,1016.2,5,112.9
990,2011,12,日月潭,14.9,24.9/7,8.0/24,47.0,5.7/160.0/12,8.0/270.0/29,83,46/28,905.1,10,103.4
991,2011,12,嘉義,17.8,27.4/7,9.1/25,19.5,7.2/360.0/24,11.7/10.0/8,78,51/3,1015.5,8,87.6
992,2011,12,阿里山,7.8,17.3/14,-0.7/26,126.0,4.1/140.0/19,11.1/160.0/5,88,13/4,765.9,16,86.6
993,2011,12,玉山,1.8,13.7/7,-7.5/24,90.8,18.1/210.0/5,25.7/240.0/5,72,15/3,642.2,10,169.2
994,2011,12,臺南,18.4,28.1/6,11.5/25,4.4,9.3/10.0/9,16.3/10.0/2,75,48/3,1015.9,3,92.7
995,2011,12,高雄,20.0,28.7/7,13.6/24,40.5,5.8/350.0/2,11.9/20.0/3,75,49/24,1017.8,6,93.4
996,2011,12,恆春,21.2,28.8/7,16.5/24,29.9,13.2/40.0/9,31.4/30.0/9,72,52/4,1014.6,8,106.6
997,2011,12,宜蘭,16.6,28.8/7,11.0/25,434.5,6.0/350.0/2,10.4/30.0/24,83,55/3,1020.9,23,21.0
998,2011,12,蘇澳,16.6,28.7/7,11.8/24,840.3,8.3/70.0/8,18.9/10.0/8,85,47/4,1018.9,29,24.5
999,2011,12,花蓮,18.9,26.5/7,14.1/25,126.5,10.8/40.0/16,18.1/60.0/8,74,40/4,1018.3,17,28.5
1000,2011,12,成功,19.5,27.8/7,13.3/24,60.8,12.0/30.0/9,20.6/360.0/8,75,48/4,1015.1,21,29.6
1001,2011,12,臺東,19.9,28.4/7,14.2/24,50.5,7.9/40.0/8,16.3/60.0/8,74,46/4,1018.1,14,44.7
1002,2011,12,大武,20.8,29.2/7,14.7/24,50.9,8.9/30.0/9,16.5/30.0/9,72,46/5,1018.0,15,57.4
1003,2011,12,蘭嶼,18.4,24.7/7,14.3/25,378.5,26.5/20.0/10,40.0/30.0/11,91,64/4,979.9,29,15.1
1004,2011,12,馬祖,12.0,19.6/7,6.8/17,18.8,8.1/50.0/1,18.5/20.0/9,73,43/10,1013.7,7,59.9
1005,2011,12,金門,14.9,26.5/7,7.9/25,1.0,8.4/60.0/16,19.1/70.0/16,66,36/24,1019.3,1,124.9
1006,2011,12,澎湖,17.8,23.0/1,13.4/24,19.2,12.1/20.0/8,25.6/360.0/8,75,55/3,1018.6,5,52.6
1007,2011,12,東吉島,18.5,23.4/1,14.1/24,8.2,22.4/20.0/9,31.6/10.0/9,78,56/24,1013.4,3,49.3
1008,2012,1,彭佳嶼,16.9,25.4/15,6.8/30,227.6,22.5/170.0/27,31.1/180.0/27,81,53/6,1007.9,22,62.0
1009,2012,1,基隆,17.7,27.4/15,8.9/30,503.4,11.5/10.0/29,20.3/20.0/30,78,53/6,1016.4,24,43.6
1010,2012,1,臺北,17.8,27.8/15,8.6/30,189.4,9.2/80.0/6,16.7/80.0/6,77,56/14,1018.6,18,74.1
1011,2012,1,鞍部,11.6,22.1/14,0.1/30,500.5,11.4/360.0/30,20.3/360.0/30,94,62/21,924.7,24,46.0
1012,2012,1,竹子湖,13.2,23.4/14,2.3/30,332.5,9.6/20.0/30,18.6/40.0/29,89,69/31,949.3,23,75.8
1013,2012,1,淡水,17.0,27.2/29,7.3/30,211.0,8.8/20.0/29,18.5/140.0/13,84,53/24,1017.1,16,83.9
1014,2012,1,(原板橋),17.7,28.6/14,8.8/31,227.0,7.8/100.0/6,15.6/90.0/4,75,44/14,1018.1,16,87.7
1015,2012,1,新竹,17.3,26.8/14,8.2/30,146.9,6.2/20.0/22,15.4/20.0/12,82,50/20,1015.0,12,102.7
1016,2012,1,臺中,18.4,28.3/16,9.0/31,71.1,6.1/10.0/30,13.5/10.0/30,73,41/20,1007.3,13,143.6
1017,2012,1,梧棲,17.6,26.4/15,8.4/31,60.0,13.4/360.0/23,28.3/350.0/23,81,56/14,1014.8,12,142.6
1018,2012,1,日月潭,15.1,25.4/14,5.6/30,95.0,6.8/150.0/5,16.0/170.0/24,88,36/21,904.2,12,122.2
1019,2012,1,嘉義,18.4,29.7/16,8.6/31,42.8,8.9/10.0/30,14.8/360.0/30,81,45/20,1013.9,7,121.1
1020,2012,1,阿里山,8.1,16.6/29,2.0/20,153.7,4.8/150.0/4,10.9/230.0/30,85,29/19,765.5,10,118.3
1021,2012,1,玉山,0.1,10.9/14,-8.1/12,242.5,15.5/220.0/8,29.4/290.0/5,76,14/19,641.1,9,137.3
1022,2012,1,臺南,19.5,29.4/16,9.5/31,18.0,12.4/20.0/30,22.4/20.0/30,72,41/14,1014.2,6,148.7
1023,2012,1,高雄,21.1,29.6/16,11.0/31,18.5,7.7/360.0/30,17.7/10.0/30,74,47/28,1016.5,4,160.7
1024,2012,1,恆春,22.2,29.1/16,15.6/31,25.2,11.6/20.0/30,24.5/40.0/6,73,55/16,1013.9,8,134.8
1025,2012,1,宜蘭,17.3,26.3/15,7.7/31,323.1,8.2/360.0/30,16.2/10.0/30,86,56/15,1018.9,23,42.5
1026,2012,1,蘇澳,17.5,27.0/15,8.5/30,756.9,10.2/80.0/8,24.2/30.0/30,85,58/31,1016.5,25,38.2
1027,2012,1,花蓮,18.8,26.6/2,10.5/31,193.0,11.8/40.0/30,23.2/30.0/30,78,53/6,1016.6,20,48.0
1028,2012,1,成功,19.5,27.6/2,11.8/31,210.0,11.3/20.0/30,20.8/20.0/30,81,59/19,1013.6,24,51.1
1029,2012,1,臺東,20.3,28.1/2,11.9/31,89.9,9.1/50.0/30,19.1/40.0/30,76,55/19,1017.2,13,58.0
1030,2012,1,大武,21.4,28.6/2,14.3/30,86.8,10.6/30.0/30,21.2/40.0/30,71,50/20,1016.5,15,79.0
1031,2012,1,蘭嶼,19.3,27.5/2,12.8/30,329.6,26.1/30.0/30,40.8/30.0/30,87,70/11,979.4,27,48.0
1032,2012,1,馬祖,12.3,22.9/15,3.7/31,80.1,8.4/360.0/1,19.4/360.0/1,78,46/31,1010.7,13,77.4
1033,2012,1,金門,15.2,23.7/15,4.7/31,81.6,7.8/350.0/30,16.8/30.0/6,77,47/31,1016.9,9,109.0
1034,2012,1,澎湖,19.0,27.0/15,11.4/31,47.6,10.4/20.0/30,22.3/10.0/23,77,57/31,1016.6,10,107.3
1035,2012,1,東吉島,19.8,26.2/16,12.1/31,42.8,21.2/360.0/30,29.1/360.0/23,75,55/30,1012.1,6,110.8
1036,2012,2,彭佳嶼,15.3,22.7/14,9.0/5,166.6,17.4/10.0/16,24.3/10.0/16,80,52/2,1008.2,20,24.5
1037,2012,2,基隆,15.5,24.1/18,9.5/4,533.4,11.0/10.0/3,16.9/10.0/23,85,54/2,1017.1,27,14.6
1038,2012,2,臺北,15.9,25.7/18,9.3/4,157.4,7.9/90.0/12,15.5/80.0/12,86,53/18,1019.3,16,23.0
1039,2012,2,鞍部,9.9,19.1/14,2.3/4,455.0,12.5/350.0/16,19.5/350.0/16,96,66/18,924.6,26,25.5
1040,2012,2,竹子湖,11.6,21.1/18,4.2/4,372.0,8.6/20.0/3,17.1/20.0/3,94,70/18,949.2,26,37.4
1041,2012,2,淡水,14.9,23.6/18,8.2/4,185.1,6.6/20.0/3,14.1/20.0/16,90,59/17,1017.9,18,27.0
1042,2012,2,(原板橋),15.8,25.9/18,9.1/4,188.3,7.0/80.0/12,12.9/70.0/17,81,44/18,1018.8,15,26.8
1043,2012,2,新竹,15.3,22.6/19,9.0/4,140.6,7.0/30.0/7,18.1/20.0/7,87,58/17,1016.0,15,44.1
1044,2012,2,臺中,16.6,25.9/18,10.8/4,57.1,5.0/10.0/4,10.9/360.0/1,75,47/18,1008.0,10,142.9
1045,2012,2,梧棲,15.5,23.0/19,10.2/5,62.6,14.7/360.0/1,26.6/60.0/4,83,59/2,1015.6,10,101.7
1046,2012,2,日月潭,14.1,22.5/28,7.9/3,77.5,7.3/160.0/16,11.6/160.0/16,82,33/17,904.2,10,127.3
1047,2012,2,嘉義,16.6,26.6/15,10.6/5,23.0,6.5/40.0/16,10.2/350.0/16,80,53/11,1014.8,10,96.5
1048,2012,2,阿里山,6.5,15.5/15,0.6/19,114.4,4.8/280.0/16,12.7/280.0/16,83,17/28,764.7,14,111.9
1049,2012,2,玉山,-1.5,11.3/10,-7.7/27,63.1,17.0/270.0/2,29.0/280.0/18,76,14/17,640.1,8,137.5
1050,2012,2,臺南,17.2,27.2/15,11.2/5,5.5,9.2/20.0/16,16.1/10.0/16,79,55/19,1015.4,5,144.9
1051,2012,2,高雄,19.3,28.3/19,13.3/5,T,6.7/350.0/16,13.3/350.0/16,75,49/28,1017.1,0,177.1
1052,2012,2,恆春,21.0,28.2/28,15.9/27,0,11.9/40.0/11,25.3/30.0/4,74,49/16,1014.0,0,185.4
1053,2012,2,宜蘭,16.1,24.7/16,10.0/4,175.1,11.3/320.0/16,20.0/320.0/16,83,52/16,1018.9,20,38.4
1054,2012,2,蘇澳,16.0,23.6/16,9.7/4,351.2,8.3/10.0/25,18.8/30.0/25,84,52/18,1017.0,26,37.3
1055,2012,2,花蓮,17.8,24.8/8,12.7/5,53.0,10.2/40.0/25,18.4/40.0/25,77,54/18,1016.7,15,48.3
1056,2012,2,成功,18.8,25.8/28,13.4/26,60.3,10.5/30.0/9,17.9/30.0/9,78,59/27,1013.7,13,52.8
1057,2012,2,臺東,19.4,26.9/15,13.4/26,22.3,6.6/50.0/9,15.1/60.0/16,75,49/27,1016.8,9,87.2
1058,2012,2,大武,20.2,28.0/15,15.3/3,11.4,8.1/30.0/15,14.3/30.0/4,74,53/3,1016.9,9,111.0
1059,2012,2,蘭嶼,18.1,23.1/21,13.5/4,184.8,23.6/20.0/7,33.2/30.0/7,91,71/3,979.5,24,46.3
1060,2012,2,馬祖,8.9,15.2/18,2.3/5,179.5,7.3/360.0/7,17.1/10.0/22,86,52/4,1012.0,16,29.5
1061,2012,2,金門,12.1,21.0/8,5.7/5,60.6,7.2/70.0/1,17.4/60.0/11,82,52/1,1018.2,12,70.6
1062,2012,2,澎湖,15.1,21.5/19,11.3/23,10.5,10.7/20.0/4,21.9/20.0/22,82,63/2,1017.9,9,24.2
1063,2012,2,東吉島,16.1,20.7/19,12.1/23,13.8,19.9/20.0/23,27.5/20.0/23,84,69/2,1013.0,9,38.8
1064,2012,3,彭佳嶼,15.6,24.1/14,8.5/8,243.7,18.8/160.0/12,26.2/10.0/7,83,63/9,1006.4,21,23.4
1065,2012,3,基隆,15.7,26.6/21,9.8/8,545.7,11.7/10.0/7,18.4/10.0/7,87,57/21,1015.3,24,34.9
1066,2012,3,臺北,16.3,28.4/6,9.5/8,268.8,8.3/90.0/29,15.3/80.0/2,85,51/13,1017.4,15,43.7
1067,2012,3,鞍部,10.9,22.9/22,3.2/8,424.0,10.1/150.0/20,22.6/190.0/20,94,60/13,923.1,24,39.5
1068,2012,3,竹子湖,12.5,24.6/22,4.9/8,330.5,9.2/20.0/24,19.4/10.0/25,93,57/13,947.6,22,52.3
1069,2012,3,淡水,14.2,25.7/12,8.4/8,192.0,7.1/150.0/20,17.1/150.0/20,87,63/12,1015.5,19,42.0
1070,2012,3,(原板橋),16.2,28.5/6,9.4/8,323.5,6.3/60.0/2,13.9/90.0/2,80,42/22,1016.9,18,61.3
1071,2012,3,新竹,14.9,26.2/13,8.8/8,228.9,7.6/20.0/2,17.4/30.0/2,91,51/13,1014.2,17,48.3
1072,2012,3,臺中,16.7,28.6/23,10.1/9,77.2,5.7/10.0/2,12.6/340.0/28,75,44/13,1006.3,10,104.1
1073,2012,3,梧棲,14.4,27.3/23,9.1/8,95.6,17.1/360.0/2,28.3/10.0/2,86,59/13,1013.9,9,48.5
1074,2012,3,日月潭,15.4,25.4/22,9.1/18,87.5,6.1/280.0/28,11.4/290.0/25,80,45/18,903.0,11,105.0
1075,2012,3,嘉義,16.6,29.9/6,9.9/9,77.9,7.3/10.0/13,12.8/360.0/13,80,48/6,1013.1,10,84.0
1076,2012,3,阿里山,7.9,16.7/13,2.1/4,158.6,5.4/290.0/24,13.2/280.0/24,89,20/13,764.1,13,85.5
1077,2012,3,玉山,0,13.6/14,-6.5/2,146.0,16.3/310.0/28,31.1/290.0/28,84,20/14,640.3,13,123.8
1078,2012,3,臺南,17.6,28.9/14,10.7/9,40.0,9.3/190.0/6,17.0/20.0/28,79,50/13,1013.8,7,125.0
1079,2012,3,高雄,20.0,29.7/15,12.7/9,30.5,7.5/350.0/28,15.3/340.0/28,75,45/13,1015.5,7,165.0
1080,2012,3,恆春,21.3,29.3/24,16.0/8,73.0,10.9/40.0/2,24.2/40.0/8,78,56/4,1012.0,11,117.0
1081,2012,3,宜蘭,16.8,27.3/14,10.0/9,199.0,7.3/20.0/7,12.7/150.0/12,82,64/10,1017.1,20,61.5
1082,2012,3,蘇澳,16.2,26.9/14,10.1/8,479.0,9.0/10.0/7,20.0/190.0/7,85,58/10,1014.8,26,32.0
1083,2012,3,花蓮,18.7,27.1/13,12.4/9,98.5,10.7/40.0/7,18.1/30.0/7,77,57/10,1015.1,14,42.7
1084,2012,3,成功,19.8,28.2/15,14.1/8,82.6,11.4/20.0/7,19.9/60.0/7,79,59/3,1012.1,18,54.0
1085,2012,3,臺東,20.2,28.3/6,13.6/9,82.7,8.3/40.0/7,16.3/200.0/6,74,48/5,1015.4,13,64.8
1086,2012,3,大武,21.2,31.2/6,15.6/1,139.0,7.7/30.0/7,15.0/30.0/7,75,50/6,1015.3,16,71.0
1087,2012,3,蘭嶼,19.2,26.4/23,14.2/9,303.9,24.7/20.0/2,31.6/30.0/2,90,71/12,978.3,25,50.9
1088,2012,3,馬祖,8.4,17.9/13,3.3/3,153.6,9.3/50.0/7,18.1/60.0/7,86,55/19,1009.9,19,14.4
1089,2012,3,金門,11.8,22.6/21,6.2/2,81.5,9.5/70.0/7,20.3/60.0/7,83,45/19,1016.2,13,44.7
1090,2012,3,澎湖,14.8,25.9/23,10.3/8,28.4,11.6/30.0/7,22.9/30.0/17,83,62/18,1016.2,10,34.4
1091,2012,3,東吉島,16.5,26.8/23,11.6/8,35.6,20.4/20.0/18,27.5/20.0/18,85,66/13,1011.2,9,36.3
1092,2012,4,彭佳嶼,17.8,26.0/17,10.1/24,81.8,17.6/360.0/31,25.7/10.0/31,79,38/26,1005.4,17,101.3
1093,2012,4,基隆,17.6,28.5/30,10.3/24,247.6,13.0/10.0/31,19.7/360.0/31,80,41/26,1014.2,20,105.0
1094,2012,4,臺北,18.7,30.7/23,10.7/24,85.4,9.7/80.0/21,16.6/70.0/31,78,34/30,1016.3,13,109.0
1095,2012,4,鞍部,13.7,24.9/23,2.9/24,155.0,11.2/350.0/31,23.1/360.0/31,88,47/28,922.9,17,100.6
1096,2012,4,竹子湖,15.2,26.7/17,4.8/24,96.0,9.8/20.0/31,19.3/10.0/31,86,42/30,947.2,12,112.0
1097,2012,4,淡水,17.0,28.8/23,8.7/24,84.1,8.0/20.0/31,17.4/130.0/28,80,37/28,1014.9,13,104.3
1098,2012,4,(原板橋),18.4,30.6/17,10.6/24,101.5,7.3/60.0/21,15.8/80.0/26,73,27/30,1015.7,12,130.0
1099,2012,4,新竹,17.4,28.7/17,9.4/10,96.6,5.7/20.0/24,14.5/360.0/24,80,40/26,1013.1,14,121.8
1100,2012,4,臺中,19.7,32.2/23,12.0/10,40.8,5.6/10.0/24,13.6/360.0/24,75,36/30,1005.4,5,165.7
1101,2012,4,梧棲,17.8,29.4/23,10.3/10,22.2,13.4/360.0/31,24.2/30.0/24,80,45/30,1012.8,8,137.0
1102,2012,4,日月潭,17.8,28.3/23,10.4/26,34.5,5.3/270.0/5,18.6/280.0/16,78,46/26,903.2,8,150.7
1103,2012,4,嘉義,19.9,32.8/5,12.2/24,14.7,8.8/360.0/24,13.8/360.0/24,82,39/27,1012.0,4,162.0
1104,2012,4,阿里山,10.2,19.8/18,1.5/26,35.2,6.0/350.0/12,14.3/350.0/12,79,17/5,765.1,4,168.3
1105,2012,4,玉山,2.1,15.6/17,-4.9/25,29.0,19.9/230.0/5,27.5/240.0/5,73,17/5,642.2,4,199.8
1106,2012,4,臺南,21.3,32.2/23,12.9/12,6.5,11.6/10.0/24,20.4/360.0/24,73,45/30,1012.8,2,201.6
1107,2012,4,高雄,23.6,32.3/23,15.4/11,8.5,6.5/150.0/5,11.8/350.0/24,71,37/27,1014.5,2,216.3
1108,2012,4,恆春,23.9,31.2/23,17.2/24,3.0,12.1/40.0/21,26.2/40.0/21,75,34/29,1012.0,4,186.5
1109,2012,4,宜蘭,19.4,29.3/4,10.7/24,106.7,9.2/50.0/23,14.4/110.0/28,76,49/26,1016.0,19,110.1
1110,2012,4,蘇澳,19.4,29.3/23,11.6/24,267.1,9.2/30.0/24,26.4/30.0/24,78,45/26,1014.2,22,92.0
1111,2012,4,花蓮,20.8,28.9/18,13.2/25,95.5,11.9/40.0/23,19.6/20.0/23,75,44/26,1014.3,19,105.3
1112,2012,4,成功,21.8,28.3/7,14.9/24,130.4,10.1/30.0/31,19.1/30.0/23,78,43/25,1011.5,19,75.0
1113,2012,4,臺東,22.4,30.1/7,14.9/12,37.9,7.4/40.0/23,16.7/30.0/31,73,45/26,1014.9,14,103.2
1114,2012,4,大武,23.2,31.9/18,16.3/24,46.0,9.4/30.0/23,16.8/40.0/20,74,44/28,1014.8,17,135.1
1115,2012,4,蘭嶼,20.8,27.0/7,14.3/24,60.1,22.4/20.0/24,31.5/30.0/24,85,58/26,978.3,8,99.9
1116,2012,4,馬祖,11.3,23.6/30,4.2/10,115.5,9.4/200.0/16,19.4/50.0/31,85,51/26,1008.0,14,93.1
1117,2012,4,金門,15.1,26.2/23,7.5/11,22.1,9.4/70.0/31,20.9/60.0/31,80,25/26,1014.5,13,107.1
1118,2012,4,澎湖,19.2,29.4/17,12.8/12,7.3,11.2/20.0/31,20.8/20.0/24,78,41/24,1014.8,5,119.5
1119,2012,4,東吉島,20.3,29.5/23,14.3/11,17.4,20.5/360.0/24,27.7/360.0/24,80,41/31,1010.2,3,101.7
1120,2012,5,彭佳嶼,21.4,29.5/30,15.4/4,181.1,19.4/270.0/25,25.4/110.0/8,81,41/1,1001.0,21,80.5
1121,2012,5,基隆,22.6,34.0/30,17.1/26,389.8,11.3/230.0/30,20.9/240.0/25,77,49/6,1009.3,23,70.0
1122,2012,5,臺北,23.1,34.9/30,16.7/6,289.1,8.8/80.0/3,16.9/80.0/3,76,48/4,1011.5,23,61.2
1123,2012,5,鞍部,17.3,26.8/24,9.3/3,382.0,9.2/70.0/3,21.0/140.0/1,88,51/4,920.2,22,54.4
1124,2012,5,竹子湖,19.0,28.6/30,11.3/6,318.5,9.6/30.0/26,20.7/20.0/26,84,45/4,944.1,21,73.6
1125,2012,5,淡水,22.4,32.6/25,15.4/6,262.5,7.6/20.0/26,18.4/20.0/26,81,46/4,1010.0,20,77.4
1126,2012,5,(原板橋),22.9,34.5/30,16.8/26,267.4,7.5/80.0/3,15.7/270.0/29,73,41/4,1011.0,19,71.9
1127,2012,5,新竹,23.3,33.5/30,16.2/4,346.6,8.0/280.0/29,17.7/270.0/29,78,47/6,1008.6,19,96.2
1128,2012,5,臺中,24.6,33.7/24,17.2/1,234.6,5.0/210.0/25,13.9/190.0/24,75,44/24,1002.2,17,88.7
1129,2012,5,梧棲,24.1,33.0/24,15.8/1,230.4,13.3/350.0/26,24.8/360.0/26,78,52/24,1009.2,17,107.3
1130,2012,5,日月潭,19.4,28.9/11,14.3/2,297.9,8.6/310.0/16,17.7/290.0/16,81,48/13,901.6,22,80.6
1131,2012,5,嘉義,24.8,33.6/24,15.9/1,110.5,8.7/230.0/24,14.3/240.0/24,79,42/24,1008.8,13,115.6
1132,2012,5,阿里山,11.3,18.7/14,6.9/1,452.6,6.3/140.0/28,12.4/290.0/26,90,46/12,764.7,17,58.8
1133,2012,5,玉山,2.8,14.2/3,-1.8/22,365.0,18.7/230.0/28,29.1/290.0/21,91,31/12,642.3,18,74.9
1134,2012,5,臺南,26.1,33.4/14,19.0/1,141.5,9.6/190.0/24,15.8/180.0/24,73,48/1,1009.8,9,146.4
1135,2012,5,高雄,26.6,33.0/15,21.1/2,112.5,7.1/330.0/28,13.7/290.0/28,77,53/23,1011.8,10,174.7
1136,2012,5,恆春,25.8,32.1/24,20.3/5,39.7,10.2/40.0/3,22.0/20.0/3,77,55/14,1009.5,8,157.4
1137,2012,5,宜蘭,22.2,31.3/25,14.4/1,107.8,11.3/70.0/26,19.1/70.0/3,77,55/3,1011.7,18,88.6
1138,2012,5,蘇澳,22.3,30.8/24,15.3/1,107.4,12.4/80.0/26,20.3/360.0/3,78,53/1,1010.0,19,82.6
1139,2012,5,花蓮,22.8,30.3/25,16.2/6,95.0,11.1/30.0/3,18.0/40.0/26,76,45/6,1010.4,18,89.0
1140,2012,5,成功,23.5,31.0/25,17.3/2,73.1,10.5/220.0/25,21.8/240.0/25,81,52/6,1007.8,18,62.6
1141,2012,5,臺東,24.3,36.6/13,17.1/2,62.1,7.5/50.0/3,17.7/50.0/3,76,32/13,1011.3,16,92.8
1142,2012,5,大武,24.9,36.9/13,18.0/2,121.7,9.7/160.0/11,18.7/30.0/3,76,34/13,1011.5,18,127.6
1143,2012,5,蘭嶼,22.5,27.3/30,17.1/1,77.2,19.9/30.0/26,27.6/20.0/26,88,62/7,975.6,12,82.1
1144,2012,5,馬祖,17.8,28.0/11,11.4/1,196.2,10.6/190.0/25,20.3/220.0/24,86,53/1,1002.4,18,99.9
1145,2012,5,金門,20.1,30.0/3,13.2/7,140.7,8.5/70.0/3,17.5/70.0/3,85,38/1,1009.5,16,55.7
1146,2012,5,澎湖,24.4,31.0/25,20.0/6,71.7,8.6/30.0/26,16.4/20.0/26,80,39/1,1011.1,16,135.8
1147,2012,5,東吉島,24.7,31.0/14,20.9/17,62.9,13.8/20.0/26,20.7/210.0/20,81,42/1,1007.1,11,104.1
1148,2012,6,彭佳嶼,23.7,30.1/14,17.9/4,314.5,20.0/270.0/2,27.4/270.0/2,82,60/22,997.3,15,168.7
1149,2012,6,基隆,24.9,34.3/1,18.6/7,351.6,9.4/250.0/2,16.8/230.0/2,78,40/7,1005.5,17,119.4
1150,2012,6,臺北,25.9,35.9/1,19.3/6,231.2,7.2/290.0/2,16.4/280.0/2,71,31/6,1007.6,18,127.7
1151,2012,6,鞍部,19.7,27.9/15,12.1/5,497.0,10.2/350.0/17,21.9/340.0/2,85,24/6,917.6,17,97.0
1152,2012,6,竹子湖,21.4,29.1/26,14.3/5,382.5,8.0/30.0/17,16.1/10.0/17,82,31/6,941.1,17,120.2
1153,2012,6,淡水,24.9,33.0/15,16.6/6,384.7,5.7/20.0/2,12.8/20.0/2,80,32/18,1006.2,16,151.3
1154,2012,6,(原板橋),25.8,35.3/1,18.1/6,222.6,8.1/270.0/2,16.6/280.0/2,71,24/6,1007.2,17,153.0
1155,2012,6,新竹,25.8,34.1/1,18.1/6,251.3,6.3/280.0/2,17.9/280.0/2,79,44/6,1005.0,16,173.2
1156,2012,6,臺中,26.9,33.8/15,21.6/5,267.9,5.3/220.0/16,14.6/220.0/16,73,34/6,998.4,14,170.3
1157,2012,6,梧棲,26.2,32.4/9,20.5/5,132.4,13.4/360.0/31,22.7/10.0/31,78,53/6,1005.3,14,199.0
1158,2012,6,日月潭,21.3,29.8/9,17.1/7,549.5,5.1/330.0/4,9.4/320.0/4,81,56/25,898.9,18,109.6
1159,2012,6,嘉義,26.9,33.9/15,20.4/22,192.5,6.7/220.0/16,13.1/230.0/16,77,51/15,1005.1,13,180.2
1160,2012,6,阿里山,13.2,22.2/29,7.6/7,679.1,4.6/320.0/4,10.8/290.0/4,90,39/14,763.1,17,108.8
1161,2012,6,玉山,6.1,19.0/25,-1.2/5,438.0,14.9/300.0/16,25.0/280.0/16,83,15/24,642.2,21,144.5
1162,2012,6,臺南,27.6,33.4/14,21.6/22,404.5,7.7/200.0/3,12.4/200.0/3,78,50/6,1006.1,14,220.5
1163,2012,6,高雄,28.0,34.0/31,23.3/5,283.5,5.6/310.0/31,9.3/180.0/17,78,55/15,1008.0,15,231.8
1164,2012,6,恆春,27.4,33.4/14,23.0/18,449.0,8.9/40.0/21,16.5/330.0/4,78,49/18,1005.6,11,174.2
1165,2012,6,宜蘭,24.6,32.2/15,18.2/6,656.6,9.2/70.0/17,13.8/70.0/9,82,46/6,1007.6,20,126.7
1166,2012,6,蘇澳,24.6,31.1/15,19.1/6,738.2,10.3/80.0/17,18.8/30.0/17,81,55/18,1005.9,23,110.8
1167,2012,6,花蓮,25.2,32.3/15,18.8/18,398.5,9.1/40.0/17,15.6/50.0/17,78,39/18,1006.2,21,112.8
1168,2012,6,成功,25.5,33.1/15,20.8/17,261.4,9.0/40.0/29,19.1/190.0/16,82,45/18,1003.6,22,87.6
1169,2012,6,臺東,26.4,38.1/1,21.2/18,140.0,6.1/50.0/17,13.3/40.0/17,77,31/1,1007.1,16,121.2
1170,2012,6,大武,26.4,36.5/15,21.7/17,184.0,6.9/180.0/17,16.8/230.0/2,80,43/1,1007.2,18,145.1
1171,2012,6,蘭嶼,24.4,30.2/9,20.0/18,501.0,19.1/20.0/21,29.9/250.0/2,88,66/9,971.8,20,126.2
1172,2012,6,馬祖,21.3,29.1/14,15.8/4,165.2,11.3/200.0/1,20.5/210.0/1,87,43/6,999.0,17,99.1
1173,2012,6,金門,23.6,30.7/15,18.5/5,126.1,7.7/60.0/31,17.2/60.0/31,85,53/6,1005.4,15,140.6
1174,2012,6,澎湖,26.1,32.5/15,22.6/5,192.7,8.6/20.0/31,17.3/20.0/21,85,58/7,1007.4,10,179.4
1175,2012,6,東吉島,26.1,31.9/15,23.2/5,143.7,15.4/360.0/21,21.1/10.0/21,82,63/5,1003.5,11,180.8
1176,2012,7,彭佳嶼,25.8,30.9/26,21.6/1,183.4,19.5/40.0/20,26.2/40.0/20,89,68/7,992.7,13,169.4
1177,2012,7,基隆,27.1,34.0/10,22.8/12,391.0,10.7/230.0/11,18.4/30.0/20,81,56/29,1000.8,22,104.8
1178,2012,7,臺北,27.8,35.8/29,23.3/1,625.6,10.3/110.0/29,20.6/80.0/29,72,52/28,1002.9,16,77.0
1179,2012,7,鞍部,21.7,28.8/29,17.1/1,568.0,11.1/350.0/11,27.3/150.0/29,91,68/26,914.1,17,57.8
1180,2012,7,竹子湖,23.3,30.3/30,18.3/1,513.5,7.5/30.0/20,14.8/20.0/3,88,57/26,937.3,16,85.1
1181,2012,7,淡水,26.4,33.6/10,22.0/6,428.9,5.4/20.0/3,14.2/50.0/20,83,58/13,1001.4,15,86.9
1182,2012,7,(原板橋),27.7,35.3/7,22.7/12,656.3,9.1/250.0/11,19.4/240.0/11,76,44/13,1002.6,13,109.9
1183,2012,7,新竹,27.8,35.3/28,23.2/21,427.2,7.0/20.0/3,17.3/30.0/3,83,55/13,1000.6,16,149.4
1184,2012,7,臺中,27.8,34.4/8,23.1/21,331.6,6.9/170.0/20,17.7/140.0/20,78,49/24,994.4,18,134.1
1185,2012,7,梧棲,27.5,32.6/8,22.3/21,273.1,16.5/170.0/20,29.5/170.0/20,82,61/24,1001.1,17,161.8
1186,2012,7,日月潭,22.1,30.3/7,18.8/28,902.0,9.6/280.0/11,20.7/260.0/11,88,54/28,895.5,22,76.5
1187,2012,7,嘉義,27.9,34.9/8,23.3/21,498.5,8.4/240.0/11,16.9/160.0/20,83,59/24,1001.0,17,120.6
1188,2012,7,阿里山,14.9,23.2/28,10.8/28,1863.2,6.4/160.0/20,17.4/210.0/20,93,50/28,760.8,24,89.3
1189,2012,7,玉山,7.5,16.8/6,3.6/25,1007.6,23.3/200.0/19,34.7/240.0/20,87,38/27,641.2,22,115.3
1190,2012,7,臺南,28.1,33.8/30,23.2/21,803.5,12.9/190.0/20,24.2/190.0/20,83,60/30,1000.9,17,144.1
1191,2012,7,高雄,28.5,34.4/30,23.8/21,832.5,10.8/170.0/20,22.4/170.0/20,82,56/30,1004.1,19,164.5
1192,2012,7,恆春,28.2,32.6/4,23.9/14,802.8,8.9/30.0/28,22.9/200.0/20,83,61/28,1002.1,22,129.1
1193,2012,7,宜蘭,27.3,35.1/30,22.4/13,287.4,7.9/150.0/29,15.4/160.0/29,81,55/30,1002.9,16,135.6
1194,2012,7,蘇澳,26.8,32.3/30,21.4/13,356.4,10.4/170.0/29,20.3/160.0/29,83,58/13,1001.2,22,133.3
1195,2012,7,花蓮,26.9,33.5/8,21.5/13,352.5,10.7/170.0/30,14.6/170.0/30,80,55/28,1001.9,19,145.1
1196,2012,7,成功,26.8,33.4/9,23.2/13,433.5,14.2/220.0/19,24.3/220.0/19,87,62/28,999.4,21,130.3
1197,2012,7,臺東,27.2,34.7/9,22.8/14,550.3,7.6/200.0/23,16.9/210.0/19,83,55/24,1003.1,21,141.9
1198,2012,7,大武,27.1,35.2/8,22.7/13,1199.6,8.7/30.0/28,18.6/40.0/28,85,46/24,1003.3,23,147.7
1199,2012,7,蘭嶼,25.4,29.8/27,22.5/5,461.1,24.5/220.0/19,34.7/220.0/20,93,78/29,968.2,23,86.9
1200,2012,7,馬祖,24.8,31.0/29,20.8/20,261.0,10.8/180.0/23,20.6/220.0/23,85,59/21,993.8,14,131.8
1201,2012,7,金門,26.4,32.3/29,21.3/4,118.3,8.3/40.0/20,19.7/40.0/20,88,58/4,1000.2,12,168.5
1202,2012,7,澎湖,27.2,32.9/30,23.3/21,226.0,20.6/180.0/20,35.9/190.0/20,86,61/30,1003.1,12,171.2
1203,2012,7,東吉島,27.0,31.1/27,23.3/21,288.5,27.7/200.0/20,36.5/200.0/20,86,71/29,999.1,15,142.0
1204,2012,8,彭佳嶼,27.8,32.7/15,23.8/25,53.0,16.9/60.0/31,26.1/60.0/31,87,67/09,994.6,7,329.6
1205,2012,8,基隆,29.5,36.3/13,25.1/27,61.9,11.8/30.0/31,21.5/30.0/31,73,39/13,1002.5,13,261.6
1206,2012,8,臺北,30.6,38.3/10,24.7/16,162.8,8.9/140.0/21,18.5/80.0/31,65,42/13,1004.3,8,206.8
1207,2012,8,鞍部,23.4,30.2/10,18.8/03,103.5,10.1/190.0/23,24.0/330.0/31,84,57/05,915.7,7,187.8
1208,2012,8,竹子湖,25.2,31.6/16,20.6/27,137.5,6.1/210.0/31,17.0/190.0/31,80,57/10,939.1,6,214.3
1209,2012,8,淡水,29.6,37.2/25,24.3/04,76.4,7.4/150.0/23,16.9/140.0/24,72,46/25,1003.3,4,272.1
1210,2012,8,(原板橋),30.2,37.2/10,24.6/16,145.5,8.1/100.0/29,17.1/50.0/31,67,38/13,1004.2,7,255.2
1211,2012,8,新竹,29.7,37.1/20,25.1/03,74.6,6.2/20.0/30,14.9/40.0/30,75,48/29,1002.1,10,261.5
1212,2012,8,臺中,29.1,34.9/23,24.0/21,215.6,5.1/220.0/21,13.2/210.0/21,73,49/13,996.1,14,204.2
1213,2012,8,梧棲,29.2,33.1/20,25.1/31,87.8,17.4/360.0/31,31.6/10.0/31,78,55/10,1002.9,8,255.5
1214,2012,8,日月潭,22.9,30.5/09,19.2/16,136.2,5.5/280.0/16,10.3/240.0/21,87,61/04,897.3,19,126.9
1215,2012,8,嘉義,29.0,35.0/21,23.7/24,375.0,8.9/240.0/16,17.6/220.0/22,74,52/12,1002.7,14,187.4
1216,2012,8,阿里山,15.1,22.4/09,10.7/27,194.9,4.8/150.0/28,11.6/90.0/30,90,36/02,761.9,18,120.1
1217,2012,8,玉山,7.7,18.6/07,2.6/28,221.4,19.8/130.0/21,25.4/130.0/21,77,23/03,642.9,21,171.5
1218,2012,8,臺南,29.3,34.8/05,23.7/25,254.5,8.6/170.0/24,15.2/20.0/25,79,59/23,1002.8,10,199.0
1219,2012,8,高雄,29.5,36.4/23,25.2/23,52.5,8.9/160.0/21,16.7/170.0/21,77,49/23,1005.6,14,230.3
1220,2012,8,恆春,28.6,33.5/19,24.2/23,346.0,7.8/40.0/21,15.9/360.0/29,81,62/27,1003.3,19,192.9
1221,2012,8,宜蘭,29.2,35.6/08,24.0/17,164.7,11.3/60.0/31,22.3/60.0/31,80,57/14,1004.9,10,276.9
1222,2012,8,蘇澳,28.9,33.0/06,24.8/26,327.4,10.7/80.0/31,19.9/80.0/31,78,58/04,1003.1,16,280.1
1223,2012,8,花蓮,28.5,34.6/15,24.4/28,275.5,12.3/20.0/31,25.9/20.0/31,74,54/25,1003.9,10,276.0
1224,2012,8,成功,27.8,33.1/20,23.6/26,375.8,11.7/10.0/31,21.4/20.0/31,81,59/19,1001.3,11,232.7
1225,2012,8,臺東,28.6,34.4/16,24.4/23,318.5,6.3/30.0/31,17.5/30.0/31,77,49/15,1005.0,10,241.0
1226,2012,8,大武,28.1,35.5/15,22.5/28,419.8,7.3/30.0/31,14.0/20.0/20,77,44/15,1004.8,13,229.9
1227,2012,8,蘭嶼,25.8,30.0/19,21.9/23,370.6,30.4/20.0/30,47.8/60.0/30,91,77/27,969.5,16,160.7
1228,2012,8,馬祖,27.5,32.3/05,23.5/17,41.3,10.9/180.0/14,21.3/210.0/14,83,60/05,994.9,7,270.3
1229,2012,8,金門,29.0,37.0/21,24.9/22,31.6,7.3/90.0/21,15.9/80.0/21,83,49/30,1001.8,6,273.5
1230,2012,8,澎湖,28.7,33.9/04,24.8/22,69.5,10.3/360.0/31,21.9/340.0/31,80,60/23,1004.9,7,289.2
1231,2012,8,東吉島,28.5,34.6/19,24.7/22,64.5,19.1/360.0/31,26.7/350.0/31,82,66/23,1001.0,6,279.2
1232,2012,9,彭佳嶼,27.3,31.9/12,24.0/6,240.7,24.6/40.0/1,35.0/40.0/1,89,69/12,991.7,15,234.0
1233,2012,9,基隆,28.6,36.4/8,24.7/1,364.5,19.4/10.0/1,32.8/360.0/1,77,49/8,999.7,21,184.5
1234,2012,9,臺北,29.2,37.8/8,24.1/31,518.9,9.4/90.0/24,22.2/30.0/1,75,48/14,1001.7,19,158.7
1235,2012,9,鞍部,22.6,29.6/8,19.0/21,930.0,17.6/350.0/1,35.0/350.0/1,88,65/11,913.1,20,104.5
1236,2012,9,竹子湖,24.3,31.7/8,21.4/31,785.5,7.2/300.0/2,30.9/350.0/2,84,64/19,936.4,18,136.9
1237,2012,9,淡水,28.1,35.8/19,23.7/26,576.5,9.3/10.0/2,24.1/30.0/2,79,47/19,1000.7,15,170.1
1238,2012,9,(原板橋),28.9,37.0/8,23.6/31,496.2,8.4/240.0/7,18.9/10.0/2,73,40/14,1001.4,18,169.2
1239,2012,9,新竹,28.6,35.9/8,24.2/17,608.5,9.9/10.0/1,25.5/30.0/1,80,58/8,999.4,14,148.7
1240,2012,9,臺中,28.0,35.1/23,23.5/20,726.2,8.2/10.0/1,22.0/40.0/1,77,46/26,993.3,21,96.4
1241,2012,9,梧棲,28.3,33.1/16,23.0/10,552.5,21.0/340.0/2,33.3/360.0/2,80,62/27,1000.0,14,147.8
1242,2012,9,日月潭,22.3,29.1/5,19.0/17,635.5,14.3/270.0/2,31.4/270.0/2,88,48/25,894.6,17,76.1
1243,2012,9,嘉義,28.1,34.2/26,23.5/26,699.8,10.7/360.0/1,21.6/360.0/2,81,53/26,1000.0,26,105.6
1244,2012,9,阿里山,14.5,22.5/23,9.3/21,998.0,7.5/310.0/2,19.6/330.0/2,95,57/23,759.0,26,65.8
1245,2012,9,玉山,7.2,18.1/13,1.3/29,696.0,22.0/130.0/16,37.5/120.0/24,85,29/4,640.4,22,97.0
1246,2012,9,臺南,28.0,34.0/27,23.2/10,635.0,14.4/320.0/2,26.5/320.0/2,84,47/27,1000.6,22,106.6
1247,2012,9,高雄,28.1,34.1/23,22.9/10,756.5,12.7/310.0/2,24.5/310.0/2,83,55/23,1002.9,22,135.7
1248,2012,9,恆春,28.0,32.8/17,23.1/25,1083.3,20.5/230.0/24,41.1/210.0/24,86,59/21,1000.7,23,119.1
1249,2012,9,宜蘭,28.5,36.3/7,24.0/26,551.3,19.3/40.0/2,30.6/30.0/2,81,39/7,1001.9,16,198.3
1250,2012,9,蘇澳,28.2,35.4/7,24.5/29,481.2,21.1/80.0/2,41.9/340.0/2,80,46/7,1000.0,17,211.5
1251,2012,9,花蓮,28.1,33.7/8,23.9/24,485.5,15.5/180.0/2,26.5/180.0/2,76,51/8,1000.4,12,195.9
1252,2012,9,成功,27.6,33.2/14,23.8/27,512.5,18.1/10.0/23,33.4/30.0/24,82,55/2,997.8,11,155.3
1253,2012,9,臺東,28.5,36.8/2,24.0/25,542.1,15.3/30.0/24,33.9/10.0/24,78,38/2,1001.4,14,170.8
1254,2012,9,大武,28.1,36.0/8,23.4/24,613.4,25.2/20.0/24,59.1/50.0/24,77,45/2,1001.3,22,168.2
1255,2012,9,蘭嶼,25.4,30.6/13,22.5/30,397.8,41.5/120.0/28,68.1/110.0/28,92,67/25,966.3,21,83.9
1256,2012,9,馬祖,27.6,34.3/27,24.6/5,302.3,11.7/200.0/3,21.5/20.0/24,86,52/27,993.1,13,214.4
1257,2012,9,金門,29.1,37.0/1,24.1/29,38.7,8.5/350.0/29,19.8/350.0/29,80,44/1,999.9,7,198.4
1258,2012,9,澎湖,28.0,32.6/21,24.3/2,175.0,12.5/350.0/1,26.9/20.0/1,84,61/27,1002.2,12,169.8
1259,2012,9,東吉島,27.5,31.5/20,24.0/2,108.7,22.6/350.0/1,31.3/350.0/1,85,71/24,998.4,9,166.6
1260,2012,10,彭佳嶼,25.6,30.7/13,20.0/19,52.4,21.6/10.0/28,31.3/10.0/28,81,52/30,999.4,7,198.2
1261,2012,10,基隆,27.2,33.8/6,20.5/30,72.5,14.4/10.0/28,23.6/10.0/28,71,50/2,1007.6,13,174.6
1262,2012,10,臺北,27.3,35.5/10,19.6/30,85.0,8.1/80.0/26,16.6/30.0/28,70,53/30,1009.6,11,140.2
1263,2012,10,鞍部,20.5,28.6/6,13.6/30,354.5,15.5/360.0/28,28.6/350.0/28,86,52/18,919.5,12,99.9
1264,2012,10,竹子湖,22.2,31.6/9,14.6/29,206.6,7.2/20.0/24,19.1/290.0/28,82,53/18,943.2,12,134.4
1265,2012,10,淡水,26.3,34.7/5,17.4/30,297.3,7.8/10.0/29,16.2/20.0/28,73,51/18,1008.3,11,165.2
1266,2012,10,(原板橋),26.9,35.5/8,19.5/29,120.7,7.5/80.0/25,15.2/80.0/26,69,41/17,1009.2,10,152.1
1267,2012,10,新竹,26.8,33.3/21,20.6/29,82.3,6.8/60.0/27,18.8/30.0/27,76,48/17,1006.9,8,175.2
1268,2012,10,臺中,27.6,34.5/27,20.8/17,34.2,7.8/10.0/28,20.5/40.0/28,69,34/30,999.8,5,190.1
1269,2012,10,梧棲,27.1,32.0/8,20.7/30,8.5,17.8/360.0/28,30.3/360.0/28,74,42/30,1006.7,4,212.0
1270,2012,10,日月潭,22.0,29.5/21,17.4/18,119.0,5.3/290.0/8,9.1/90.0/1,85,57/27,900.0,7,147.9
1271,2012,10,嘉義,27.6,35.1/6,20.0/17,81.6,9.8/360.0/28,16.4/360.0/28,74,44/17,1006.3,5,200.6
1272,2012,10,阿里山,13.8,20.6/28,7.2/18,251.3,4.7/350.0/1,8.7/90.0/27,92,18/18,765.1,14,116.2
1273,2012,10,玉山,7.1,18.6/12,1.5/18,108.7,14.4/120.0/26,19.2/120.0/26,72,12/26,643.9,15,181.8
1274,2012,10,臺南,28.5,34.2/22,22.9/17,18.6,10.7/20.0/28,19.3/10.0/28,68,37/17,1006.6,5,217.5
1275,2012,10,高雄,28.7,33.6/14,24.0/2,54.5,6.2/350.0/28,12.0/330.0/28,73,47/17,1009.0,3,218.8
1276,2012,10,恆春,28.1,33.3/15,24.1/30,74.9,11.1/30.0/26,23.0/30.0/25,76,51/15,1007.0,10,202.4
1277,2012,10,宜蘭,26.3,32.5/11,18.8/30,69.6,9.2/50.0/27,17.3/360.0/28,79,50/17,1010.0,10,170.1
1278,2012,10,蘇澳,26.4,31.6/6,19.7/30,227.4,9.9/90.0/26,21.1/20.0/29,76,53/30,1007.9,13,176.5
1279,2012,10,花蓮,26.8,32.3/13,21.7/20,72.0,12.7/40.0/28,21.4/50.0/28,71,49/30,1008.2,8,178.9
1280,2012,10,成功,26.4,31.9/7,21.8/18,150.2,12.7/40.0/27,23.6/30.0/27,79,52/28,1005.6,15,163.9
1281,2012,10,臺東,27.4,32.4/13,22.1/30,129.8,8.1/50.0/27,20.0/60.0/27,76,51/26,1009.2,12,198.3
1282,2012,10,大武,27.6,34.0/16,22.4/18,116.3,8.7/20.0/27,17.4/40.0/27,74,45/26,1008.9,13,203.4
1283,2012,10,蘭嶼,24.8,29.1/9,21.5/19,116.8,34.2/30.0/27,54.8/30.0/27,87,67/30,973.0,21,140.6
1284,2012,10,馬祖,25.2,32.0/4,20.5/16,187.7,8.1/60.0/13,18.2/10.0/28,79,45/16,1001.4,12,156.2
1285,2012,10,金門,27.1,36.5/5,20.0/30,59.0,7.5/350.0/13,16.7/50.0/26,74,36/28,1007.7,6,170.5
1286,2012,10,澎湖,27.7,33.5/13,23.2/30,0.3,10.7/10.0/28,22.7/10.0/28,74,45/18,1008.9,1,249.5
1287,2012,10,東吉島,27.3,32.9/8,23.6/30,0.5,21.0/360.0/28,29.8/360.0/28,76,49/29,1004.8,1,271.1
1288,2012,11,彭佳嶼,23.2,27.1/27,18.5/31,27.6,18.6/10.0/17,27.0/10.0/17,71,48/2,1003.7,5,183.9
1289,2012,11,基隆,23.9,30.4/27,19.2/31,139.1,11.5/10.0/17,17.7/20.0/17,69,49/20,1012.1,9,108.9
1290,2012,11,臺北,24.1,32.0/27,18.9/31,64.0,7.4/80.0/28,14.9/80.0/5,67,45/22,1014.2,7,154.7
1291,2012,11,鞍部,17.0,24.3/22,11.7/18,204.0,10.9/360.0/17,20.0/350.0/17,86,53/20,922.4,13,87.6
1292,2012,11,竹子湖,18.8,26.4/22,12.8/18,157.5,7.8/20.0/6,16.4/360.0/23,82,58/20,946.5,13,140.1
1293,2012,11,淡水,22.9,30.8/25,16.8/18,50.5,6.3/160.0/26,15.7/130.0/25,77,45/21,1012.8,8,161.4
1294,2012,11,(原板橋),23.8,32.0/27,17.9/21,69.8,7.0/100.0/26,13.4/80.0/29,66,42/20,1013.8,5,173.7
1295,2012,11,新竹,23.9,32.6/25,17.5/20,29.3,7.0/20.0/23,16.1/30.0/28,70,48/5,1011.0,2,214.6
1296,2012,11,臺中,24.9,31.9/26,19.1/23,1.4,6.6/10.0/17,13.4/30.0/17,64,40/18,1003.5,3,222.9
1297,2012,11,梧棲,23.7,29.4/28,18.7/19,1.0,15.7/360.0/17,24.9/360.0/17,71,51/12,1010.6,1,254.7
1298,2012,11,日月潭,19.7,28.6/26,14.8/22,8.0,5.7/150.0/31,9.4/240.0/31,81,52/25,902.3,3,148.1
1299,2012,11,嘉義,24.5,31.8/26,17.9/22,T,6.1/360.0/31,11.1/340.0/10,72,43/18,1010.1,0,187.3
1300,2012,11,阿里山,12.1,20.2/7,4.8/2,7.4,3.7/30.0/15,11.9/10.0/15,78,20/19,765.2,3,180.8
1301,2012,11,玉山,7.1,18.7/6,0.1/31,18.9,13.9/280.0/19,15.6/20.0/16,50,12/21,644.4,4,283.9
1302,2012,11,臺南,25.6,31.6/15,20.0/19,2.5,7.1/10.0/17,12.6/10.0/17,69,38/19,1010.3,1,214.0
1303,2012,11,高雄,26.6,31.1/17,21.7/31,0.7,5.4/310.0/22,8.8/320.0/22,69,49/22,1012.8,1,211.9
1304,2012,11,恆春,26.0,30.5/16,21.7/31,5.0,10.3/40.0/7,20.6/30.0/31,69,47/13,1010.8,4,187.3
1305,2012,11,宜蘭,23.1,30.1/16,18.0/13,137.5,7.7/60.0/23,12.8/10.0/17,76,46/18,1014.5,14,134.7
1306,2012,11,蘇澳,23.6,28.4/5,18.7/31,459.8,9.2/70.0/23,19.0/70.0/12,72,50/18,1012.1,15,152.2
1307,2012,11,花蓮,24.3,30.4/15,19.2/21,82.5,10.2/40.0/11,18.0/30.0/11,71,37/14,1012.2,9,147.7
1308,2012,11,成功,24.7,31.1/16,19.4/4,63.7,11.1/30.0/11,18.9/30.0/11,71,43/16,1009.6,13,136.3
1309,2012,11,臺東,25.2,30.8/21,20.2/20,34.1,7.5/50.0/11,17.6/100.0/11,69,44/21,1013.3,8,156.1
1310,2012,11,大武,25.4,30.1/21,20.1/20,34.1,7.8/160.0/17,16.4/40.0/11,68,43/4,1012.8,17,148.3
1311,2012,11,蘭嶼,22.7,26.2/17,19.4/31,79.9,26.4/20.0/11,37.1/20.0/11,80,59/20,976.3,9,153.5
1312,2012,11,馬祖,21.6,27.2/27,16.8/31,10.0,9.9/70.0/11,18.8/80.0/11,73,34/18,1006.1,1,223.6
1313,2012,11,金門,23.5,31.6/28,17.4/19,7.5,8.5/60.0/10,18.3/30.0/10,66,31/16,1012.4,2,224.6
1314,2012,11,澎湖,25.1,30.0/28,21.6/19,T,10.4/20.0/11,20.8/10.0/11,68,48/12,1012.7,0,235.3
1315,2012,11,東吉島,24.9,30.2/5,21.8/19,0,18.9/20.0/11,25.8/20.0/10,71,56/4,1008.3,0,258.5
1316,2012,12,彭佳嶼,16.9,25.4/15,6.8/30,227.6,22.5/170.0/27,31.1/180.0/27,81,53/6,1007.9,22,62.0
1317,2012,12,基隆,17.7,27.4/15,8.9/30,503.4,11.5/10.0/29,20.3/20.0/30,78,53/6,1016.4,24,43.6
1318,2012,12,臺北,17.8,27.8/15,8.6/30,189.4,9.2/80.0/6,16.7/80.0/6,77,56/14,1018.6,18,74.1
1319,2012,12,鞍部,11.6,22.1/14,0.1/30,500.5,11.4/360.0/30,20.3/360.0/30,94,62/21,924.7,24,46.0
1320,2012,12,竹子湖,13.2,23.4/14,2.3/30,332.5,9.6/20.0/30,18.6/40.0/29,89,69/31,949.3,23,75.8
1321,2012,12,淡水,17.0,27.2/29,7.3/30,211.0,8.8/20.0/29,18.5/140.0/13,84,53/24,1017.1,16,83.9
1322,2012,12,(原板橋),17.7,28.6/14,8.8/31,227.0,7.8/100.0/6,15.6/90.0/4,75,44/14,1018.1,16,87.7
1323,2012,12,新竹,17.3,26.8/14,8.2/30,146.9,6.2/20.0/22,15.4/20.0/12,82,50/20,1015.0,12,102.7
1324,2012,12,臺中,18.4,28.3/16,9.0/31,71.1,6.1/10.0/30,13.5/10.0/30,73,41/20,1007.3,13,143.6
1325,2012,12,梧棲,17.6,26.4/15,8.4/31,60.0,13.4/360.0/23,28.3/350.0/23,81,56/14,1014.8,12,142.6
1326,2012,12,日月潭,15.1,25.4/14,5.6/30,95.0,6.8/150.0/5,16.0/170.0/24,88,36/21,904.2,12,122.2
1327,2012,12,嘉義,18.4,29.7/16,8.6/31,42.8,8.9/10.0/30,14.8/360.0/30,81,45/20,1013.9,7,121.1
1328,2012,12,阿里山,8.1,16.6/29,2.0/20,153.7,4.8/150.0/4,10.9/230.0/30,85,29/19,765.5,10,118.3
1329,2012,12,玉山,0.1,10.9/14,-8.1/12,242.5,15.5/220.0/8,29.4/290.0/5,76,14/19,641.1,9,137.3
1330,2012,12,臺南,19.5,29.4/16,9.5/31,18.0,12.4/20.0/30,22.4/20.0/30,72,41/14,1014.2,6,148.7
1331,2012,12,高雄,21.1,29.6/16,11.0/31,18.5,7.7/360.0/30,17.7/10.0/30,74,47/28,1016.5,4,160.7
1332,2012,12,恆春,22.2,29.1/16,15.6/31,25.2,11.6/20.0/30,24.5/40.0/6,73,55/16,1013.9,8,134.8
1333,2012,12,宜蘭,17.3,26.3/15,7.7/31,323.1,8.2/360.0/30,16.2/10.0/30,86,56/15,1018.9,23,42.5
1334,2012,12,蘇澳,17.5,27.0/15,8.5/30,756.9,10.2/80.0/8,24.2/30.0/30,85,58/31,1016.5,25,38.2
1335,2012,12,花蓮,18.8,26.6/2,10.5/31,193.0,11.8/40.0/30,23.2/30.0/30,78,53/6,1016.6,20,48.0
1336,2012,12,成功,19.5,27.6/2,11.8/31,210.0,11.3/20.0/30,20.8/20.0/30,81,59/19,1013.6,24,51.1
1337,2012,12,臺東,20.3,28.1/2,11.9/31,89.9,9.1/50.0/30,19.1/40.0/30,76,55/19,1017.2,13,58.0
1338,2012,12,大武,21.4,28.6/2,14.3/30,86.8,10.6/30.0/30,21.2/40.0/30,71,50/20,1016.5,15,79.0
1339,2012,12,蘭嶼,19.3,27.5/2,12.8/30,329.6,26.1/30.0/30,40.8/30.0/30,87,70/11,979.4,27,48.0
1340,2012,12,馬祖,12.3,22.9/15,3.7/31,80.1,8.4/360.0/1,19.4/360.0/1,78,46/31,1010.7,13,77.4
1341,2012,12,金門,15.2,23.7/15,4.7/31,81.6,7.8/350.0/30,16.8/30.0/6,77,47/31,1016.9,9,109.0
1342,2012,12,澎湖,19.0,27.0/15,11.4/31,47.6,10.4/20.0/30,22.3/10.0/23,77,57/31,1016.6,10,107.3
1343,2012,12,東吉島,19.8,26.2/16,12.1/31,42.8,21.2/360.0/30,29.1/360.0/23,75,55/30,1012.1,6,110.8
1344,2013,1,彭佳嶼,15.9,22.9/8,8.5/27,160.0,16.6/10.0/18,25.7/10.0/18,74,48/4,1008.5,16,62.7
1345,2013,1,基隆,16.2,24.3/8,10.2/27,624.8,11.5/10.0/18,17.7/360.0/18,79,51/3,1017.0,24,41.7
1346,2013,1,臺北,16.4,26.4/8,9.9/28,229.7,6.7/80.0/15,14.2/60.0/1,71,44/3,1019.2,20,57.6
1347,2013,1,鞍部,10.0,20.2/8,2.2/27,687.0,11.3/360.0/16,21.4/150.0/15,95,47/3,924.9,25,49.8
1348,2013,1,竹子湖,11.8,22.3/8,4.6/27,451.1,9.4/20.0/16,18.3/20.0/16,87,45/3,949.4,23,69.5
1349,2013,1,淡水,16.2,27.4/8,8.8/28,215.0,6.8/10.0/16,16.8/10.0/18,78,34/3,1018.2,15,71.6
1350,2013,1,(原板橋),16.2,26.9/8,10.0/28,233.7,5.5/50.0/2,13.1/360.0/26,73,32/4,1018.7,18,68.5
1351,2013,1,新屋,16.2,28.2/8,8.4/4,163.0,13.4/50.0/24,21.0/80.0/15,75,41/3,1016.9,12,75.2
1352,2013,1,新竹,16.1,27.1/8,9.4/1,164.9,6.5/20.0/24,19.1/40.0/15,74,24/3,1015.6,16,84.0
1353,2013,1,臺中,17.1,28.4/7,9.1/28,69.4,5.8/10.0/26,13.4/350.0/16,70,19/2,1007.7,15,128.2
1354,2013,1,梧棲,16.3,24.9/9,9.6/28,84.9,15.3/360.0/16,26.3/10.0/27,76,43/5,1015.2,12,127.1
1355,2013,1,日月潭,14.2,25.3/16,6.0/28,78.0,5.1/150.0/20,8.4/160.0/20,75,23/4,904.0,13,117.9
1356,2013,1,嘉義,16.8,28.3/7,6.2/28,46.2,8.4/40.0/17,15.1/360.0/16,78,29/2,1014.2,9,139.3
1357,2013,1,阿里山,6.9,16.9/16,-1.8/5,145.0,4.6/170.0/31,16.7/300.0/17,83,22/3,765.0,14,111.9
1358,2013,1,玉山,-0.3,11.2/5,-9.5/27,152.5,17.3/220.0/25,31.8/250.0/18,71,13/6,640.6,7,189.2
1359,2013,1,臺南,18.0,27.5/9,9.2/28,21.1,10.8/30.0/17,21.8/30.0/17,72,28/5,1014.4,5,136.7
1360,2013,1,高雄,19.9,28.9/9,12.0/28,48.0,8.4/10.0/17,17.8/10.0/17,67,35/6,1016.5,5,139.1
1361,2013,1,恆春,21.1,29.0/9,15.6/28,119.5,13.4/30.0/24,29.0/20.0/24,69,42/4,1014.2,8,101.9
1362,2013,1,宜蘭,16.1,26.1/9,10.2/27,381.9,8.7/300.0/9,15.7/320.0/9,83,42/9,1019.1,23,42.0
1363,2013,1,蘇澳,16.5,26.2/9,11.1/29,749.8,9.6/100.0/15,19.5/60.0/9,81,45/3,1017.0,26,41.4
1364,2013,1,花蓮,18.1,26.0/16,11.3/28,95.5,10.7/50.0/26,18.9/40.0/9,73,42/28,1016.9,11,56.6
1365,2013,1,成功,19.1,27.3/9,12.5/27,81.9,8.9/30.0/24,17.0/10.0/24,72,43/5,1013.4,17,65.6
1366,2013,1,臺東,19.4,27.8/9,11.8/28,51.0,5.6/40.0/9,14.9/60.0/26,71,43/5,1017.1,11,82.7
1367,2013,1,大武,20.4,27.5/9,15.1/28,59.0,7.8/30.0/15,15.6/20.0/24,69,43/5,1016.5,6,69.6
1368,2013,1,蘭嶼,18.2,25.2/9,12.2/27,715.3,23.0/10.0/24,35.5/350.0/24,85,51/5,978.9,24,45.2
1369,2013,1,馬祖,12.3,22.4/9,5.6/28,109.0,9.8/360.0/16,21.6/20.0/16,70,37/31,1011.3,8,113.0
1370,2013,1,金門,14.4,24.7/9,7.0/30,55.3,6.9/50.0/16,17.4/50.0/16,65,33/31,1017.6,6,130.2
1371,2013,1,澎湖,18.1,25.1/8,11.6/27,14.2,10.3/40.0/24,21.3/10.0/16,73,45/3,1017.0,11,111.8
1372,2013,1,東吉島,18.5,24.0/8,12.1/27,7.0,19.5/20.0/17,25.5/360.0/16,70,47/5,1012.4,3,126.6
1373,2013,2,彭佳嶼,16.0,22.8/31,9.5/18,243.5,17.9/120.0/13,25.1/50.0/3,80,52/27,1009.4,16,47.5
1374,2013,2,基隆,16.3,25.7/31,11.6/18,521.9,11.0/10.0/2,18.6/30.0/2,80,33/31,1018.0,22,58.8
1375,2013,2,臺北,16.7,27.0/31,11.6/18,93.0,8.6/80.0/28,16.4/90.0/28,75,42/31,1020.3,13,79.1
1376,2013,2,鞍部,10.6,21.3/21,3.4/18,373.5,10.4/360.0/13,22.7/140.0/11,92,46/21,925.8,22,61.5
1377,2013,2,竹子湖,12.2,23.3/21,5.1/18,282.5,8.0/20.0/7,16.7/30.0/3,88,48/31,950.5,21,85.9
1378,2013,2,淡水,15.6,24.4/21,9.8/28,112.0,6.8/160.0/28,14.2/50.0/3,85,44/15,1018.9,13,91.6
1379,2013,2,(原板橋),16.5,26.7/21,10.9/31,107.7,6.7/90.0/11,12.4/50.0/28,73,36/31,1019.8,14,90.5
1380,2013,2,新竹,15.8,24.3/21,9.7/15,52.9,6.4/20.0/3,18.1/80.0/10,82,51/30,1016.9,12,108.0
1381,2013,2,臺中,16.9,26.5/22,10.4/15,11.2,6.1/10.0/17,14.7/10.0/17,74,32/31,1009.1,8,184.2
1382,2013,2,梧棲,15.6,20.6/21,9.7/1,12.0,14.4/360.0/14,27.3/10.0/17,85,56/27,1016.7,7,127.4
1383,2013,2,日月潭,14.3,24.0/7,7.6/1,20.0,6.1/340.0/11,13.6/200.0/11,82,40/16,905.4,7,161.5
1384,2013,2,嘉義,16.7,26.3/22,8.7/19,15.1,8.9/360.0/13,15.7/10.0/17,80,40/30,1015.7,4,155.1
1385,2013,2,阿里山,6.4,15.1/7,-0.7/29,32.1,5.2/20.0/14,12.6/30.0/14,82,23/30,765.5,8,128.5
1386,2013,2,玉山,-0.6,14.1/20,-10.5/28,19.5,17.4/220.0/13,28.3/220.0/13,60,13/31,640.7,5,210.4
1387,2013,2,臺南,17.5,26.3/31,11.0/18,7.5,10.3/20.0/13,19.4/20.0/13,73,33/30,1015.9,4,160.5
1388,2013,2,高雄,19.7,27.9/21,12.1/18,T,8.7/340.0/13,17.3/340.0/13,71,43/16,1018.2,0,173.0
1389,2013,2,恆春,21.4,27.7/13,15.2/16,37.1,13.8/30.0/3,29.5/20.0/3,70,46/31,1015.6,8,157.4
1390,2013,2,宜蘭,16.6,24.3/31,11.0/18,195.3,12.1/320.0/13,19.5/330.0/13,84,45/16,1020.4,21,72.4
1391,2013,2,蘇澳,16.7,24.0/31,10.8/18,669.8,8.9/300.0/13,23.6/270.0/13,85,42/16,1017.9,24,58.1
1392,2013,2,花蓮,18.4,25.9/22,12.4/1,58.0,12.1/40.0/17,20.9/50.0/17,72,40/15,1018.0,14,77.5
1393,2013,2,成功,19.1,26.3/22,12.9/18,62.9,9.6/10.0/17,18.6/360.0/17,76,47/15,1014.9,18,55.7
1394,2013,2,臺東,19.9,27.3/22,13.7/1,80.3,5.6/50.0/17,15.0/40.0/17,71,47/15,1018.5,8,73.3
1395,2013,2,大武,20.8,26.7/22,15.5/16,62.1,8.7/30.0/3,16.3/40.0/3,67,46/15,1017.8,13,90.6
1396,2013,2,蘭嶼,18.5,22.8/13,14.2/18,430.6,23.0/30.0/4,36.5/40.0/3,84,51/15,980.6,20,63.8
1397,2013,2,馬祖,9.8,21.1/21,4.9/18,3.0,8.3/30.0/3,21.5/20.0/3,79,50/18,1012.7,7,98.2
1398,2013,2,金門,13.4,22.5/31,7.0/18,T,8.3/70.0/27,19.8/50.0/3,72,38/27,1019.0,0,156.3
1399,2013,2,澎湖,16.0,22.0/31,12.3/18,7.2,11.3/20.0/3,22.6/360.0/3,79,60/14,1018.6,6,94.3
1400,2013,2,東吉島,17.1,22.3/31,12.8/18,16.5,20.8/20.0/17,27.6/20.0/17,76,59/30,1014.0,4,117.3
1401,2013,3,彭佳嶼,17.6,24.0/4,11.2/8,75.5,20.6/170.0/26,28.4/170.0/26,88,53/1,1007.7,18,64.3
1402,2013,3,基隆,17.4,26.4/17,12.2/9,337.7,9.4/10.0/12,15.4/10.0/8,86,51/1,1016.3,21,58.9
1403,2013,3,臺北,18.8,28.8/4,13.0/9,34.4,8.9/80.0/6,16.6/80.0/6,75,46/26,1018.5,5,69.9
1404,2013,3,鞍部,13.2,22.3/18,6.7/9,214.0,9.7/160.0/23,20.4/150.0/23,94,54/1,925.0,19,49.6
1405,2013,3,竹子湖,14.9,25.5/4,8.4/9,145.1,9.3/30.0/8,19.8/30.0/8,91,48/1,949.4,18,84.7
1406,2013,3,淡水,17.3,26.6/28,11.7/8,60.0,8.8/150.0/24,18.9/140.0/24,87,56/1,1017.2,10,75.4
1407,2013,3,(原板橋),18.6,28.4/4,13.2/9,30.0,7.8/100.0/24,14.5/70.0/16,76,43/26,1018.0,7,81.4
1408,2013,3,新竹,17.3,26.7/4,12.0/9,6.5,7.0/20.0/8,17.6/10.0/8,82,46/1,1015.5,7,77.4
1409,2013,3,臺中,19.4,29.3/17,13.9/1,1.2,5.5/360.0/22,13.1/350.0/22,74,39/17,1007.9,2,174.7
1410,2013,3,梧棲,17.1,25.4/5,12.5/9,4.3,13.9/360.0/23,23.8/360.0/19,88,50/1,1015.4,3,89.1
1411,2013,3,日月潭,17.5,27.1/4,11.3/10,1.0,5.3/180.0/10,15.0/340.0/10,81,45/1,905.2,1,174.8
1412,2013,3,嘉義,19.4,29.3/18,12.8/1,3.5,6.8/360.0/22,11.1/360.0/19,80,44/1,1014.5,2,157.9
1413,2013,3,阿里山,9.7,18.7/19,3.6/23,3.5,6.1/150.0/1,10.2/130.0/1,80,14/14,766.9,2,162.0
1414,2013,3,玉山,2.9,14.9/19,-7.2/28,3.0,12.8/290.0/25,21.3/280.0/13,56,13/7,643.6,3,259.3
1415,2013,3,臺南,20.4,29.4/27,13.5/9,1.5,8.6/30.0/19,14.5/40.0/19,73,39/1,1014.8,1,187.0
1416,2013,3,高雄,22.3,30.1/27,15.7/9,T,6.6/320.0/27,10.9/330.0/27,73,42/1,1017.0,0,207.1
1417,2013,3,恆春,23.5,30.0/27,18.0/10,13.5,12.0/30.0/8,26.4/40.0/8,73,45/6,1014.7,6,182.2
1418,2013,3,宜蘭,19.1,26.8/26,13.8/20,123.8,7.3/70.0/7,11.9/40.0/15,85,43/1,1018.6,13,75.5
1419,2013,3,蘇澳,19.1,27.3/18,13.5/9,389.2,8.5/20.0/7,18.9/40.0/15,86,52/1,1016.3,22,59.9
1420,2013,3,花蓮,20.7,27.2/4,15.8/1,70.0,10.2/40.0/22,18.4/40.0/8,75,49/1,1016.6,14,72.5
1421,2013,3,成功,21.2,28.2/19,16.7/10,101.0,11.1/40.0/8,18.7/30.0/8,80,59/6,1013.8,18,50.6
1422,2013,3,臺東,22.4,29.5/6,18.1/20,94.7,5.7/40.0/19,15.4/40.0/19,78,42/6,1017.2,17,76.4
1423,2013,3,大武,22.8,30.2/6,17.1/10,69.1,8.1/30.0/19,16.2/30.0/22,74,36/6,1016.9,15,114.4
1424,2013,3,蘭嶼,20.4,25.7/5,16.7/9,282.7,17.8/30.0/8,28.6/40.0/8,86,66/24,980.3,14,95.0
1425,2013,3,馬祖,10.6,23.8/18,3.8/8,49.8,8.8/30.0/7,21.1/10.0/7,84,53/1,1010.7,11,40.8
1426,2013,3,金門,14.7,25.0/18,7.4/8,17.6,8.8/50.0/22,21.6/30.0/8,79,48/23,1017.1,4,74.0
1427,2013,3,澎湖,17.7,27.3/18,12.9/22,22.7,11.3/20.0/19,21.9/20.0/19,82,53/1,1017.2,1,37.1
1428,2013,3,東吉島,18.8,26.6/18,14.2/22,10.5,18.7/20.0/23,26.4/360.0/19,80,58/1,1012.8,1,65.7
1429,2013,4,彭佳嶼,18.5,26.2/22,11.1/2,73.1,16.4/40.0/20,24.0/50.0/13,82,42/8,1005.1,12,117.7
1430,2013,4,基隆,18.7,28.9/18,9.7/4,112.6,10.2/10.0/13,15.8/20.0/13,79,37/8,1013.5,16,116.4
1431,2013,4,臺北,19.9,29.9/18,10.4/4,49.1,8.3/80.0/21,16.7/90.0/20,69,32/7,1015.8,11,117.7
1432,2013,4,鞍部,13.9,23.6/10,3.8/3,119.0,9.6/360.0/26,18.1/160.0/25,89,19/8,922.9,18,94.7
1433,2013,4,竹子湖,15.6,25.0/10,4.5/4,85.0,8.8/20.0/21,23.0/20.0/13,86,27/7,947.1,15,124.8
1434,2013,4,淡水,18.6,28.0/22,7.5/4,73.0,7.6/20.0/1,14.9/30.0/1,80,36/5,1014.6,12,113.7
1435,2013,4,(原板橋),19.7,29.5/13,10.9/4,65.0,7.1/270.0/18,16.3/270.0/18,71,21/7,1015.3,14,128.0
1436,2013,4,新竹,19.2,27.7/22,11.6/4,94.5,6.2/20.0/2,16.2/20.0/2,77,43/5,1012.9,13,129.9
1437,2013,4,臺中,21.0,30.0/23,11.6/4,62.7,5.0/350.0/28,11.4/330.0/26,72,24/7,1005.6,14,175.5
1438,2013,4,梧棲,19.9,27.4/1,11.5/3,49.6,14.2/360.0/14,23.0/360.0/2,82,41/8,1012.9,10,175.1
1439,2013,4,日月潭,17.8,29.2/23,10.3/7,29.5,9.8/130.0/27,12.9/130.0/27,83,31/7,903.5,9,170.5
1440,2013,4,嘉義,21.0,31.2/23,11.6/7,42.4,6.7/10.0/26,11.3/320.0/28,78,31/6,1012.2,8,181.3
1441,2013,4,阿里山,9.9,18.2/23,-0.3/7,75.4,5.0/160.0/10,14.3/270.0/29,77,17/8,765.7,8,154.3
1442,2013,4,玉山,1.4,15.4/9,-5.4/7,77.2,14.9/290.0/1,27.1/290.0/28,67,13/11,642.2,10,168.1
1443,2013,4,臺南,22.5,31.8/28,13.2/4,5.5,7.9/30.0/2,13.3/50.0/28,71,31/7,1012.5,5,203.7
1444,2013,4,高雄,23.9,31.1/23,16.1/3,23.0,7.1/360.0/27,17.4/330.0/27,71,37/7,1014.9,5,220.9
1445,2013,4,恆春,24.3,32.1/23,16.3/7,3.5,11.1/40.0/2,23.7/40.0/2,70,33/7,1012.6,2,226.9
1446,2013,4,宜蘭,20.1,29.7/24,9.7/4,35.4,9.3/70.0/20,14.3/80.0/20,78,34/8,1015.8,14,137.9
1447,2013,4,蘇澳,20.0,27.7/18,12.4/5,96.0,9.0/40.0/1,21.6/60.0/20,79,43/5,1013.5,15,125.9
1448,2013,4,花蓮,21.4,28.8/24,14.6/4,56.0,10.8/30.0/13,19.1/30.0/13,71,43/5,1013.9,10,121.0
1449,2013,4,成功,22.2,30.5/24,14.1/4,13.0,8.9/10.0/14,17.0/20.0/18,76,50/5,1011.1,16,109.1
1450,2013,4,臺東,23.2,36.3/18,14.6/4,5.5,5.8/200.0/24,15.9/30.0/14,70,35/18,1014.4,4,122.4
1451,2013,4,大武,23.7,36.0/24,16.2/4,3.8,9.2/30.0/14,16.9/30.0/14,70,27/24,1014.3,7,168.3
1452,2013,4,蘭嶼,21.1,28.3/29,15.1/3,33.2,24.8/40.0/2,33.1/40.0/14,85,58/9,978.1,11,118.3
1453,2013,4,馬祖,13.5,26.6/18,6.1/2,113.0,10.0/210.0/9,18.6/30.0/1,76,34/8,1007.1,14,135.4
1454,2013,4,金門,16.3,27.1/23,8.6/15,73.7,9.9/70.0/1,22.0/70.0/1,78,30/4,1014.0,10,160.3
1455,2013,4,澎湖,20.7,28.3/10,13.4/3,23.5,11.6/20.0/2,21.3/10.0/2,76,33/8,1014.5,8,158.4
1456,2013,4,東吉島,21.3,27.5/20,14.3/3,26.2,18.7/20.0/2,25.5/20.0/2,74,43/8,1010.5,6,175.0
1457,2013,5,彭佳嶼,20.1,28.2/30,13.6/7,187.0,16.8/40.0/30,25.8/300.0/5,81,41/12,1001.8,17,78.9
1458,2013,5,基隆,20.6,29.9/17,13.5/12,300.4,11.3/10.0/30,16.9/10.0/30,78,51/2,1010.1,22,62.6
1459,2013,5,臺北,21.1,32.6/30,13.4/12,253.0,8.1/80.0/3,15.4/70.0/7,74,50/15,1012.3,21,53.6
1460,2013,5,鞍部,15.4,24.2/29,6.4/6,371.5,10.2/360.0/6,20.4/140.0/11,90,28/26,920.4,20,47.7
1461,2013,5,竹子湖,16.8,27.6/29,8.1/7,294.4,9.5/20.0/12,18.5/20.0/12,88,39/26,944.3,20,61.7
1462,2013,5,淡水,20.6,31.6/30,12.3/15,259.5,8.0/20.0/30,15.2/30.0/30,81,44/15,1011.0,19,64.1
1463,2013,5,(原板橋),21.0,32.4/30,13.4/12,291.2,6.8/250.0/30,13.8/40.0/7,76,40/26,1011.7,23,66.0
1464,2013,5,新竹,20.9,30.5/30,14.1/3,287.1,6.0/10.0/30,16.5/70.0/10,81,36/26,1009.3,21,64.3
1465,2013,5,臺中,22.2,31.2/30,14.8/7,258.6,5.5/10.0/6,11.9/30.0/6,79,48/7,1002.5,21,69.5
1466,2013,5,梧棲,21.3,30.1/30,14.5/7,162.0,11.3/330.0/3,21.0/30.0/7,82,42/26,1009.5,18,84.7
1467,2013,5,日月潭,17.9,27.4/30,11.8/7,324.5,5.9/280.0/3,11.4/260.0/3,93,61/16,901.3,20,42.0
1468,2013,5,嘉義,22.5,32.0/30,14.5/7,161.4,7.7/250.0/30,12.5/270.0/30,82,54/23,1009.0,17,89.9
1469,2013,5,阿里山,11.3,19.4/24,3.3/7,455.4,5.9/280.0/6,14.4/290.0/5,91,26/16,764.2,20,60.0
1470,2013,5,玉山,2.9,13.3/16,-2.5/7,484.6,18.0/280.0/5,27.7/270.0/7,88,32/15,641.2,22,90.2
1471,2013,5,臺南,23.9,31.6/20,15.7/7,111.7,10.4/30.0/6,18.8/30.0/6,76,45/23,1009.4,8,110.4
1472,2013,5,高雄,25.1,31.0/25,17.2/7,94.5,6.8/340.0/25,14.7/280.0/6,76,54/25,1011.8,8,130.3
1473,2013,5,恆春,25.0,31.2/25,19.2/7,79.5,10.6/30.0/26,23.2/20.0/26,74,42/26,1009.6,3,179.5
1474,2013,5,宜蘭,20.6,29.9/18,13.3/12,168.1,8.6/50.0/30,14.0/70.0/30,84,39/26,1012.6,20,66.8
1475,2013,5,蘇澳,20.8,29.4/23,13.8/12,177.8,8.6/50.0/20,20.0/70.0/30,81,45/26,1010.4,20,70.0
1476,2013,5,花蓮,21.5,29.5/24,15.5/7,126.0,11.2/50.0/6,19.6/30.0/6,80,40/26,1010.9,19,63.6
1477,2013,5,成功,22.3,30.2/18,15.3/7,101.0,8.5/20.0/20,15.4/30.0/21,81,46/26,1008.2,22,40.7
1478,2013,5,臺東,23.4,31.6/14,16.5/7,46.5,7.2/200.0/30,15.0/30.0/14,76,48/26,1011.7,16,67.6
1479,2013,5,大武,24.2,34.8/30,16.9/8,72.1,9.3/190.0/16,14.6/10.0/6,75,35/26,1011.3,12,106.5
1480,2013,5,蘭嶼,21.4,26.9/25,14.9/7,165.0,24.6/40.0/10,34.5/50.0/10,89,65/26,975.3,17,52.1
1481,2013,5,馬祖,16.3,26.2/30,10.3/8,120.0,10.3/210.0/30,19.1/210.0/30,77,45/7,1003.4,16,109.1
1482,2013,5,金門,18.3,27.5/29,11.0/7,188.4,8.6/60.0/30,18.7/60.0/2,85,44/7,1010.5,18,83.0
1483,2013,5,澎湖,22.3,30.0/30,16.8/7,159.6,9.3/20.0/10,18.5/10.0/6,80,47/26,1011.2,19,84.4
1484,2013,5,東吉島,22.7,28.4/24,17.8/7,157.6,16.7/20.0/7,23.4/30.0/7,80,52/26,1007.3,13,87.2
1485,2013,6,彭佳嶼,23.5,30.4/29,16.0/1,363.2,15.1/310.0/11,21.7/30.0/1,89,50/1,998.4,16,105.8
1486,2013,6,基隆,25.0,33.9/28,15.1/1,424.5,9.9/230.0/19,17.5/220.0/19,80,52/1,1006.3,15,84.4
1487,2013,6,臺北,26.0,36.1/30,14.4/1,338.4,7.0/80.0/1,14.6/80.0/1,72,48/30,1008.5,16,77.4
1488,2013,6,鞍部,20.1,28.6/29,8.6/1,565.5,8.3/360.0/11,16.8/350.0/11,90,40/3,918.4,17,61.1
1489,2013,6,竹子湖,21.6,30.6/30,9.4/1,459.4,10.1/20.0/1,19.0/10.0/1,87,41/3,941.9,15,79.4
1490,2013,6,淡水,25.2,33.9/28,14.5/1,456.0,6.6/150.0/8,13.6/140.0/4,80,49/2,1007.2,11,82.1
1491,2013,6,(原板橋),25.8,35.9/28,13.9/1,351.2,6.7/260.0/20,14.6/240.0/19,74,42/28,1007.9,18,95.3
1492,2013,6,新竹,26.0,34.6/28,14.3/1,390.9,5.6/60.0/1,14.9/70.0/1,78,37/2,1005.9,16,105.4
1493,2013,6,臺中,26.4,34.1/31,19.1/1,356.4,4.8/170.0/22,12.0/180.0/22,75,48/30,999.8,18,111.1
1494,2013,6,梧棲,25.9,32.9/27,16.9/1,273.6,10.2/360.0/4,19.7/10.0/1,79,50/2,1006.5,14,143.7
1495,2013,6,日月潭,20.8,30.4/31,16.0/3,738.0,6.3/160.0/15,18.0/250.0/21,92,59/30,900.1,25,72.4
1496,2013,6,嘉義,26.6,34.4/31,19.2/1,376.7,8.8/220.0/22,17.8/230.0/22,80,53/31,1006.4,14,135.8
1497,2013,6,阿里山,13.2,20.6/24,7.9/26,1102.4,5.2/150.0/15,15.6/260.0/19,94,49/26,764.4,25,61.8
1498,2013,6,玉山,5.3,14.5/25,0.6/2,838.5,14.3/290.0/24,25.8/230.0/1,88,18/26,642.4,26,76.3
1499,2013,6,臺南,27.3,33.4/31,21.5/3,286.0,9.4/190.0/22,20.7/200.0/22,79,57/27,1007.0,14,135.9
1500,2013,6,高雄,27.6,32.8/30,21.6/2,351.0,5.8/340.0/19,13.9/290.0/1,82,66/28,1009.5,14,173.6
1501,2013,6,恆春,27.1,32.8/30,19.9/2,287.5,8.6/30.0/1,17.9/70.0/2,81,56/2,1007.5,15,179.8
1502,2013,6,宜蘭,24.5,32.4/29,14.4/1,230.5,7.7/50.0/1,11.8/60.0/1,87,52/2,1008.9,18,81.8
1503,2013,6,蘇澳,24.7,31.7/28,15.1/1,257.1,7.6/150.0/15,15.4/360.0/1,84,45/2,1006.9,23,104.2
1504,2013,6,花蓮,24.9,33.5/28,17.9/1,425.7,11.0/40.0/1,18.3/50.0/1,84,44/2,1007.7,24,94.9
1505,2013,6,成功,25.3,32.5/27,18.7/2,406.0,10.3/30.0/1,18.0/10.0/1,86,47/2,1005.1,21,67.5
1506,2013,6,臺東,26.4,33.4/27,18.7/2,321.9,5.4/40.0/1,13.2/20.0/1,81,48/2,1008.5,18,109.1
1507,2013,6,大武,26.2,35.7/29,18.2/2,255.9,7.7/30.0/1,15.1/30.0/1,80,48/10,1008.5,18,132.1
1508,2013,6,蘭嶼,23.9,29.6/30,17.4/1,122.9,25.1/40.0/1,34.8/50.0/1,91,67/3,973.2,16,88.4
1509,2013,6,馬祖,21.3,30.8/29,13.0/1,182.3,11.4/210.0/27,21.5/230.0/29,86,46/1,999.3,19,100.2
1510,2013,6,金門,23.4,29.9/31,14.1/1,297.2,9.1/260.0/19,19.5/90.0/1,88,43/1,1006.4,13,95.9
1511,2013,6,澎湖,25.7,31.8/31,20.1/3,243.6,9.6/30.0/1,27.1/200.0/17,83,54/2,1008.3,16,149.5
1512,2013,6,東吉島,25.5,30.5/31,20.5/3,141.5,15.4/360.0/1,21.0/360.0/1,85,66/1,1004.7,12,167.3
1513,2013,7,彭佳嶼,26.3,31.9/24,21.0/5,217.8,15.7/170.0/21,22.3/170.0/21,91,65/8,995.4,11,172.9
1514,2013,7,基隆,28.2,36.2/27,23.1/11,128.5,8.1/200.0/28,15.3/250.0/28,77,47/8,1003.1,13,151.0
1515,2013,7,臺北,29.2,36.7/27,22.9/4,203.1,8.1/V/4,19.0/280.0/4,69,48/8,1005.3,15,107.9
1516,2013,7,鞍部,23.0,29.2/29,18.1/6,81.0,9.2/190.0/14,19.1/200.0/14,87,51/29,916.5,10,104.4
1517,2013,7,竹子湖,24.5,30.9/29,19.9/6,109.4,6.1/20.0/12,12.4/350.0/2,84,54/29,939.8,12,135.1
1518,2013,7,淡水,28.5,35.5/21,23.3/6,61.5,5.8/140.0/14,14.2/120.0/14,76,52/6,1004.4,9,166.3
1519,2013,7,(原板橋),29.0,36.4/29,23.1/6,132.5,6.5/250.0/27,15.3/270.0/27,71,44/8,1005.0,13,149.1
1520,2013,7,新竹,28.9,34.7/24,23.2/5,114.9,6.1/270.0/27,16.8/270.0/24,74,49/24,1003.2,9,190.7
1521,2013,7,臺中,28.8,34.6/21,24.2/4,72.6,5.3/220.0/24,13.8/230.0/24,72,48/19,997.4,14,153.4
1522,2013,7,梧棲,28.4,33.6/21,24.6/6,70.9,9.7/360.0/13,19.7/250.0/24,77,54/24,1004.1,12,191.7
1523,2013,7,日月潭,22.9,30.3/28,18.8/24,137.0,9.3/280.0/24,18.4/270.0/24,87,59/28,898.6,17,113.6
1524,2013,7,嘉義,28.8,35.3/23,23.4/7,81.7,11.5/240.0/24,21.0/210.0/4,74,50/23,1004.0,9,179.5
1525,2013,7,阿里山,14.9,22.2/30,9.9/7,187.1,4.3/160.0/12,12.7/270.0/24,86,37/29,763.8,17,122.3
1526,2013,7,玉山,7.1,18.9/29,2.9/19,137.0,16.8/150.0/14,23.8/140.0/13,81,28/28,643.1,18,138.7
1527,2013,7,臺南,29.5,35.2/22,24.1/24,233.5,8.6/200.0/23,15.4/210.0/23,75,51/6,1004.4,7,205.1
1528,2013,7,高雄,29.8,34.5/30,25.5/23,87.0,9.0/170.0/21,16.8/160.0/21,77,57/22,1006.9,9,238.6
1529,2013,7,恆春,29.1,34.3/6,23.9/22,183.5,7.5/20.0/13,14.9/250.0/27,78,55/20,1004.8,11,220.9
1530,2013,7,宜蘭,27.7,35.0/19,22.1/6,81.0,8.0/70.0/3,10.4/60.0/3,83,50/19,1005.8,12,170.2
1531,2013,7,蘇澳,27.7,33.4/23,22.6/6,140.8,8.0/160.0/18,15.3/170.0/21,80,57/30,1003.7,11,162.2
1532,2013,7,花蓮,27.8,33.8/9,23.5/6,175.5,10.1/170.0/22,16.5/160.0/21,77,56/24,1004.5,12,179.3
1533,2013,7,成功,27.7,33.7/9,23.2/6,275.8,6.9/220.0/23,18.8/220.0/24,83,59/28,1002.2,10,171.4
1534,2013,7,臺東,29.0,34.5/27,24.6/22,417.5,6.3/200.0/24,13.7/210.0/24,77,50/28,1005.5,12,208.5
1535,2013,7,大武,28.5,37.4/27,23.3/19,480.9,6.7/30.0/13,13.6/120.0/21,75,40/8,1005.7,10,224.1
1536,2013,7,蘭嶼,26.3,30.2/9,22.6/15,68.8,21.0/270.0/28,29.8/270.0/27,88,57/19,970.9,12,182.1
1537,2013,7,馬祖,25.2,31.8/30,18.5/4,168.6,11.4/200.0/25,21.6/210.0/25,84,55/17,995.7,10,150.7
1538,2013,7,金門,26.7,33.2/21,21.8/13,151.4,8.0/230.0/25,14.0/80.0/2,91,73/21,1003.3,13,163.0
1539,2013,7,澎湖,28.0,33.4/21,24.4/12,86.5,7.7/180.0/23,15.0/180.0/24,83,63/17,1005.9,5,200.1
1540,2013,7,東吉島,27.7,32.6/7,24.2/24,141.0,15.4/150.0/22,22.6/140.0/22,85,70/21,1002.2,6,204.7
1541,2013,8,彭佳嶼,27.4,32.0/24,23.4/17,102.7,35.7/120.0/13,59.4/120.0/13,89,64/27,997.3,5,306.3
1542,2013,8,基隆,29.5,35.3/30,24.7/13,76.1,29.8/10.0/13,50.0/10.0/13,68,45/17,1004.9,3,259.1
1543,2013,8,臺北,29.5,37.9/30,24.2/13,240.5,14.7/80.0/13,33.8/50.0/13,68,46/30,1007.0,11,156.7
1544,2013,8,鞍部,23.3,30.1/30,18.7/17,305.0,26.4/360.0/13,45.1/330.0/13,85,60/30,918.1,5,154.8
1545,2013,8,竹子湖,24.7,33.0/30,19.6/7,168.8,9.6/300.0/13,35.9/310.0/13,82,51/30,941.5,6,168.7
1546,2013,8,淡水,29.1,35.2/17,23.8/7,133.5,13.2/360.0/13,32.3/90.0/13,71,47/17,1006.1,5,237.5
1547,2013,8,(原板橋),29.2,36.9/30,23.4/14,255.1,14.0/340.0/13,31.5/350.0/13,69,39/30,1006.7,12,202.4
1548,2013,8,新屋,28.8,33.1/14,22.5/13,114.3,22.7/20.0/13,38.5/10.0/13,77,51/18,1005.8,4,266.6
1549,2013,8,新竹,28.9,35.2/14,22.1/14,274.4,10.8/360.0/13,29.7/340.0/13,73,48/17,1005.0,11,246.1
1550,2013,8,臺中,28.1,35.1/5,22.6/31,467.7,8.6/230.0/13,25.2/230.0/13,74,43/8,998.9,21,193.7
1551,2013,8,梧棲,28.7,33.7/2,20.6/13,567.5,22.9/260.0/13,31.9/310.0/13,74,51/31,1005.6,11,255.8
1552,2013,8,日月潭,22.9,31.8/23,17.9/11,645.8,16.6/260.0/13,43.8/250.0/13,81,41/8,899.9,21,157.5
1553,2013,8,嘉義,28.4,36.2/1,22.3/10,336.7,12.3/230.0/13,22.5/240.0/13,76,47/8,1005.5,20,212.9
1554,2013,8,阿里山,14.4,21.8/12,8.3/11,1182.0,9.5/310.0/13,29.7/280.0/13,90,36/12,764.8,25,129.4
1555,2013,8,玉山,7.2,18.2/28,1.1/13,631.4,27.1/140.0/17,39.4/250.0/13,78,30/16,643.9,19,169.8
1556,2013,8,臺南,29.4,35.7/1,22.5/9,148.9,10.0/330.0/13,20.2/330.0/13,73,49/19,1005.9,9,216.5
1557,2013,8,高雄,29.7,35.7/1,24.6/14,185.5,9.9/320.0/13,18.4/330.0/12,75,52/1,1008.4,12,248.1
1558,2013,8,恆春,28.6,33.5/4,23.5/14,239.0,10.9/280.0/13,24.8/280.0/13,77,54/10,1006.7,17,231.5
1559,2013,8,宜蘭,28.6,35.4/7,24.0/19,200.2,22.3/300.0/13,37.1/300.0/13,76,48/7,1007.6,7,253.6
1560,2013,8,蘇澳,29.0,34.0/4,24.7/17,138.6,19.6/270.0/13,37.9/300.0/13,73,50/17,1005.4,9,276.8
1561,2013,8,花蓮,28.3,36.3/12,23.4/18,42.5,13.9/220.0/13,23.7/230.0/13,75,39/12,1006.5,8,275.2
1562,2013,8,成功,27.9,36.2/13,23.5/18,97.6,17.2/210.0/13,32.8/210.0/13,80,38/13,1004.4,11,246.1
1563,2013,8,臺東,29.1,36.8/13,23.7/18,172.4,6.8/210.0/13,20.5/180.0/13,75,36/13,1008.0,10,275.0
1564,2013,8,大武,28.2,35.9/5,23.0/14,328.1,10.3/190.0/13,26.1/210.0/13,76,41/12,1008.1,16,257.6
1565,2013,8,蘭嶼,25.9,30.3/4,21.1/19,313.3,29.1/270.0/13,44.8/270.0/13,89,65/12,973.0,19,204.8
1566,2013,8,馬祖,27.7,34.0/31,22.3/13,44.1,16.5/170.0/14,36.0/180.0/14,78,54/31,996.9,4,299.1
1567,2013,8,金門,27.9,33.5/1,23.3/18,355.6,13.2/230.0/13,21.8/230.0/13,87,57/12,1005.2,10,251.5
1568,2013,8,澎湖,29.1,34.5/30,23.8/13,55.1,10.8/250.0/13,19.4/180.0/13,78,55/1,1007.6,6,277.9
1569,2013,8,東吉島,28.6,33.4/29,25.0/9,48.2,20.6/210.0/13,24.9/210.0/13,79,60/31,1003.8,8,271.1
1570,2013,9,彭佳嶼,28.0,32.7/8,23.9/31,234.6,38.7/170.0/21,57.0/160.0/21,88,65/18,994.6,9,253.3
1571,2013,9,基隆,29.3,35.9/5,23.6/31,487.9,11.8/10.0/31,19.8/240.0/29,72,45/5,1002.5,11,215.4
1572,2013,9,臺北,29.6,39.3/8,24.5/31,808.7,8.4/120.0/1,16.7/110.0/1,68,45/8,1004.6,13,159.6
1573,2013,9,鞍部,24.1,31.2/4,19.7/18,985.5,15.6/360.0/21,26.8/360.0/21,83,54/1,915.9,11,145.1
1574,2013,9,竹子湖,24.8,32.9/9,21.0/30,854.5,6.7/20.0/23,16.2/320.0/21,83,55/1,939.2,12,160.5
1575,2013,9,淡水,29.1,38.1/13,24.3/31,702.0,7.1/300.0/21,16.4/130.0/1,75,41/1,1003.6,11,209.1
1576,2013,9,(原板橋),29.1,37.2/9,23.5/25,720.4,7.4/240.0/29,14.9/280.0/21,70,44/5,1004.3,16,182.9
1577,2013,9,新屋,28.8,34.6/28,23.9/29,510.6,14.8/250.0/21,23.8/200.0/21,81,52/28,1003.1,12,228.6
1578,2013,9,新竹,28.9,36.2/28,23.7/25,559.8,5.7/270.0/21,14.8/270.0/21,75,46/8,1002.6,11,208.8
1579,2013,9,臺中,28.2,34.7/9,22.2/30,763.0,6.6/180.0/22,13.7/330.0/21,77,48/13,996.6,14,151.5
1580,2013,9,梧棲,28.5,33.0/13,22.9/30,653.1,15.3/340.0/21,24.6/330.0/21,78,55/9,1003.1,12,194.2
1581,2013,9,日月潭,22.9,31.1/9,17.9/29,822.5,8.1/220.0/22,20.9/210.0/22,82,40/1,897.8,16,103.5
1582,2013,9,嘉義,28.0,34.9/6,23.3/30,1367.2,9.3/220.0/22,19.6/230.0/22,82,55/9,1003.2,21,167.3
1583,2013,9,阿里山,14.8,21.0/12,9.9/29,1386.7,6.1/310.0/21,17.5/260.0/21,92,55/10,763.7,24,85.0
1584,2013,9,玉山,7.7,20.3/8,3.1/1,722.3,25.1/130.0/1,30.8/140.0/1,85,37/6,642.7,20,138.0
1585,2013,9,臺南,28.9,34.6/11,23.4/29,806.5,10.7/320.0/29,22.5/220.0/31,79,49/10,1003.6,15,175.7
1586,2013,9,高雄,29.0,34.3/13,23.2/29,765.7,10.3/320.0/29,19.5/320.0/31,81,55/13,1006.1,17,185.0
1587,2013,9,恆春,28.2,34.0/9,23.2/31,597.5,10.6/30.0/1,21.4/40.0/1,80,57/26,1004.3,21,173.9
1588,2013,9,宜蘭,28.5,35.6/5,24.2/31,318.3,8.4/100.0/12,14.7/150.0/1,80,49/1,1005.0,11,200.9
1589,2013,9,蘇澳,28.9,34.1/6,24.9/31,250.3,11.7/170.0/22,20.0/220.0/22,77,51/6,1003.0,12,220.5
1590,2013,9,花蓮,28.3,33.6/10,23.6/16,72.1,11.8/180.0/22,17.8/190.0/22,76,49/12,1004.0,15,220.6
1591,2013,9,成功,27.7,33.0/11,23.3/1,103.6,11.7/210.0/22,24.2/200.0/22,82,52/29,1001.6,15,184.6
1592,2013,9,臺東,28.7,33.4/19,24.6/1,171.1,7.6/200.0/22,17.6/200.0/29,77,56/19,1005.2,16,209.2
1593,2013,9,大武,28.0,37.3/21,23.6/1,548.9,6.9/180.0/21,15.8/220.0/29,78,47/21,1005.4,18,184.1
1594,2013,9,蘭嶼,25.7,30.7/3,21.8/1,495.5,25.0/260.0/29,38.1/270.0/21,88,58/19,970.2,21,145.7
1595,2013,9,馬祖,27.8,34.3/10,22.0/31,145.4,16.6/70.0/22,36.6/20.0/21,80,53/10,995.1,7,226.6
1596,2013,9,金門,27.7,35.0/25,23.2/31,181.9,15.4/270.0/29,21.6/280.0/29,87,58/28,1002.8,12,188.8
1597,2013,9,澎湖,28.7,34.3/11,23.8/31,303.7,9.0/250.0/30,16.5/350.0/21,85,63/17,1005.2,12,213.9
1598,2013,9,東吉島,28.2,33.3/10,23.9/31,363.0,23.8/210.0/22,33.7/210.0/22,82,67/10,1001.4,12,210.3
1599,2013,10,彭佳嶼,26.3,30.7/11,22.3/18,106.2,18.9/130.0/22,27.9/120.0/22,84,59/4,998.9,11,245.8
1600,2013,10,基隆,27.1,33.2/13,21.1/3,287.3,10.9/10.0/1,21.6/50.0/21,78,53/2,1006.8,13,168.1
1601,2013,10,臺北,27.9,35.8/14,21.2/2,143.1,9.2/90.0/21,20.9/80.0/21,67,48/24,1008.6,10,194.1
1602,2013,10,鞍部,21.2,29.6/13,15.5/2,588.0,12.4/360.0/1,29.1/150.0/21,90,64/2,919.0,15,109.8
1603,2013,10,竹子湖,22.9,30.7/13,17.3/2,495.3,6.2/20.0/24,22.2/120.0/21,84,57/2,942.3,15,171.7
1604,2013,10,淡水,27.4,35.5/13,19.4/2,152.5,7.5/140.0/23,18.7/130.0/21,72,45/25,1007.4,11,196.0
1605,2013,10,(原板橋),27.8,35.7/11,20.0/3,158.8,8.1/70.0/21,17.6/70.0/21,67,40/24,1008.1,11,200.9
1606,2013,10,新屋,27.2,32.8/11,21.2/2,34.5,14.2/70.0/21,25.4/50.0/21,77,52/24,1006.4,9,218.5
1607,2013,10,新竹,27.7,35.0/9,20.6/2,23.3,8.2/60.0/21,22.8/60.0/21,71,44/9,1005.5,7,223.0
1608,2013,10,臺中,27.8,34.0/20,20.6/2,44.9,4.9/10.0/15,10.3/320.0/15,73,40/3,998.4,6,169.0
1609,2013,10,梧棲,27.3,32.8/18,21.8/1,22.1,13.2/360.0/20,25.1/360.0/20,75,54/18,1005.1,4,216.4
1610,2013,10,日月潭,22.6,33.0/20,17.7/2,111.0,10.8/120.0/21,20.9/160.0/21,82,44/20,899.2,8,131.2
1611,2013,10,嘉義,27.5,34.4/19,20.6/2,134.9,6.1/240.0/12,11.3/10.0/1,80,47/6,1004.9,9,186.3
1612,2013,10,阿里山,14.1,20.9/19,5.7/17,295.4,6.5/110.0/21,22.2/90.0/21,90,39/19,764.5,17,112.6
1613,2013,10,玉山,7.9,21.3/30,-0.3/2,329.0,21.5/130.0/18,41.1/120.0/21,75,13/17,643.1,10,166.5
1614,2013,10,臺南,28.6,33.8/9,23.4/2,60.2,9.0/170.0/22,18.0/170.0/22,74,40/3,1005.3,6,190.8
1615,2013,10,高雄,28.6,32.6/16,22.8/2,93.5,9.3/150.0/22,20.3/160.0/22,77,57/3,1007.5,7,219.9
1616,2013,10,恆春,28.0,33.0/19,23.3/3,450.5,19.1/40.0/21,45.5/20.0/21,73,51/17,1005.9,14,210.5
1617,2013,10,宜蘭,26.6,32.6/15,20.7/3,335.5,10.5/110.0/21,20.1/120.0/21,81,47/3,1009.1,14,160.7
1618,2013,10,蘇澳,27.0,31.3/13,22.2/3,271.1,12.8/100.0/21,22.8/110.0/21,79,52/3,1007.3,17,176.5
1619,2013,10,花蓮,26.8,31.9/11,22.1/5,489.6,12.3/20.0/21,23.0/20.0/21,74,44/17,1007.8,15,179.7
1620,2013,10,成功,27.0,32.7/11,21.6/3,451.6,14.4/10.0/20,26.6/360.0/21,77,50/17,1004.6,15,172.5
1621,2013,10,臺東,27.8,33.7/18,23.4/17,292.0,8.8/40.0/21,24.5/10.0/21,75,47/17,1008.1,14,198.4
1622,2013,10,大武,27.7,32.7/15,22.1/26,383.1,12.7/360.0/21,29.4/10.0/21,74,43/17,1007.8,14,200.2
1623,2013,10,蘭嶼,24.9,29.3/11,21.2/3,431.6,39.9/40.0/20,65.3/40.0/20,88,70/17,971.5,24,112.5
1624,2013,10,馬祖,26.3,31.5/13,22.6/27,23.0,11.1/70.0/22,23.9/60.0/21,76,52/3,1000.5,8,199.8
1625,2013,10,金門,26.9,33.0/20,22.5/2,27.9,11.6/30.0/21,26.3/30.0/21,72,47/20,1006.6,6,185.7
1626,2013,10,澎湖,27.9,32.6/14,24.1/1,9.4,12.1/140.0/22,27.1/20.0/21,79,56/4,1007.4,3,222.3
1627,2013,10,東吉島,27.4,31.4/12,24.3/1,23.6,22.0/140.0/22,30.1/360.0/21,79,58/4,1003.3,2,240.0
1628,2013,11,彭佳嶼,23.5,28.1/7,18.8/26,86.3,33.7/320.0/6,44.3/340.0/6,76,55/22,1002.4,9,179.3
1629,2013,11,基隆,24.0,30.4/7,18.5/28,98.5,12.0/10.0/24,23.7/300.0/6,74,52/26,1011.0,19,69.3
1630,2013,11,臺北,24.2,32.2/8,17.8/27,102.4,8.6/300.0/6,21.2/320.0/6,68,50/16,1013.4,12,97.1
1631,2013,11,鞍部,17.2,24.5/8,11.5/26,495.0,17.8/360.0/6,29.6/350.0/6,92,73/29,921.9,26,41.3
1632,2013,11,竹子湖,19.0,27.7/8,13.5/26,465.0,7.0/20.0/17,19.6/360.0/6,86,66/16,945.7,25,96.6
1633,2013,11,淡水,23.6,31.9/7,16.4/27,77.0,7.8/300.0/6,16.8/300.0/6,74,46/29,1012.0,15,113.2
1634,2013,11,(原板橋),24.0,31.9/8,17.3/27,76.1,6.8/240.0/6,16.1/290.0/6,68,44/16,1012.9,11,119.2
1635,2013,11,新屋,24.3,31.5/7,18.1/27,7.0,14.0/50.0/13,21.6/50.0/13,71,48/25,1011.6,8,170.5
1636,2013,11,新竹,24.2,32.7/7,16.9/28,37.4,7.3/20.0/11,17.8/20.0/31,68,41/30,1010.2,6,212.2
1637,2013,11,臺中,24.9,33.7/7,16.2/27,2.7,6.6/10.0/5,15.0/30.0/5,65,39/28,1002.3,1,242.3
1638,2013,11,梧棲,24.1,32.1/7,16.5/27,3.5,15.1/360.0/25,24.8/360.0/5,72,42/2,1009.4,1,271.2
1639,2013,11,日月潭,20.1,28.5/14,12.4/28,7.0,4.5/320.0/6,10.5/320.0/6,80,44/28,901.5,3,163.8
1640,2013,11,嘉義,24.2,33.1/7,15.0/27,4.5,8.1/10.0/24,14.0/10.0/6,77,43/28,1008.9,1,235.8
1641,2013,11,阿里山,11.6,20.7/10,-0.1/27,16.1,4.5/70.0/6,12.4/20.0/6,83,23/3,765.1,3,164.9
1642,2013,11,玉山,7.3,18.9/1,-0.8/26,4.0,17.5/100.0/12,21.6/120.0/12,55,13/27,643.0,3,301.8
1643,2013,11,臺南,25.7,33.3/10,17.5/27,0,11.4/10.0/6,21.7/20.0/6,69,42/28,1009.1,0,222.3
1644,2013,11,高雄,26.6,31.5/1,20.6/27,23.0,8.9/340.0/6,21.6/340.0/6,69,48/23,1011.3,2,243.3
1645,2013,11,恆春,26.2,32.7/9,20.2/24,28.0,10.5/30.0/31,21.4/30.0/31,68,46/3,1009.5,9,235.7
1646,2013,11,宜蘭,23.5,31.9/8,16.6/26,183.2,10.4/300.0/6,21.0/290.0/6,77,43/16,1013.1,19,87.7
1647,2013,11,蘇澳,24.2,31.5/8,18.6/28,266.3,10.5/90.0/12,21.4/270.0/23,74,48/22,1011.1,21,113.0
1648,2013,11,花蓮,24.6,33.2/5,17.8/27,175.5,10.3/40.0/3,19.0/50.0/3,72,41/22,1011.0,13,156.7
1649,2013,11,成功,25.1,31.9/7,19.5/28,100.2,9.7/30.0/31,18.2/10.0/6,70,44/3,1007.9,21,151.9
1650,2013,11,臺東,25.8,33.3/7,19.3/28,6.0,5.5/40.0/21,15.2/40.0/31,68,42/3,1011.7,10,195.5
1651,2013,11,大武,25.8,34.3/8,18.3/27,136.8,8.3/360.0/13,18.1/350.0/13,69,43/8,1011.4,10,190.7
1652,2013,11,蘭嶼,23.2,28.5/7,19.5/17,44.9,22.0/30.0/4,32.1/10.0/31,83,61/6,974.6,16,146.2
1653,2013,11,馬祖,23.0,32.3/7,16.1/26,3.2,11.3/270.0/6,21.0/230.0/7,66,39/25,1005.1,1,237.0
1654,2013,11,金門,24.1,33.1/6,17.0/27,3.9,9.9/270.0/7,18.6/60.0/12,62,32/25,1011.4,1,235.8
1655,2013,11,澎湖,25.2,31.1/8,20.3/26,T,11.2/40.0/24,22.3/40.0/24,70,39/24,1011.6,0,206.1
1656,2013,11,東吉島,25.0,29.6/8,20.7/26,0,19.1/20.0/5,26.5/10.0/25,72,50/2,1007.2,0,242.8
1657,2013,12,彭佳嶼,15.9,22.9/8,8.5/27,160.0,16.6/10.0/18,25.7/10.0/18,74,48/4,1008.5,16,62.7
1658,2013,12,基隆,16.2,24.3/8,10.2/27,624.8,11.5/10.0/18,17.7/360.0/18,79,51/3,1017.0,24,41.7
1659,2013,12,臺北,16.4,26.4/8,9.9/28,229.7,6.7/80.0/15,14.2/60.0/1,71,44/3,1019.2,20,57.6
1660,2013,12,鞍部,10.0,20.2/8,2.2/27,687.0,11.3/360.0/16,21.4/150.0/15,95,47/3,924.9,25,49.8
1661,2013,12,竹子湖,11.8,22.3/8,4.6/27,451.1,9.4/20.0/16,18.3/20.0/16,87,45/3,949.4,23,69.5
1662,2013,12,淡水,16.2,27.4/8,8.8/28,215.0,6.8/10.0/16,16.8/10.0/18,78,34/3,1018.2,15,71.6
1663,2013,12,(原板橋),16.2,26.9/8,10.0/28,233.7,5.5/50.0/2,13.1/360.0/26,73,32/4,1018.7,18,68.5
1664,2013,12,新屋,16.2,28.2/8,8.4/4,163.0,13.4/50.0/24,21.0/80.0/15,75,41/3,1016.9,12,75.2
1665,2013,12,新竹,16.1,27.1/8,9.4/1,164.9,6.5/20.0/24,19.1/40.0/15,74,24/3,1015.6,16,84.0
1666,2013,12,臺中,17.1,28.4/7,9.1/28,69.4,5.8/10.0/26,13.4/350.0/16,70,19/2,1007.7,15,128.2
1667,2013,12,梧棲,16.3,24.9/9,9.6/28,84.9,15.3/360.0/16,26.3/10.0/27,76,43/5,1015.2,12,127.1
1668,2013,12,日月潭,14.2,25.3/16,6.0/28,78.0,5.1/150.0/20,8.4/160.0/20,75,23/4,904.0,13,117.9
1669,2013,12,嘉義,16.8,28.3/7,6.2/28,46.2,8.4/40.0/17,15.1/360.0/16,78,29/2,1014.2,9,139.3
1670,2013,12,阿里山,6.9,16.9/16,-1.8/5,145.0,4.6/170.0/31,16.7/300.0/17,83,22/3,765.0,14,111.9
1671,2013,12,玉山,-0.3,11.2/5,-9.5/27,152.5,17.3/220.0/25,31.8/250.0/18,71,13/6,640.6,7,189.2
1672,2013,12,臺南,18.0,27.5/9,9.2/28,21.1,10.8/30.0/17,21.8/30.0/17,72,28/5,1014.4,5,136.7
1673,2013,12,高雄,19.9,28.9/9,12.0/28,48.0,8.4/10.0/17,17.8/10.0/17,67,35/6,1016.5,5,139.1
1674,2013,12,恆春,21.1,29.0/9,15.6/28,119.5,13.4/30.0/24,29.0/20.0/24,69,42/4,1014.2,8,101.9
1675,2013,12,宜蘭,16.1,26.1/9,10.2/27,381.9,8.7/300.0/9,15.7/320.0/9,83,42/9,1019.1,23,42.0
1676,2013,12,蘇澳,16.5,26.2/9,11.1/29,749.8,9.6/100.0/15,19.5/60.0/9,81,45/3,1017.0,26,41.4
1677,2013,12,花蓮,18.1,26.0/16,11.3/28,95.5,10.7/50.0/26,18.9/40.0/9,73,42/28,1016.9,11,56.6
1678,2013,12,成功,19.1,27.3/9,12.5/27,81.9,8.9/30.0/24,17.0/10.0/24,72,43/5,1013.4,17,65.6
1679,2013,12,臺東,19.4,27.8/9,11.8/28,51.0,5.6/40.0/9,14.9/60.0/26,71,43/5,1017.1,11,82.7
1680,2013,12,大武,20.4,27.5/9,15.1/28,59.0,7.8/30.0/15,15.6/20.0/24,69,43/5,1016.5,6,69.6
1681,2013,12,蘭嶼,18.2,25.2/9,12.2/27,715.3,23.0/10.0/24,35.5/350.0/24,85,51/5,978.9,24,45.2
1682,2013,12,馬祖,12.3,22.4/9,5.6/28,109.0,9.8/360.0/16,21.6/20.0/16,70,37/31,1011.3,8,113.0
1683,2013,12,金門,14.4,24.7/9,7.0/30,55.3,6.9/50.0/16,17.4/50.0/16,65,33/31,1017.6,6,130.2
1684,2013,12,澎湖,18.1,25.1/8,11.6/27,14.2,10.3/40.0/24,21.3/10.0/16,73,45/3,1017.0,11,111.8
1685,2013,12,東吉島,18.5,24.0/8,12.1/27,7.0,19.5/20.0/17,25.5/360.0/16,70,47/5,1012.4,3,126.6
1686,2014,1,彭佳嶼,15.6,23.1/10,8.8/17,112.1,19.1/360.0/4,30.3/360.0/4,70,46/29,1011.5,15,67.0
1687,2014,1,基隆,16.3,24.8/3,10.4/30,237.9,13.5/10.0/8,19.7/10.0/8,71,46/29,1019.9,17,50.5
1688,2014,1,臺北,16.5,24.9/3,11.0/17,86.8,7.7/70.0/6,15.9/90.0/6,70,40/29,1019.5,14,60.5
1689,2014,1,鞍部,9.7,19.2/3,2.5/17,323.2,12.8/360.0/4,22.9/170.0/22,89,15/31,927.4,20,39.0
1690,2014,1,竹子湖,11.3,21.0/10,4.5/17,237.7,8.7/30.0/1,21.8/10.0/9,82,51/31,952.0,17,80.9
1691,2014,1,淡水,15.6,25.5/3,8.5/30,96.0,7.9/10.0/4,16.2/20.0/4,73,42/29,1020.9,14,74.1
1692,2014,1,(原板橋),16.2,24.9/3,8.9/31,141.6,7.3/60.0/22,14.5/80.0/6,69,39/29,1021.5,15,49.3
1693,2014,1,新屋,15.9,24.0/7,9.0/31,65.9,15.1/40.0/9,23.9/50.0/9,73,44/29,1019.8,10,96.4
1694,2014,1,新竹,16.0,25.4/3,8.4/30,59.4,7.4/20.0/8,18.9/20.0/1,74,40/29,1018.3,11,106.8
1695,2014,1,臺中,17.1,26.9/24,8.7/18,30.0,5.8/10.0/4,12.9/20.0/16,71,35/31,1010.1,11,116.1
1696,2014,1,梧棲,16.2,24.5/1,10.2/17,28.0,15.0/360.0/1,26.7/360.0/1,74,48/17,1017.6,9,129.4
1697,2014,1,日月潭,14.2,26.3/1,8.1/17,53.0,5.8/150.0/26,7.7/160.0/26,84,46/7,906.2,11,99.5
1698,2014,1,嘉義,16.9,27.4/1,8.4/31,30.5,7.9/20.0/4,14.0/10.0/4,77,36/31,1016.7,11,111.6
1699,2014,1,阿里山,7.4,17.3/1,-2.0/30,172.9,4.7/140.0/23,11.8/340.0/2,79,22/30,766.2,14,98.6
1700,2014,1,玉山,0.9,10.1/31,-9.6/29,129.3,15.6/300.0/13,32.6/280.0/21,73,16/23,641.7,13,154.9
1701,2014,1,臺南,17.9,27.5/1,10.8/17,8.0,10.1/20.0/16,18.6/20.0/16,71,44/31,1016.8,3,126.4
1702,2014,1,高雄,20.2,28.6/1,13.6/22,13.5,6.1/10.0/4,14.3/340.0/4,68,44/17,1018.9,7,110.2
1703,2014,1,恆春,21.4,26.9/15,16.3/17,9.0,13.1/40.0/8,25.9/50.0/22,62,42/31,1016.8,6,117.6
1704,2014,1,宜蘭,16.0,25.4/3,9.7/30,146.3,8.9/330.0/20,14.5/340.0/20,77,42/29,1022.5,14,70.9
1705,2014,1,蘇澳,16.3,24.8/10,10.5/30,445.4,9.1/20.0/4,22.5/50.0/4,75,48/29,1020.0,20,63.6
1706,2014,1,花蓮,17.6,25.6/10,12.3/18,50.5,10.8/40.0/1,19.6/40.0/1,74,45/6,1020.0,13,44.3
1707,2014,1,成功,18.5,26.4/10,13.2/17,62.1,9.3/30.0/8,16.2/30.0/8,71,50/18,1016.5,15,26.4
1708,2014,1,臺東,19.0,26.0/8,13.4/17,18.8,6.3/40.0/4,15.8/40.0/4,69,45/31,1020.2,10,44.0
1709,2014,1,大武,20.2,26.1/1,14.8/31,29.1,8.2/30.0/1,16.9/60.0/8,66,47/7,1019.6,9,38.9
1710,2014,1,蘭嶼,17.7,22.9/10,13.4/17,177.7,22.4/10.0/1,32.0/20.0/1,81,54/30,981.8,22,24.7
1711,2014,1,馬祖,12.4,20.7/1,7.8/17,35.1,8.2/50.0/8,19.1/360.0/9,68,32/29,1014.2,7,134.8
1712,2014,1,金門,14.7,22.4/1,8.7/30,36.3,7.2/50.0/8,17.3/30.0/8,61,25/17,1020.7,7,121.8
1713,2014,1,澎湖,18.3,25.0/1,13.5/17,20.4,11.4/30.0/8,22.5/40.0/1,71,48/29,1019.6,9,108.1
1714,2014,1,東吉島,18.7,24.8/1,14.3/17,23.2,19.4/30.0/1,27.1/10.0/1,72,51/29,1014.7,8,102.3
1715,2014,2,彭佳嶼,16.3,23.1/31,9.4/22,12.4,15.0/20.0/9,23.6/40.0/14,68,47/5,1010.5,5,134.7
1716,2014,2,基隆,16.3,24.5/25,10.8/24,64.9,11.8/10.0/14,17.7/10.0/15,70,34/25,1018.8,7,126.4
1717,2014,2,臺北,16.8,26.8/30,10.3/22,21.8,6.6/110.0/31,14.5/110.0/19,62,33/25,1021.1,5,144.5
1718,2014,2,鞍部,10.2,20.6/2,2.4/22,142.5,9.6/360.0/8,18.1/210.0/31,83,34/30,926.5,8,129.8
1719,2014,2,竹子湖,12.0,22.4/30,4.2/22,107.5,7.8/350.0/8,16.9/30.0/8,76,36/30,951.3,7,157.3
1720,2014,2,淡水,16.2,27.0/31,7.5/22,47.5,6.3/150.0/31,14.2/40.0/21,70,33/25,1020.1,6,169.3
1721,2014,2,(原板橋),16.2,26.6/30,8.1/24,34.7,5.9/60.0/15,13.5/50.0/15,63,30/25,1020.5,6,127.7
1722,2014,2,新屋,15.5,25.0/25,6.9/24,7.6,13.6/50.0/15,20.2/40.0/13,72,36/25,1019.3,3,177.4
1723,2014,2,新竹,15.6,25.3/25,8.2/24,17.1,6.9/20.0/21,17.3/70.0/15,69,32/25,1017.7,5,194.4
1724,2014,2,臺中,16.4,26.4/3,7.2/23,2.0,6.1/10.0/21,13.2/360.0/18,66,26/24,1009.9,1,236.9
1725,2014,2,梧棲,15.6,25.0/3,7.7/23,T,15.2/360.0/18,28.5/30.0/14,74,40/25,1017.4,0,222.1
1726,2014,2,日月潭,13.6,22.7/30,5.8/23,0.0,4.8/260.0/16,8.5/260.0/16,67,33/23,905.7,0,233.6
1727,2014,2,嘉義,16.1,27.2/3,6.8/23,0.0,8.1/360.0/18,13.8/30.0/18,74,32/25,1016.6,0,236.7
1728,2014,2,阿里山,4.5,16.2/2,-3.4/23,0.5,4.8/150.0/4,10.0/100.0/12,71,13/31,765.3,1,198.7
1729,2014,2,玉山,0.4,17.8/31,-10.7/15,0.8,16.2/290.0/4,30.8/290.0/4,35,12/31,641.5,1,306.0
1730,2014,2,臺南,17.6,27.5/3,9.1/22,0.0,9.1/30.0/14,15.3/30.0/14,68,28/25,1016.8,0,251.5
1731,2014,2,高雄,19.5,28.3/3,11.1/22,0.0,5.6/340.0/8,10.5/340.0/8,64,29/25,1019.0,0,254.8
1732,2014,2,恆春,20.5,28.1/3,15.6/22,1.0,12.2/50.0/15,28.4/70.0/14,64,37/25,1016.9,2,206.1
1733,2014,2,宜蘭,16.3,26.6/25,9.6/22,39.7,7.3/110.0/19,13.1/100.0/19,72,30/25,1021.1,8,123.6
1734,2014,2,蘇澳,16.8,25.0/30,10.8/24,112.0,8.2/160.0/24,18.0/30.0/20,71,35/25,1019.0,13,121.7
1735,2014,2,花蓮,17.9,25.8/30,9.8/23,4.5,11.8/40.0/21,18.9/30.0/15,65,37/24,1019.2,5,127.4
1736,2014,2,成功,18.4,26.3/31,12.9/24,64.5,9.7/10.0/14,20.5/20.0/14,66,37/23,1015.9,12,101.6
1737,2014,2,臺東,19.1,26.1/3,12.2/23,9.0,6.5/50.0/14,16.3/30.0/15,65,35/23,1019.8,4,145.4
1738,2014,2,大武,19.8,28.8/3,13.0/22,21.7,8.1/30.0/15,17.3/50.0/15,64,36/23,1019.1,8,148.3
1739,2014,2,蘭嶼,17.6,24.4/3,12.2/21,57.9,25.6/10.0/21,37.4/10.0/21,73,45/24,981.5,16,112.1
1740,2014,2,馬祖,11.2,21.7/30,5.1/23,1.2,8.0/50.0/8,17.1/350.0/13,73,45/22,1012.9,2,193.0
1741,2014,2,金門,13.7,23.4/3,6.4/23,0.0,8.7/60.0/21,17.4/50.0/21,65,35/1,1019.5,0,201.9
1742,2014,2,澎湖,17.2,25.5/3,11.0/22,0.1,11.4/40.0/21,23.3/30.0/15,72,43/21,1019.2,1,185.4
1743,2014,2,東吉島,18.0,24.6/25,12.1/22,0.0,21.3/20.0/15,29.5/10.0/15,69,43/18,1014.8,0,198.2
1744,2014,3,彭佳嶼,15.5,23.5/25,7.3/11,227.1,17.0/30.0/10,25.8/20.0/10,84,57/21,1006.8,18,56.8
1745,2014,3,基隆,15.8,26.7/17,8.1/11,478.6,11.4/10.0/10,19.6/360.0/09,81,51/17,1015.3,17,70.7
1746,2014,3,臺北,16.5,27.5/28,7.8/11,198.0,6.9/80.0/27,13.8/80.0/21,71,39/01,1017.7,14,81.2
1747,2014,3,鞍部,10.5,21.1/28,1.6/11,452.0,9.8/360.0/10,21.2/160.0/04,90,47/01,923.4,18,57.8
1748,2014,3,竹子湖,12.3,23.6/03,3.3/11,331.2,9.9/20.0/09,20.3/10.0/08,86,46/01,948.0,17,82.4
1749,2014,3,淡水,15.7,28.7/28,7.1/11,287.0,7.0/20.0/04,14.6/30.0/04,83,46/23,1016.3,14,88.8
1750,2014,3,(原板橋),16.0,27.5/03,7.6/11,215.5,6.0/60.0/21,13.7/80.0/04,75,34/01,1017.1,14,74.7
1751,2014,3,新屋,15.2,25.2/2,7.3/11,158.9,15.2/50.0/4,24.4/50.0/4,84,36/23,1015.8,13,93.2
1752,2014,3,新竹,15.4,26.0/03,6.9/11,150.9,7.9/50.0/04,18.9/50.0/04,80,41/23,1014.6,14,97.7
1753,2014,3,臺中,17.0,29.1/03,6.7/21,45.2,5.6/10.0/19,11.5/360.0/20,74,33/22,1006.9,12,137.9
1754,2014,3,梧棲,15.8,25.8/17,8.4/11,43.8,14.3/360.0/20,25.6/30.0/10,82,47/02,1014.4,9,120.9
1755,2014,3,日月潭,14.2,26.1/02,6.3/20,68.0,7.3/280.0/28,10.5/280.0/28,80,39/01,903.1,15,121.7
1756,2014,3,嘉義,17.1,28.8/03,6.8/21,35.6,6.8/360.0/19,12.3/360.0/19,80,42/21,1013.6,10,136.5
1757,2014,3,阿里山,7.0,18.7/02,-1.6/20,116.0,4.9/140.0/05,13.2/240.0/09,84,13/01,763.6,15,99.3
1758,2014,3,玉山,-1.0,14.9/01,-11.9/20,91.5,16.6/280.0/19,30.4/290.0/19,81,13/01,639.2,11,131.9
1759,2014,3,臺南,18.4,28.2/06,8.9/21,9.5,10.4/20.0/19,18.8/30.0/19,75,37/01,1013.8,5,164.5
1760,2014,3,高雄,20.3,28.5/06,11.3/11,16.0,7.1/350.0/19,13.6/340.0/19,70,42/20,1015.8,5,184.6
1761,2014,3,恆春,21.2,28.3/06,15.6/20,12.5,13.2/40.0/04,27.8/40.0/04,74,37/22,1013.8,8,148.3
1762,2014,3,宜蘭,16.6,25.3/17,9.5/11,193.1,8.7/40.0/20,13.3/310.0/18,82,47/20,1017.3,18,71.7
1763,2014,3,蘇澳,16.9,24.8/17,9.8/11,304.6,9.3/150.0/24,16.9/300.0/20,80,49/20,1015.3,22,59.0
1764,2014,3,花蓮,17.8,26.0/01,11.5/21,71.1,9.9/50.0/13,16.4/40.0/13,79,42/21,1015.6,21,51.5
1765,2014,3,成功,18.6,26.4/06,12.7/11,92.0,8.8/210.0/06,15.8/20.0/18,79,41/21,1012.5,22,40.6
1766,2014,3,臺東,19.3,26.9/06,12.4/11,65.9,5.9/200.0/18,14.0/30.0/19,76,39/21,1016.2,18,67.7
1767,2014,3,大武,20.1,29.1/18,13.8/22,41.4,9.1/170.0/18,13.6/30.0/20,74,41/21,1015.8,11,76.2
1768,2014,3,蘭嶼,18.1,25.4/07,12.9/10,282.9,22.8/10.0/19,29.5/20.0/20,86,53/21,978.7,21,62.9
1769,2014,3,馬祖,10.1,22.6/02,3.6/11,109.1,8.7/50.0/03,17.8/320.0/05,83,49/20,1009.5,13,70.8
1770,2014,3,金門,12.8,23.6/03,5.7/11,84.3,8.9/60.0/03,17.8/60.0/03,79,46/21,1016.2,14,91.1
1771,2014,3,澎湖,17.4,27.8/03,11.0/11,13.0,11.2/30.0/04,21.0/30.0/04,79,46/02,1016.2,12,108.4
1772,2014,3,東吉島,18.1,26.3/03,12.3/11,12.0,19.1/20.0/10,25.9/20.0/10,75,55/20,1011.7,8,123.7
1773,2014,4,彭佳嶼,17.5,27.3/29,10.3/21,114.3,19.4/160.0/12,29.3/10.0/20,81,46/15,1007.0,14,106.0
1774,2014,4,基隆,18.1,31.4/28,11.9/21,239.8,10.4/10.0/21,18.1/240.0/29,75,47/15,1015.2,16,81.1
1775,2014,4,臺北,18.9,32.3/28,11.8/21,147.0,7.4/90.0/22,14.1/100.0/10,72,46/30,1017.5,14,66.9
1776,2014,4,鞍部,12.7,24.5/28,4.3/21,220.5,10.4/360.0/13,18.5/350.0/20,89,37/16,924.0,18,54.0
1777,2014,4,竹子湖,14.3,26.6/28,6.1/21,166.0,9.0/20.0/13,20.5/10.0/20,84,47/30,948.4,18,68.1
1778,2014,4,淡水,18.3,30.7/27,10.1/10,111.0,6.7/20.0/2,14.2/20.0/2,76,41/30,1015.4,15,80.3
1779,2014,4,(原板橋),18.5,31.6/28,12.0/21,165.5,8.1/230.0/29,19.9/220.0/29,72,43/15,1016.8,15,68.6
1780,2014,4,新屋,17.4,27.7/29,11.1/9,78.3,13.9/40.0/20,22.1/40.0/20,80,47/30,1015.6,12,85.5
1781,2014,4,新竹,18.0,31.0/29,11.6/9,129.0,6.9/20.0/20,16.3/20.0/21,76,44/23,1014.5,16,89.5
1782,2014,4,臺中,19.8,31.8/29,13.4/9,57.5,5.3/10.0/20,10.9/350.0/20,72,45/14,1007.0,13,108.6
1783,2014,4,梧棲,18.4,30.1/29,12.4/8,35.7,14.6/360.0/20,26.5/360.0/20,80,50/25,1014.4,12,120.7
1784,2014,4,日月潭,16.3,27.7/26,10.9/15,80.0,7.3/270.0/29,13.3/250.0/29,84,40/20,904.2,8,88.1
1785,2014,4,嘉義,19.9,32.0/29,13.3/15,55.8,8.5/240.0/29,14.0/240.0/29,78,50/25,1013.7,7,131.0
1786,2014,4,阿里山,9.9,19.0/19,4.6/10,149.5,6.2/330.0/13,14.7/320.0/13,82,29/20,765.7,11,140.8
1787,2014,4,玉山,1.3,13.1/19,-3.8/10,87.2,15.3/300.0/31,28.0/280.0/31,86,21/25,641.9,10,89.1
1788,2014,4,臺南,21.3,30.8/26,14.2/9,27.6,8.9/210.0/29,15.0/10.0/31,71,42/16,1014.0,2,158.4
1789,2014,4,高雄,22.6,30.6/27,16.8/9,67.0,12.2/320.0/31,25.2/310.0/31,72,53/14,1016.2,2,190.4
1790,2014,4,恆春,22.4,31.0/28,17.0/21,61.0,11.9/40.0/21,25.6/20.0/21,73,48/24,1014.5,2,191.2
1791,2014,4,宜蘭,18.3,29.4/29,10.1/15,99.3,9.1/50.0/20,15.1/320.0/8,80,48/15,1017.4,16,73.2
1792,2014,4,蘇澳,18.6,30.6/29,10.7/15,116.8,8.6/150.0/28,18.5/40.0/13,78,48/15,1015.5,18,65.5
1793,2014,4,花蓮,19.3,27.8/27,13.6/14,62.0,11.3/40.0/20,19.9/40.0/20,77,51/22,1016.1,17,58.0
1794,2014,4,成功,19.7,27.5/29,14.0/21,81.3,9.6/10.0/20,18.3/360.0/20,80,53/22,1013.1,19,19.4
1795,2014,4,臺東,20.8,33.1/29,14.8/15,35.0,6.1/50.0/20,17.0/50.0/13,75,34/29,1016.9,13,62.5
1796,2014,4,大武,21.3,33.4/29,15.2/14,69.9,9.5/170.0/8,17.4/30.0/20,74,47/29,1016.6,8,62.5
1797,2014,4,蘭嶼,19.0,27.1/27,13.6/21,95.0,18.0/10.0/2,27.8/360.0/20,84,60/22,979.7,12,85.8
1798,2014,4,馬祖,12.9,28.1/26,6.0/3,95.0,10.1/180.0/29,18.7/340.0/20,78,44/26,1008.6,13,106.7
1799,2014,4,金門,15.3,26.3/26,8.4/7,52.2,9.2/70.0/20,19.0/70.0/20,76,41/21,1015.7,12,76.3
1800,2014,4,澎湖,19.1,28.6/29,13.4/8,66.4,11.9/40.0/20,22.8/30.0/21,80,43/14,1016.3,6,113.2
1801,2014,4,東吉島,19.7,26.8/31,14.8/9,81.8,20.3/20.0/20,28.0/10.0/20,76,52/16,1012.0,5,125.1
1802,2014,5,彭佳嶼,20.3,27.3/18,15.7/4,60.3,16.4/110.0/25,21.6/120.0/25,83,52/5,1003.1,9,132.6
1803,2014,5,基隆,21.4,29.9/26,15.2/5,140.5,8.0/50.0/6,13.4/50.0/6,79,49/5,1011.1,14,99.3
1804,2014,5,臺北,22.5,33.3/18,16.7/5,98.1,8.2/80.0/6,14.4/70.0/6,77,36/5,1013.4,12,99.5
1805,2014,5,鞍部,16.3,25.3/12,9.3/5,168.5,9.1/360.0/1,17.9/130.0/6,87,42/5,921.4,13,88.5
1806,2014,5,竹子湖,18.0,27.0/17,11.5/5,111.5,7.7/20.0/13,17.1/20.0/14,83,44/11,945.4,10,108.4
1807,2014,5,淡水,22.0,31.3/18,13.7/5,93.5,5.6/10.0/9,13.1/100.0/6,77,34/10,1011.2,10,129.7
1808,2014,5,(原板橋),22.4,32.2/18,16.2/5,85.1,6.4/50.0/6,13.4/80.0/6,74,34/5,1012.8,12,116.3
1809,2014,5,新屋,21.5,27.9/18,13.7/5,89.9,12.7/40.0/4,19.0/60.0/6,80,49/5,1011.6,8,132.2
1810,2014,5,新竹,22.3,29.9/19,14.4/5,62.0,6.2/20.0/4,15.6/10.0/4,75,38/5,1010.5,12,129.7
1811,2014,5,臺中,24.1,32.5/27,17.1/5,15.6,5.8/360.0/22,11.3/360.0/22,69,40/29,1003.4,8,143.6
1812,2014,5,梧棲,22.6,29.0/19,16.9/5,17.6,14.1/360.0/14,22.0/10.0/14,79,47/16,1010.6,5,164.9
1813,2014,5,日月潭,19.4,28.7/12,13.6/5,48.0,7.2/140.0/3,10.8/140.0/3,81,51/10,902.3,13,102.0
1814,2014,5,嘉義,23.5,31.4/27,15.9/5,24.5,6.4/360.0/22,9.9/360.0/22,79,44/16,1009.9,6,138.4
1815,2014,5,阿里山,11.8,21.3/19,3.5/5,86.7,4.7/150.0/3,10.7/290.0/2,85,31/17,764.9,9,128.0
1816,2014,5,玉山,4.6,18.4/18,-4.6/5,49.5,12.3/270.0/12,22.1/290.0/7,77,14/10,642.3,9,153.0
1817,2014,5,臺南,25.0,32.2/25,18.9/2,12.0,7.5/50.0/22,13.3/360.0/2,73,39/29,1010.4,4,160.6
1818,2014,5,高雄,25.9,31.7/25,20.2/5,27.0,8.9/340.0/2,14.5/340.0/2,74,55/29,1012.5,4,197.8
1819,2014,5,恆春,25.2,31.2/25,20.5/5,12.0,10.8/30.0/4,22.2/50.0/4,73,48/19,1010.9,4,186.3
1820,2014,5,宜蘭,21.7,29.2/13,16.0/15,105.1,10.2/320.0/1,17.6/340.0/1,82,55/17,1013.2,11,70.6
1821,2014,5,蘇澳,21.7,28.6/18,16.2/5,109.7,8.4/160.0/16,16.0/70.0/22,81,57/4,1011.5,18,67.7
1822,2014,5,花蓮,22.3,29.6/27,17.1/5,103.5,8.0/170.0/17,13.9/40.0/28,80,52/15,1012.1,17,64.0
1823,2014,5,成功,22.7,29.2/21,17.7/4,64.8,8.7/20.0/14,14.3/20.0/14,80,55/4,1009.3,18,52.2
1824,2014,5,臺東,23.9,30.6/27,18.0/4,34.6,4.8/40.0/4,11.8/30.0/4,76,55/15,1012.8,16,93.0
1825,2014,5,大武,24.1,30.6/19,17.9/4,25.5,6.7/30.0/14,13.4/30.0/14,76,55/4,1012.7,11,112.9
1826,2014,5,蘭嶼,21.9,28.0/27,17.0/4,112.8,17.6/10.0/14,25.9/20.0/14,84,57/3,976.5,13,97.9
1827,2014,5,馬祖,16.7,28.3/27,9.0/7,86.2,10.7/200.0/17,20.3/200.0/12,79,49/5,1004.5,11,137.0
1828,2014,5,金門,19.3,26.7/28,12.1/7,53.0,7.3/70.0/14,17.9/60.0/14,78,37/15,1011.5,7,121.0
1829,2014,5,澎湖,23.2,29.8/22,18.7/2,23.9,9.9/40.0/14,18.9/30.0/14,79,52/29,1012.3,5,163.1
1830,2014,5,東吉島,23.3,28.8/13,18.7/2,19.2,14.6/10.0/14,20.6/10.0/14,76,57/4,1008.4,4,185.6
1831,2014,6,彭佳嶼,23.0,29.5/25,15.4/6,281.7,17.1/270.0/14,23.5/10.0/5,90,56/5,999.5,22,60.6
1832,2014,6,基隆,24.4,35.3/14,15.8/6,482.1,11.4/360.0/5,26.9/220.0/14,86,46/14,1007.2,24,59.5
1833,2014,6,臺北,25.2,35.6/14,15.1/6,634.7,8.4/260.0/14,17.4/280.0/14,81,46/14,1009.6,21,45.9
1834,2014,6,鞍部,19.7,27.3/26,9.3/6,855.5,9.8/360.0/5,22.3/360.0/5,88,56/8,919.2,22,39.2
1835,2014,6,竹子湖,21.2,28.9/24,10.8/6,771.2,10.1/20.0/5,19.9/30.0/5,88,60/3,942.8,24,57.0
1836,2014,6,淡水,24.6,34.9/14,14.9/6,697.7,7.8/20.0/5,18.5/270.0/14,86,45/3,1007.4,20,74.4
1837,2014,6,(原板橋),25.1,35.3/14,15.2/6,580.4,8.8/220.0/14,19.2/200.0/14,80,45/14,1008.9,22,63.3
1838,2014,6,新屋,24.4,31.0/18,15.8/6,567.6,13.9/220.0/15,22.4/210.0/14,88,53/3,1007.8,20,71.9
1839,2014,6,新竹,25.3,34.2/14,15.3/6,339.3,5.8/280.0/26,15.2/290.0/18,80,51/14,1007.0,22,88.5
1840,2014,6,臺中,25.8,33.7/12,16.5/6,659.6,6.0/10.0/5,12.5/30.0/15,78,48/11,1000.9,22,75.8
1841,2014,6,梧棲,25.4,32.7/12,15.3/6,494.0,11.9/360.0/5,22.4/360.0/5,85,52/11,1007.6,19,76.5
1842,2014,6,日月潭,20.9,28.9/31,15.8/7,718.2,7.5/140.0/16,14.8/200.0/12,86,56/23,900.9,27,47.3
1843,2014,6,嘉義,26.2,34.0/12,16.6/6,243.6,9.8/360.0/5,18.1/350.0/5,81,50/11,1007.3,20,120.7
1844,2014,6,阿里山,12.9,20.5/16,8.6/1,759.9,5.6/310.0/20,15.0/280.0/20,94,66/23,764.8,31,26.0
1845,2014,6,玉山,5.4,13.1/26,0.4/9,678.4,22.1/230.0/9,30.0/240.0/9,94,59/23,642.5,29,29.9
1846,2014,6,臺南,27.2,33.8/24,18.3/6,181.5,7.5/160.0/9,14.8/150.0/9,79,50/24,1008.0,18,141.9
1847,2014,6,高雄,27.8,32.9/24,21.9/6,198.5,6.1/230.0/20,14.1/290.0/20,78,56/24,1010.2,13,192.6
1848,2014,6,恆春,27.8,34.5/24,22.3/7,40.5,9.3/30.0/3,20.6/30.0/3,75,45/8,1008.4,9,182.7
1849,2014,6,宜蘭,24.0,32.7/26,15.2/6,351.2,6.1/20.0/26,12.0/330.0/5,89,62/26,1009.7,25,60.6
1850,2014,6,蘇澳,24.2,31.0/26,15.8/6,374.0,6.6/80.0/23,17.1/40.0/5,86,64/4,1007.8,27,68.4
1851,2014,6,花蓮,24.8,31.7/27,17.6/6,235.5,9.2/40.0/5,15.7/60.0/5,85,61/21,1008.5,22,77.4
1852,2014,6,成功,25.4,32.3/14,19.6/6,120.3,8.3/10.0/5,15.3/10.0/5,82,59/21,1005.6,18,71.4
1853,2014,6,臺東,26.8,37.6/14,20.0/6,101.6,5.3/200.0/12,13.4/40.0/5,77,34/14,1009.1,15,139.5
1854,2014,6,大武,27.2,36.6/18,20.9/7,40.8,7.4/160.0/22,13.9/150.0/22,76,40/14,1009.4,11,158.2
1855,2014,6,蘭嶼,24.5,29.6/29,18.4/3,462.0,18.1/240.0/15,26.5/240.0/15,89,66/10,974.0,15,98.7
1856,2014,6,馬祖,20.7,29.1/28,13.9/5,205.1,13.2/210.0/14,24.0/220.0/14,83,53/28,1000.3,21,68.7
1857,2014,6,金門,22.2,29.5/29,12.9/6,300.8,8.2/60.0/5,17.2/60.0/5,87,37/5,1007.5,23,39.1
1858,2014,6,澎湖,25.7,31.8/25,19.5/6,195.8,9.8/40.0/5,19.8/40.0/5,88,64/3,1009.4,17,117.6
1859,2014,6,東吉島,25.7,30.6/31,19.8/6,153.4,16.9/10.0/5,23.3/10.0/5,83,68/10,1005.7,13,135.6
1860,2014,7,彭佳嶼,25.9,31.6/30,21.3/3,127.8,22.6/290.0/18,27.9/280.0/18,89,68/13,993.9,17,120.0
1861,2014,7,基隆,27.2,35.0/26,22.7/6,344.5,9.4/230.0/17,16.2/220.0/17,83,56/26,1001.6,19,90.5
1862,2014,7,臺北,28.0,36.3/17,23.1/6,384.4,7.5/80.0/13,14.2/270.0/17,76,51/13,1004.0,20,57.4
1863,2014,7,鞍部,22.1,27.9/30,17.0/12,353.5,7.8/10.0/23,18.9/350.0/17,87,63/27,915.0,18,40.2
1864,2014,7,竹子湖,23.7,30.3/30,18.9/12,316.7,7.5/20.0/8,17.0/360.0/24,87,66/29,938.2,19,70.3
1865,2014,7,淡水,27.5,35.3/23,20.6/12,177.1,5.5/10.0/24,15.1/270.0/17,83,49/13,1002.4,13,120.6
1866,2014,7,(原板橋),28.0,35.4/17,23.1/6,425.8,7.2/220.0/17,16.9/240.0/17,78,45/13,1003.4,18,94.5
1867,2014,7,新屋,27.5,32.1/30,23.3/12,132.2,12.9/220.0/17,21.7/230.0/17,86,53/13,1002.4,11,169.0
1868,2014,7,新竹,28.3,34.3/17,22.5/13,129.2,6.3/20.0/12,15.2/270.0/17,78,43/13,1001.6,14,163.8
1869,2014,7,臺中,28.6,34.9/22,23.0/6,181.0,5.0/200.0/16,11.4/200.0/21,74,48/12,995.4,15,152.1
1870,2014,7,梧棲,28.1,33.3/16,23.5/12,125.1,11.8/360.0/12,19.9/360.0/12,82,57/28,1002.0,11,183.7
1871,2014,7,日月潭,23.0,30.6/12,18.7/6,478.5,5.4/150.0/6,10.6/150.0/6,89,61/2,896.5,21,84.8
1872,2014,7,嘉義,28.7,35.4/24,23.3/3,386.7,8.7/40.0/3,14.9/230.0/21,77,50/1,1002.0,14,180.7
1873,2014,7,阿里山,15.4,23.3/30,9.6/5,477.8,4.8/270.0/3,12.9/280.0/3,89,52/27,762.0,23,92.6
1874,2014,7,玉山,8.5,20.3/28,2.3/5,336.5,19.2/150.0/14,27.1/170.0/14,83,37/27,640.9,19,135.5
1875,2014,7,臺南,29.0,34.3/28,24.6/6,134.3,8.3/200.0/16,14.0/210.0/21,80,52/1,1002.6,18,182.4
1876,2014,7,高雄,29.2,33.6/1,25.0/7,235.0,7.0/260.0/7,15.7/270.0/7,81,57/1,1004.8,19,199.4
1877,2014,7,恆春,28.8,33.5/30,24.5/14,323.0,13.4/30.0/12,24.1/20.0/12,80,52/1,1003.2,16,172.1
1878,2014,7,宜蘭,27.2,33.4/28,22.0/6,210.5,6.1/80.0/8,9.2/70.0/8,85,56/13,1004.3,19,106.0
1879,2014,7,蘇澳,27.4,33.7/28,23.1/12,153.9,7.2/170.0/15,15.0/40.0/11,82,50/13,1002.2,22,124.0
1880,2014,7,花蓮,27.7,34.0/18,23.2/14,66.5,9.9/180.0/21,17.1/170.0/21,82,54/13,1002.9,10,156.0
1881,2014,7,成功,27.6,33.6/2,23.3/13,167.7,10.3/190.0/23,18.1/200.0/23,81,62/23,1000.1,13,160.2
1882,2014,7,臺東,28.7,35.4/25,22.6/13,254.5,6.0/200.0/23,14.7/190.0/23,79,53/17,1003.6,12,209.5
1883,2014,7,大武,28.6,38.0/2,23.3/13,273.7,6.9/30.0/12,13.9/30.0/12,77,42/2,1004.0,13,196.7
1884,2014,7,蘭嶼,25.8,30.5/27,21.2/12,583.5,16.9/10.0/12,25.8/20.0/12,89,73/30,969.2,19,113.9
1885,2014,7,馬祖,24.6,31.6/30,20.7/24,160.0,12.9/190.0/17,23.4/190.0/17,84,66/11,994.5,13,133.3
1886,2014,7,金門,26.5,33.1/30,22.0/10,148.5,10.0/190.0/16,18.1/140.0/16,86,46/12,1001.5,13,134.2
1887,2014,7,澎湖,27.8,32.9/28,24.6/6,151.0,8.3/40.0/12,16.6/30.0/12,86,67/12,1004.0,13,182.1
1888,2014,7,東吉島,27.6,31.7/27,23.4/6,121.5,14.6/20.0/12,19.5/10.0/11,83,71/1,1000.2,14,196.6
1889,2014,8,彭佳嶼,28.5,33.4/13,24.8/23,31.7,28.0/110.0/23,39.9/100.0/23,86,70/20,994.7,6,236.3
1890,2014,8,基隆,30.0,38.1/9,25.7/26,152.6,12.7/150.0/23,32.4/90.0/23,72,45/9,1002.4,10,261.3
1891,2014,8,臺北,30.5,37.8/13,24.4/26,222.1,11.3/100.0/23,26.5/90.0/23,68,45/21,1004.5,9,178.3
1892,2014,8,鞍部,23.9,30.7/6,19.6/28,273.5,14.9/110.0/23,36.9/120.0/23,86,65/24,915.9,9,165.5
1893,2014,8,竹子湖,25.4,31.6/6,21.7/25,228.0,6.5/20.0/29,19.5/210.0/23,82,53/27,939.1,10,194.0
1894,2014,8,淡水,29.8,37.1/18,24.4/26,124.0,7.8/120.0/23,25.3/120.0/23,75,42/21,1003.4,10,254.0
1895,2014,8,(原板橋),30.2,37.7/6,24.3/26,234.2,8.4/60.0/23,22.5/80.0/23,72,44/21,1003.9,12,237.2
1896,2014,8,新屋,29.8,36.6/21,24.9/23,40.7,17.5/50.0/23,28.8/60.0/23,79,42/21,1003.4,5,283.1
1897,2014,8,新竹,30.4,37.8/21,24.9/26,66.8,8.0/60.0/23,19.9/60.0/22,73,41/21,1002.1,5,260.3
1898,2014,8,臺中,30.1,36.4/17,23.9/23,149.1,7.9/180.0/23,22.2/170.0/23,71,41/17,995.9,10,207.0
1899,2014,8,梧棲,30.0,34.8/22,23.4/23,163.0,14.8/360.0/23,32.2/240.0/23,77,52/17,1002.5,8,290.7
1900,2014,8,日月潭,24.0,31.4/1,19.5/23,375.0,4.7/180.0/22,9.3/180.0/22,86,64/7,897.4,13,132.8
1901,2014,8,嘉義,30.1,37.0/12,24.7/19,203.7,10.9/240.0/23,20.0/260.0/23,73,47/17,1002.3,13,236.2
1902,2014,8,阿里山,15.8,23.3/18,10.1/21,647.6,6.1/80.0/22,21.2/280.0/23,88,42/7,762.9,18,136.8
1903,2014,8,玉山,9.6,21.8/11,3.9/24,430.0,20.9/220.0/24,30.9/220.0/23,69,31/6,641.8,11,218.6
1904,2014,8,臺南,30.4,35.2/9,25.3/25,123.4,10.9/270.0/23,27.7/280.0/23,77,55/9,1003.0,14,186.9
1905,2014,8,高雄,30.3,34.8/5,25.7/19,309.5,12.8/170.0/23,23.5/170.0/23,78,56/30,1005.3,9,256.8
1906,2014,8,恆春,29.9,35.0/4,25.5/27,123.0,8.8/280.0/23,19.9/280.0/23,80,50/30,1003.7,11,241.6
1907,2014,8,宜蘭,29.5,36.2/30,24.8/24,208.2,14.3/100.0/23,26.5/90.0/23,78,47/30,1005.2,6,258.5
1908,2014,8,蘇澳,29.6,35.1/31,24.8/23,179.8,20.9/110.0/23,36.5/150.0/23,75,50/8,1003.0,14,283.1
1909,2014,8,花蓮,29.5,35.2/21,24.6/24,333.0,24.4/130.0/23,34.6/130.0/23,77,50/21,1003.7,5,287.6
1910,2014,8,成功,29.2,34.8/8,24.8/28,429.2,33.3/190.0/23,49.2/360.0/22,77,53/7,1000.8,9,257.5
1911,2014,8,臺東,30.4,36.8/9,24.8/22,221.9,11.9/200.0/23,26.6/180.0/23,74,50/9,1004.3,6,291.7
1912,2014,8,大武,29.8,38.3/9,24.3/29,206.5,8.4/200.0/22,17.2/210.0/22,75,46/11,1004.6,11,269.4
1913,2014,8,蘭嶼,26.6,32.8/8,23.0/22,498.5,33.5/240.0/22,60.7/360.0/22,86,58/31,969.7,14,171.6
1914,2014,8,馬祖,28.3,34.6/31,25.0/23,75.9,21.1/70.0/23,38.7/90.0/23,82,59/31,994.9,5,257.7
1915,2014,8,金門,29.8,37.5/22,25.8/24,106.9,12.7/270.0/23,21.8/210.0/24,81,44/22,1002.3,4,287.9
1916,2014,8,澎湖,29.6,34.5/21,23.2/23,268.6,14.6/270.0/23,23.2/260.0/23,82,62/21,1004.8,3,320.2
1917,2014,8,東吉島,29.2,34.9/18,24.9/25,71.3,22.6/290.0/23,30.2/280.0/23,80,66/18,1001.0,7,314.0
1918,2014,9,彭佳嶼,28.4,33.1/2,23.5/20,137.2,21.0/280.0/1,26.0/280.0/1,84,66/24,996.0,10,224.0
1919,2014,9,基隆,29.5,37.2/1,25.4/24,81.2,9.3/250.0/1,17.1/260.0/1,72,47/22,1003.9,10,220.8
1920,2014,9,臺北,30.2,37.7/2,24.7/19,84.0,6.5/270.0/14,13.1/290.0/1,68,45/29,1006.1,10,171.3
1921,2014,9,鞍部,23.5,30.1/29,19.2/26,72.5,5.9/110.0/26,17.9/220.0/1,86,58/23,917.3,7,143.5
1922,2014,9,竹子湖,25.1,31.8/29,20.7/20,87.4,5.4/20.0/12,13.4/330.0/1,83,59/29,940.6,9,183.1
1923,2014,9,淡水,29.3,37.6/29,23.8/18,68.5,4.9/300.0/15,11.7/280.0/1,75,43/29,1005.1,5,233.9
1924,2014,9,(原板橋),29.7,37.4/2,24.0/18,135.6,7.8/230.0/14,15.7/210.0/1,74,42/22,1005.6,13,196.9
1925,2014,9,新屋,29.3,33.2/29,24.6/18,46.5,15.5/230.0/14,24.6/220.0/14,80,52/23,1004.7,4,261.9
1926,2014,9,新竹,29.9,35.6/1,24.1/18,62.7,6.2/180.0/18,14.6/270.0/2,74,47/23,1004.0,6,241.3
1927,2014,9,臺中,28.9,35.1/1,23.6/31,278.3,4.8/180.0/10,11.6/160.0/18,76,41/23,998.1,12,172.9
1928,2014,9,梧棲,29.0,34.3/1,24.7/18,219.9,8.7/210.0/13,15.4/180.0/13,78,51/23,1004.7,12,240.4
1929,2014,9,日月潭,23.2,31.0/16,18.7/18,239.5,5.6/140.0/18,9.4/140.0/18,87,59/28,899.0,19,134.4
1930,2014,9,嘉義,28.9,35.1/1,23.4/21,253.0,9.1/260.0/18,17.1/130.0/30,80,50/19,1004.3,18,209.4
1931,2014,9,阿里山,14.9,22.3/4,10.1/21,447.7,6.1/320.0/29,18.0/320.0/29,92,54/28,764.2,25,102.2
1932,2014,9,玉山,8.6,20.1/23,3.9/20,141.3,15.7/170.0/19,23.1/250.0/13,76,28/22,642.5,19,167.5
1933,2014,9,臺南,29.0,33.9/28,24.3/20,682.1,8.5/230.0/19,14.1/200.0/19,80,54/23,1005.2,18,204.9
1934,2014,9,高雄,29.1,34.1/18,24.8/13,902.0,7.2/170.0/4,14.8/200.0/18,79,59/23,1007.5,18,209.2
1935,2014,9,恆春,28.7,33.8/28,24.3/23,426.5,7.6/280.0/1,15.2/270.0/1,84,55/25,1005.8,16,197.7
1936,2014,9,宜蘭,28.9,35.1/1,24.4/24,137.0,9.0/100.0/26,13.9/100.0/26,78,52/2,1006.7,8,230.5
1937,2014,9,蘇澳,29.1,33.6/3,25.3/24,31.7,9.8/150.0/29,13.7/180.0/18,76,55/23,1004.4,7,254.8
1938,2014,9,花蓮,29.1,35.1/15,24.5/21,23.0,10.0/180.0/19,15.4/170.0/19,78,54/15,1005.3,6,280.8
1939,2014,9,成功,28.4,35.1/2,24.0/23,184.4,11.0/190.0/19,16.3/190.0/19,79,56/2,1002.8,8,248.4
1940,2014,9,臺東,29.7,35.2/1,24.8/21,145.5,5.1/20.0/21,11.1/200.0/13,75,51/20,1006.2,8,302.1
1941,2014,9,大武,29.1,36.0/2,24.1/23,85.7,6.3/190.0/13,14.1/210.0/13,75,47/20,1006.6,10,260.1
1942,2014,9,蘭嶼,26.0,30.5/15,23.1/18,110.0,20.7/240.0/1,32.7/250.0/1,87,63/15,971.6,15,155.5
1943,2014,9,馬祖,28.5,34.4/1,23.3/28,76.4,10.5/200.0/14,20.4/210.0/14,81,56/24,996.2,14,229.9
1944,2014,9,金門,28.9,35.5/1,24.9/29,115.1,9.5/190.0/19,18.4/210.0/19,82,61/29,1003.7,5,247.2
1945,2014,9,澎湖,28.6,33.7/31,24.6/19,62.3,7.8/270.0/12,13.4/260.0/12,83,61/23,1006.6,7,264.6
1946,2014,9,東吉島,28.2,32.8/31,24.6/19,120.3,12.8/220.0/13,17.2/220.0/13,81,64/27,1002.9,8,260.7
1947,2014,10,彭佳嶼,27.5,32.5/13,22.7/29,72.2,30.8/110.0/21,44.9/120.0/21,85,66/3,998.1,8,258.3
1948,2014,10,基隆,28.7,36.8/16,22.9/29,141.4,10.9/150.0/21,21.7/140.0/21,74,47/21,1005.8,14,216.6
1949,2014,10,臺北,29.7,37.8/16,23.7/29,198.9,9.8/100.0/15,20.2/90.0/15,71,43/5,1007.8,7,201.9
1950,2014,10,鞍部,22.9,29.7/17,18.4/29,359.0,12.1/110.0/21,30.5/100.0/21,84,45/30,918.6,13,144.5
1951,2014,10,竹子湖,24.7,31.0/16,19.8/29,232.0,6.5/20.0/14,16.8/300.0/22,80,52/30,942.0,11,198.3
1952,2014,10,淡水,28.9,36.2/20,22.0/29,70.5,8.6/140.0/15,22.0/150.0/21,73,42/30,1006.6,4,247.8
1953,2014,10,(原板橋),29.6,37.5/17,22.7/29,185.0,7.8/60.0/15,18.6/60.0/15,69,43/21,1007.1,7,196.8
1954,2014,10,新屋,28.9,37.9/15,22.4/29,29.5,13.7/30.0/20,20.8/30.0/20,78,46/29,1006.0,2,273.9
1955,2014,10,新竹,29.6,38.8/19,23.2/28,55.0,6.9/50.0/14,16.9/80.0/14,72,40/19,1005.2,4,241.8
1956,2014,10,臺中,29.2,36.5/15,23.7/22,47.0,4.9/350.0/21,10.3/250.0/22,74,47/15,998.8,8,183.6
1957,2014,10,梧棲,29.1,34.9/15,24.0/22,24.5,12.2/350.0/21,18.6/360.0/20,78,52/15,1005.5,4,249.6
1958,2014,10,日月潭,23.6,33.0/15,19.0/14,127.0,6.0/70.0/15,13.2/60.0/15,86,40/15,899.7,12,142.0
1959,2014,10,嘉義,28.8,35.5/15,24.1/24,105.8,6.9/250.0/23,10.5/10.0/21,79,53/1,1005.2,7,211.8
1960,2014,10,阿里山,15.1,25.2/1,8.7/30,272.9,7.4/350.0/21,14.1/270.0/22,89,31/18,764.8,19,121.0
1961,2014,10,玉山,8.6,20.5/18,2.9/30,157.5,29.0/130.0/15,41.0/110.0/15,75,33/27,643.0,16,158.6
1962,2014,10,臺南,29.5,34.5/15,24.3/22,88.0,11.0/360.0/21,20.1/360.0/21,77,55/26,1005.8,10,209.3
1963,2014,10,高雄,29.5,37.6/15,24.6/21,172.0,10.6/340.0/21,19.7/330.0/21,78,45/15,1008.0,10,222.0
1964,2014,10,恆春,28.9,34.5/6,24.2/21,427.5,12.9/280.0/21,28.3/140.0/21,74,47/4,1006.4,10,230.9
1965,2014,10,宜蘭,28.0,34.9/16,21.5/29,348.6,10.6/40.0/21,18.1/160.0/15,79,47/21,1008.7,10,210.8
1966,2014,10,蘇澳,28.3,33.5/16,22.4/29,349.2,15.1/280.0/21,27.8/280.0/21,78,45/21,1006.4,11,228.3
1967,2014,10,花蓮,28.5,34.3/14,23.5/30,177.5,11.4/350.0/21,19.5/340.0/21,78,48/29,1007.2,8,248.1
1968,2014,10,成功,28.0,34.0/6,22.9/29,281.8,11.7/130.0/21,25.1/210.0/22,78,56/19,1004.4,11,227.4
1969,2014,10,臺東,29.2,33.8/13,24.0/21,261.5,7.6/120.0/21,22.5/360.0/21,75,51/30,1007.8,10,264.6
1970,2014,10,大武,28.6,34.6/22,23.4/21,406.7,13.6/120.0/21,23.2/110.0/21,78,54/22,1007.9,11,223.2
1971,2014,10,蘭嶼,25.9,30.9/7,22.4/19,175.7,37.4/200.0/21,58.9/200.0/21,86,67/24,972.8,11,184.8
1972,2014,10,馬祖,27.5,33.9/13,22.4/21,32.5,11.9/20.0/21,27.0/10.0/21,80,55/23,999.3,8,197.9
1973,2014,10,金門,28.7,36.5/19,23.0/22,1.6,7.1/60.0/15,15.8/70.0/15,75,47/19,1006.2,2,239.6
1974,2014,10,澎湖,29.1,34.2/6,24.8/22,17.8,11.1/10.0/21,22.5/360.0/21,78,57/9,1007.8,5,266.0
1975,2014,10,東吉島,28.3,33.7/8,24.5/22,43.7,20.1/350.0/21,26.1/350.0/21,80,65/10,1003.9,5,281.6
1976,2014,11,彭佳嶼,23.8,28.9/26,19.6/16,3.6,17.7/340.0/12,23.5/340.0/12,72,48/16,1004.0,4,208.6
1977,2014,11,基隆,24.3,31.6/20,17.2/16,27.5,10.4/10.0/10,17.1/10.0/10,70,48/16,1012.3,17,98.8
1978,2014,11,臺北,24.7,33.7/21,17.5/16,25.5,7.3/80.0/27,14.7/80.0/27,71,51/16,1013.9,6,125.3
1979,2014,11,鞍部,18.0,27.2/20,12.8/15,226.0,12.4/260.0/11,24.3/250.0/11,85,44/21,923.0,17,79.1
1980,2014,11,竹子湖,19.5,28.7/20,13.3/14,255.5,7.4/20.0/27,17.3/290.0/10,80,53/21,946.8,13,135.4
1981,2014,11,淡水,23.8,31.3/30,15.1/16,49.5,5.8/360.0/22,14.0/10.0/22,72,44/16,1013.2,7,162.4
1982,2014,11,(原板橋),24.5,33.5/21,18.3/16,42.8,6.9/70.0/16,15.4/60.0/27,68,41/21,1013.9,9,106.4
1983,2014,11,新屋,24.1,31.1/29,18.2/16,18.9,14.3/40.0/27,21.1/40.0/6,73,47/7,1012.4,6,206.0
1984,2014,11,新竹,24.7,31.6/21,18.7/16,63.3,7.5/70.0/8,17.6/70.0/27,70,44/16,1011.2,5,228.7
1985,2014,11,臺中,25.6,33.7/21,18.8/15,0.0,7.2/360.0/11,16.5/20.0/11,65,41/21,1003.6,0,256.1
1986,2014,11,梧棲,24.4,29.9/3,17.1/16,T,16.5/360.0/11,26.9/10.0/10,73,46/21,1010.6,0,266.5
1987,2014,11,日月潭,20.9,30.0/20,15.5/15,T,2.5/180.0/1,3.6/110.0/6,80,44/20,902.7,0,188.2
1988,2014,11,嘉義,24.8,33.1/21,17.5/15,0.0,8.0/20.0/11,15.8/10.0/11,74,45/17,1009.9,0,254.5
1989,2014,11,阿里山,12.2,20.7/31,2.6/14,2.2,3.7/170.0/16,7.5/90.0/12,81,29/15,765.9,2,177.9
1990,2014,11,玉山,7.8,20.6/5,0.4/11,15.8,11.2/250.0/18,14.7/70.0/10,49,12/7,643.4,3,282.9
1991,2014,11,臺南,26.4,32.9/10,20.3/15,1.5,8.0/30.0/11,14.8/20.0/11,69,42/16,1010.4,1,277.0
1992,2014,11,高雄,27.2,33.0/11,22.5/16,0.0,6.6/340.0/12,10.8/320.0/12,70,50/18,1012.6,0,268.6
1993,2014,11,恆春,26.7,32.1/2,22.6/16,47.0,10.7/30.0/28,22.5/40.0/22,63,42/17,1010.9,5,258.6
1994,2014,11,宜蘭,23.6,31.0/21,16.5/16,54.2,9.9/310.0/12,17.1/300.0/12,77,41/12,1014.9,14,107.0
1995,2014,11,蘇澳,24.1,29.8/21,17.0/16,151.6,8.1/80.0/22,19.8/90.0/22,74,45/12,1012.5,14,109.0
1996,2014,11,花蓮,25.1,32.6/11,17.8/16,33.0,11.3/40.0/10,21.0/10.0/10,71,40/7,1012.5,4,156.7
1997,2014,11,成功,25.3,31.5/11,18.3/17,42.8,10.9/30.0/10,19.4/30.0/6,70,43/7,1009.5,13,168.4
1998,2014,11,臺東,26.2,31.8/10,19.8/16,16.2,6.6/40.0/6,16.6/30.0/6,69,42/16,1013.1,6,213.7
1999,2014,11,大武,26.3,31.8/21,19.2/17,12.1,7.8/40.0/6,17.6/30.0/6,69,43/8,1013.0,5,194.6
2000,2014,11,蘭嶼,23.6,29.3/12,20.3/15,101.9,28.6/10.0/10,40.8/10.0/9,78,57/6,976.3,15,150.6
2001,2014,11,馬祖,22.9,30.9/12,19.1/15,4.0,9.2/80.0/27,17.7/80.0/27,69,36/12,1006.4,3,198.4
2002,2014,11,金門,24.4,33.1/10,18.9/16,0.4,7.6/60.0/27,17.3/70.0/27,63,31/12,1012.7,1,211.9
2003,2014,11,澎湖,25.6,30.6/2,22.0/15,T,10.9/30.0/6,21.9/30.0/7,70,45/16,1012.9,0,251.0
2004,2014,11,東吉島,25.2,30.8/1,22.3/17,0.0,18.4/20.0/11,25.5/20.0/11,71,51/21,1008.5,0,282.6
2005,2014,12,彭佳嶼,15.6,23.1/10,8.8/17,112.1,19.1/360.0/4,30.3/360.0/4,70,46/29,1011.5,15,67.0
2006,2014,12,基隆,16.3,24.8/3,10.4/30,237.9,13.5/10.0/8,19.7/10.0/8,71,46/29,1019.9,17,50.5
2007,2014,12,臺北,16.5,24.9/3,11.0/17,86.8,7.7/70.0/6,15.9/90.0/6,70,40/29,1019.5,14,60.5
2008,2014,12,鞍部,9.7,19.2/3,2.5/17,323.2,12.8/360.0/4,22.9/170.0/22,89,15/31,927.4,20,39.0
2009,2014,12,竹子湖,11.3,21.0/10,4.5/17,237.7,8.7/30.0/1,21.8/10.0/9,82,51/31,952.0,17,80.9
2010,2014,12,淡水,15.6,25.5/3,8.5/30,96.0,7.9/10.0/4,16.2/20.0/4,73,42/29,1020.9,14,74.1
2011,2014,12,(原板橋),16.2,24.9/3,8.9/31,141.6,7.3/60.0/22,14.5/80.0/6,69,39/29,1021.5,15,49.3
2012,2014,12,新屋,15.9,24.0/7,9.0/31,65.9,15.1/40.0/9,23.9/50.0/9,73,44/29,1019.8,10,96.4
2013,2014,12,新竹,16.0,25.4/3,8.4/30,59.4,7.4/20.0/8,18.9/20.0/1,74,40/29,1018.3,11,106.8
2014,2014,12,臺中,17.1,26.9/24,8.7/18,30.0,5.8/10.0/4,12.9/20.0/16,71,35/31,1010.1,11,116.1
2015,2014,12,梧棲,16.2,24.5/1,10.2/17,28.0,15.0/360.0/1,26.7/360.0/1,74,48/17,1017.6,9,129.4
2016,2014,12,日月潭,14.2,26.3/1,8.1/17,53.0,5.8/150.0/26,7.7/160.0/26,84,46/7,906.2,11,99.5
2017,2014,12,嘉義,16.9,27.4/1,8.4/31,30.5,7.9/20.0/4,14.0/10.0/4,77,36/31,1016.7,11,111.6
2018,2014,12,阿里山,7.4,17.3/1,-2.0/30,172.9,4.7/140.0/23,11.8/340.0/2,79,22/30,766.2,14,98.6
2019,2014,12,玉山,0.9,10.1/31,-9.6/29,129.3,15.6/300.0/13,32.6/280.0/21,73,16/23,641.7,13,154.9
2020,2014,12,臺南,17.9,27.5/1,10.8/17,8.0,10.1/20.0/16,18.6/20.0/16,71,44/31,1016.8,3,126.4
2021,2014,12,高雄,20.2,28.6/1,13.6/22,13.5,6.1/10.0/4,14.3/340.0/4,68,44/17,1018.9,7,110.2
2022,2014,12,恆春,21.4,26.9/15,16.3/17,9.0,13.1/40.0/8,25.9/50.0/22,62,42/31,1016.8,6,117.6
2023,2014,12,宜蘭,16.0,25.4/3,9.7/30,146.3,8.9/330.0/20,14.5/340.0/20,77,42/29,1022.5,14,70.9
2024,2014,12,蘇澳,16.3,24.8/10,10.5/30,445.4,9.1/20.0/4,22.5/50.0/4,75,48/29,1020.0,20,63.6
2025,2014,12,花蓮,17.6,25.6/10,12.3/18,50.5,10.8/40.0/1,19.6/40.0/1,74,45/6,1020.0,13,44.3
2026,2014,12,成功,18.5,26.4/10,13.2/17,62.1,9.3/30.0/8,16.2/30.0/8,71,50/18,1016.5,15,26.4
2027,2014,12,臺東,19.0,26.0/8,13.4/17,18.8,6.3/40.0/4,15.8/40.0/4,69,45/31,1020.2,10,44.0
2028,2014,12,大武,20.2,26.1/1,14.8/31,29.1,8.2/30.0/1,16.9/60.0/8,66,47/7,1019.6,9,38.9
2029,2014,12,蘭嶼,17.7,22.9/10,13.4/17,177.7,22.4/10.0/1,32.0/20.0/1,81,54/30,981.8,22,24.7
2030,2014,12,馬祖,12.4,20.7/1,7.8/17,35.1,8.2/50.0/8,19.1/360.0/9,68,32/29,1014.2,7,134.8
2031,2014,12,金門,14.7,22.4/1,8.7/30,36.3,7.2/50.0/8,17.3/30.0/8,61,25/17,1020.7,7,121.8
2032,2014,12,澎湖,18.3,25.0/1,13.5/17,20.4,11.4/30.0/8,22.5/40.0/1,71,48/29,1019.6,9,108.1
2033,2014,12,東吉島,18.7,24.8/1,14.3/17,23.2,19.4/30.0/1,27.1/10.0/1,72,51/29,1014.7,8,102.3
2034,2015,1,彭佳嶼,17.8,25.4/22,9.7/17,159.0,18.3/340.0/10,25.1/330.0/10,75,44/17,1009.9,17,29.1
2035,2015,1,基隆,18.5,28.3/22,11.2/17,249.0,12.0/10.0/17,17.8/10.0/17,76,49/18,1018.7,24,18.0
2036,2015,1,臺北,18.9,30.5/22,11.3/17,75.7,8.1/60.0/19,15.0/50.0/19,79,53/17,1017.9,11,39.3
2037,2015,1,鞍部,12.3,23.7/22,2.5/17,245.7,14.3/350.0/10,23.9/340.0/10,97,57/21,926.8,26,21.1
2038,2015,1,竹子湖,14.2,25.6/22,4.8/17,189.0,9.3/20.0/15,18.6/10.0/4,88,60/22,951.4,25,52.3
2039,2015,1,淡水,18.5,30.2/22,9.8/18,79.0,6.7/150.0/9,32.1/30.0/17,75,44/22,1019.3,10,47.4
2040,2015,1,(原板橋),18.8,29.9/22,11.1/17,80.6,7.1/70.0/19,14.5/70.0/19,71,47/17,1019.9,12,31.5
2041,2015,1,新屋,18.4,26.2/5,10.6/17,87.3,15.2/40.0/19,23.3/40.0/19,77,52/17,1018.5,10,65.6
2042,2015,1,新竹,18.3,26.9/5,10.1/17,89.3,6.3/20.0/31,16.5/10.0/17,79,51/4,1017.2,9,97.2
2043,2015,1,臺中,19.6,29.4/24,11.1/17,52.9,5.9/10.0/10,14.0/350.0/10,73,48/19,1009.3,9,152.4
2044,2015,1,梧棲,18.6,27.3/23,10.5/17,57.4,14.4/350.0/28,25.8/20.0/17,78,48/17,1016.8,7,148.8
2045,2015,1,日月潭,16.5,25.9/23,9.2/17,33.5,5.4/290.0/10,7.3/290.0/10,82,44/20,906.3,4,136.1
2046,2015,1,嘉義,19.8,30.2/24,10.4/19,31.4,8.4/20.0/10,13.4/10.0/10,76,48/17,1015.9,5,161.2
2047,2015,1,阿里山,9.8,18.0/5,2.8/29,56.8,4.8/340.0/26,14.5/350.0/10,74,34/19,767.8,10,168.7
2048,2015,1,玉山,2.1,12.8/2,-5.0/12,104.5,22.6/230.0/10,33.4/240.0/10,69,15/29,645.1,9,178.0
2049,2015,1,臺南,20.5,30.1/24,12.1/18,13.5,9.1/10.0/16,15.8/10.0/16,75,50/18,1016.1,3,207.6
2050,2015,1,高雄,22.4,29.7/24,13.9/17,27.5,5.3/350.0/16,9.7/30.0/10,71,48/21,1018.1,3,195.7
2051,2015,1,恆春,23.6,31.0/23,16.8/18,2.5,12.7/50.0/4,25.5/50.0/31,71,50/18,1016.1,2,201.7
2052,2015,1,宜蘭,18.5,27.9/24,11.0/17,178.8,6.6/320.0/10,11.8/240.0/10,81,51/10,1020.8,21,39.3
2053,2015,1,蘇澳,18.8,27.2/22,11.6/17,240.5,8.4/10.0/15,20.4/60.0/6,81,54/17,1018.8,25,30.5
2054,2015,1,花蓮,20.4,27.1/2,13.5/18,103.0,9.6/40.0/3,18.0/60.0/3,79,51/17,1018.6,12,58.9
2055,2015,1,成功,21.1,27.8/21,14.5/17,86.4,9.8/30.0/31,16.9/50.0/31,75,50/18,1015.2,14,76.1
2056,2015,1,臺東,21.6,28.7/22,13.8/17,34.1,5.7/50.0/3,13.8/10.0/16,78,47/18,1018.9,8,120.3
2057,2015,1,大武,22.5,32.3/24,16.3/17,8.6,7.6/40.0/8,16.1/30.0/8,68,46/19,1018.3,6,109.0
2058,2015,1,蘭嶼,20.5,26.5/24,14.1/17,251.8,25.2/20.0/16,35.7/30.0/16,83,61/20,981.1,24,57.9
2059,2015,1,馬祖,13.9,22.1/2,6.2/18,158.1,7.3/60.0/31,17.1/20.0/18,83,51/17,1013.0,16,35.2
2060,2015,1,金門,16.6,24.8/1,8.1/18,184.9,7.4/60.0/17,16.2/30.0/31,70,38/17,1019.3,9,93.1
2061,2015,1,澎湖,19.9,27.1/23,13.6/17,59.5,11.2/10.0/17,25.0/10.0/17,75,51/17,1019.1,5,99.2
2062,2015,1,東吉島,20.6,26.7/23,14.4/17,39.5,20.8/30.0/17,27.6/30.0/17,77,56/4,1014.4,4,132.2
2063,2015,2,彭佳嶼,15.7,22.1/6,10.2/1,36.5,20.5/120.0/13,30.9/120.0/13,70,48/22,1011.0,9,77.7
2064,2015,2,基隆,16.1,22.9/6,9.1/23,132.2,10.4/10.0/30,16.0/360.0/30,72,48/24,1019.2,12,51.8
2065,2015,2,臺北,16.7,24.8/24,10.3/23,20.0,7.7/80.0/19,15.0/70.0/19,67,39/23,1018.7,6,95.7
2066,2015,2,鞍部,9.8,20.1/6,2.6/22,136.0,8.9/160.0/12,20.0/180.0/13,87,44/24,926.7,13,72.1
2067,2015,2,竹子湖,11.6,21.1/6,5.5/1,116.0,8.2/20.0/7,16.8/20.0/29,81,46/24,951.4,12,114.7
2068,2015,2,淡水,15.8,24.8/6,8.1/23,20.5,8.1/140.0/13,18.8/140.0/13,72,42/24,1020.2,6,124.9
2069,2015,2,(原板橋),16.3,24.5/24,8.5/24,24.7,7.0/70.0/19,15.1/80.0/19,67,36/23,1020.7,8,80.4
2070,2015,2,新屋,15.6,24.2/6,7.1/24,18.0,15.7/40.0/19,24.8/40.0/19,74,49/22,1019.1,3,148.0
2071,2015,2,新竹,16.0,24.5/6,9.1/24,22.7,7.2/50.0/19,18.3/40.0/19,71,30/24,1017.7,5,167.6
2072,2015,2,臺中,17.1,28.7/6,8.2/23,12.3,5.5/350.0/30,11.2/10.0/14,68,29/23,1009.9,6,203.5
2073,2015,2,梧棲,15.9,23.5/6,9.1/23,15.5,15.3/360.0/1,24.5/360.0/1,76,43/23,1017.3,4,197.3
2074,2015,2,日月潭,14.2,24.5/6,8.5/23,15.0,5.2/140.0/25,6.9/260.0/29,76,20/23,906.1,6,174.8
2075,2015,2,嘉義,16.8,28.6/5,8.0/23,6.0,6.8/10.0/14,11.2/360.0/22,75,37/22,1016.6,4,168.5
2076,2015,2,阿里山,6.7,15.6/5,-1.3/22,24.0,4.5/140.0/13,12.7/150.0/13,68,15/18,765.7,4,170.0
2077,2015,2,玉山,1.5,14.2/18,-12.3/22,15.3,17.1/230.0/13,26.6/320.0/29,54,14/17,641.2,4,259.4
2078,2015,2,臺南,17.8,27.8/5,10.6/2,13.5,9.5/20.0/14,15.6/30.0/14,70,33/22,1016.8,1,195.2
2079,2015,2,高雄,19.9,27.4/5,14.1/2,6.0,6.9/350.0/14,12.9/20.0/14,66,35/22,1019.0,2,199.8
2080,2015,2,恆春,20.8,27.9/6,17.2/2,34.5,12.9/50.0/12,28.2/30.0/12,62,46/2,1017.0,3,189.8
2081,2015,2,宜蘭,16.2,26.3/6,8.9/23,64.1,9.8/320.0/14,14.6/340.0/14,75,42/22,1021.8,12,79.9
2082,2015,2,蘇澳,16.5,25.8/6,9.8/23,334.4,9.8/160.0/24,19.0/30.0/1,74,42/22,1019.5,13,63.2
2083,2015,2,花蓮,17.8,25.8/6,12.9/24,24.5,9.6/40.0/30,16.8/60.0/30,72,45/22,1019.7,7,56.0
2084,2015,2,成功,18.3,26.4/6,13.8/16,55.7,8.9/30.0/28,16.3/40.0/19,70,49/9,1016.3,17,40.6
2085,2015,2,臺東,19.0,26.8/6,13.8/2,42.1,5.4/40.0/30,14.3/40.0/30,68,43/24,1020.1,9,74.6
2086,2015,2,大武,19.7,26.0/6,14.3/3,18.2,7.9/30.0/19,14.8/30.0/19,66,46/24,1019.6,7,76.3
2087,2015,2,蘭嶼,17.5,23.0/26,14.0/2,86.0,21.1/10.0/28,33.5/10.0/19,76,52/1,982.0,14,50.4
2088,2015,2,馬祖,11.3,19.1/21,6.9/31,45.2,8.8/10.0/13,20.0/10.0/12,77,43/19,1013.4,4,138.0
2089,2015,2,金門,13.9,22.6/6,8.5/2,32.5,7.8/70.0/1,18.8/60.0/12,65,26/22,1020.2,4,161.7
2090,2015,2,澎湖,17.3,23.4/5,13.2/23,24.8,10.5/40.0/19,22.6/30.0/19,73,30/22,1019.5,3,127.4
2091,2015,2,東吉島,17.8,23.9/6,14.4/1,20.7,19.0/30.0/1,25.4/30.0/8,72,44/23,1014.8,3,141.3
2092,2015,3,彭佳嶼,16.2,22.7/21,9.8/9,29.3,17.2/160.0/14,23.8/180.0/14,75,37/12,1008.8,10,58.1
2093,2015,3,基隆,16.5,26.2/21,10.0/13,187.4,11.0/20.0/8,16.1/360.0/8,78,40/12,1017.1,17,56.7
2094,2015,3,臺北,17.3,27.6/15,9.8/9,90.0,8.1/70.0/19,14.6/60.0/27,72,34/12,1016.8,11,78.9
2095,2015,3,鞍部,11.3,21.6/15,2.5/9,112.7,8.9/360.0/12,17.3/160.0/18,91,51/13,925.3,18,71.0
2096,2015,3,竹子湖,13.0,23.1/15,4.3/9,90.5,7.1/20.0/18,16.1/360.0/19,85,44/12,949.8,15,99.0
2097,2015,3,淡水,16.3,27.2/27,9.4/9,34.0,5.9/150.0/14,13.5/90.0/19,77,36/13,1018.1,8,91.5
2098,2015,3,(原板橋),17.0,26.8/15,9.9/9,95.5,6.5/70.0/19,14.2/50.0/19,72,32/12,1018.7,11,66.3
2099,2015,3,新屋,15.8,26.8/21,7.8/13,81.0,13.3/40.0/8,20.6/40.0/8,79,37/13,1017.5,8,89.9
2100,2015,3,新竹,16.2,26.3/21,9.2/13,47.2,5.5/50.0/8,14.0/70.0/8,78,31/13,1016.4,12,93.6
2101,2015,3,臺中,18.1,28.9/28,9.6/13,21.2,6.2/10.0/5,14.4/350.0/5,71,26/14,1008.8,4,160.3
2102,2015,3,梧棲,16.6,26.6/21,10.3/13,31.0,14.5/360.0/5,25.4/360.0/5,79,39/13,1016.2,4,146.0
2103,2015,3,日月潭,14.7,26.0/15,6.4/10,10.0,5.2/280.0/13,9.3/290.0/7,79,37/13,904.9,3,145.1
2104,2015,3,嘉義,18.1,28.3/26,9.3/10,30.1,7.3/360.0/5,12.7/350.0/5,77,35/13,1015.5,3,143.5
2105,2015,3,阿里山,6.6,16.8/27,-1.6/10,55.1,4.0/150.0/14,9.9/320.0/22,78,18/13,765.6,5,117.3
2106,2015,3,玉山,-1.9,11.6/2,-9.3/11,13.0,13.2/280.0/9,24.3/270.0/15,80,14/2,640.5,6,124.4
2107,2015,3,臺南,18.9,29.2/26,10.5/10,22.0,9.9/30.0/5,17.2/20.0/5,73,37/12,1015.8,3,186.6
2108,2015,3,高雄,20.8,29.4/26,12.3/10,38.0,6.7/310.0/5,12.4/340.0/12,69,37/14,1017.9,3,194.8
2109,2015,3,恆春,21.6,29.8/25,12.9/11,29.0,11.3/50.0/8,23.4/40.0/9,68,49/13,1016.0,2,178.9
2110,2015,3,宜蘭,17.1,27.2/26,9.2/9,56.9,9.6/320.0/12,17.2/320.0/12,80,33/12,1019.6,17,76.5
2111,2015,3,蘇澳,17.1,25.6/25,9.6/8,207.0,7.9/160.0/14,20.8/80.0/8,81,40/12,1017.3,21,71.4
2112,2015,3,花蓮,18.5,27.1/26,11.5/9,13.1,10.4/50.0/8,18.3/40.0/8,79,50/12,1017.7,12,69.2
2113,2015,3,成功,19.3,27.5/26,13.2/11,17.4,8.7/30.0/8,16.0/40.0/8,73,48/13,1014.5,11,55.1
2114,2015,3,臺東,20.1,27.5/26,13.0/10,27.4,5.2/40.0/8,14.9/40.0/8,72,46/13,1018.3,5,88.5
2115,2015,3,大武,20.5,28.2/26,12.1/10,14.1,7.3/30.0/8,15.1/40.0/8,71,49/13,1018.0,5,104.2
2116,2015,3,蘭嶼,18.6,25.8/26,12.7/9,85.7,20.9/10.0/8,31.8/10.0/5,80,58/2,981.1,16,72.6
2117,2015,3,馬祖,11.1,21.4/16,4.9/10,10.0,8.9/90.0/8,16.9/80.0/8,81,30/12,1011.2,11,81.0
2118,2015,3,金門,14.5,23.8/17,6.7/10,55.2,8.4/70.0/8,17.2/60.0/8,69,22/12,1018.4,5,113.6
2119,2015,3,澎湖,17.8,26.1/26,12.1/9,19.7,11.0/40.0/8,23.5/30.0/8,76,37/12,1018.3,2,123.2
2120,2015,3,東吉島,18.2,26.3/26,12.6/9,56.2,19.8/30.0/8,26.5/20.0/8,76,36/13,1013.9,2,141.7
2121,2015,4,彭佳嶼,17.2,26.7/31,10.6/1,118.8,15.4/60.0/24,22.1/10.0/1,83,56/22,1007.6,16,81.9
2122,2015,4,基隆,17.8,29.6/19,11.2/1,410.0,10.7/10.0/25,16.0/360.0/25,83,44/19,1016.0,18,74.7
2123,2015,4,臺北,18.9,31.7/31,11.4/11,182.0,7.2/80.0/23,14.5/70.0/24,80,47/18,1015.5,13,89.3
2124,2015,4,鞍部,13.5,25.5/20,5.3/1,305.7,11.5/150.0/25,24.5/140.0/25,92,47/18,924.8,14,83.7
2125,2015,4,竹子湖,15.0,28.9/19,6.8/1,247.2,10.6/20.0/25,19.8/360.0/24,87,42/19,949.0,13,100.4
2126,2015,4,淡水,17.9,28.8/31,10.8/11,129.0,7.1/20.0/23,15.5/30.0/23,82,39/29,1016.8,9,94.6
2127,2015,4,(原板橋),18.7,30.7/19,11.6/11,187.2,6.0/70.0/10,13.8/40.0/24,77,43/29,1017.4,13,78.9
2128,2015,4,新屋,17.7,27.7/31,10.9/11,134.5,15.2/40.0/10,22.6/40.0/24,87,56/30,1016.1,15,97.3
2129,2015,4,新竹,18.3,29.1/31,11.3/11,132.7,7.7/20.0/24,18.8/50.0/24,83,46/29,1015.0,15,109.6
2130,2015,4,臺中,20.7,34.7/19,13.0/11,24.8,5.6/350.0/9,11.4/10.0/9,74,28/19,1007.6,10,143.7
2131,2015,4,梧棲,19.1,31.4/19,11.9/11,19.3,14.1/350.0/23,22.9/20.0/23,80,43/19,1014.8,9,143.0
2132,2015,4,日月潭,17.4,31.2/19,10.2/13,20.0,3.5/80.0/23,7.7/210.0/4,83,31/19,904.9,6,127.9
2133,2015,4,嘉義,20.9,33.2/19,13.9/11,7.3,7.6/10.0/23,13.8/20.0/23,79,42/19,1014.2,6,136.5
2134,2015,4,阿里山,10.4,19.4/19,1.9/13,41.0,5.0/350.0/9,10.6/340.0/9,82,38/20,767.1,7,139.6
2135,2015,4,玉山,2.3,18.9/20,-7.5/13,12.9,14.0/280.0/18,22.5/280.0/3,81,12/20,643.1,3,126.6
2136,2015,4,臺南,21.8,29.4/30,14.5/2,5.1,9.3/40.0/23,16.5/20.0/23,75,42/29,1014.5,2,189.6
2137,2015,4,高雄,23.6,29.7/27,17.0/11,0.0,6.5/180.0/15,12.2/320.0/23,72,55/27,1016.6,0,204.6
2138,2015,4,恆春,23.8,30.9/31,17.9/14,0.1,12.7/40.0/24,26.1/20.0/24,68,46/14,1014.8,1,183.2
2139,2015,4,宜蘭,18.9,29.3/31,11.8/11,236.0,8.1/330.0/27,13.8/340.0/27,83,55/3,1018.2,13,84.7
2140,2015,4,蘇澳,18.9,28.8/31,12.1/10,540.9,8.3/50.0/9,19.2/70.0/23,84,59/28,1016.0,18,79.3
2141,2015,4,花蓮,20.4,28.2/31,14.2/10,88.0,10.4/40.0/4,18.1/50.0/4,81,54/14,1016.4,13,95.6
2142,2015,4,成功,21.1,28.2/9,15.1/1,92.9,10.7/190.0/3,16.3/190.0/3,79,57/13,1013.4,21,59.5
2143,2015,4,臺東,22.2,29.0/31,16.3/2,55.7,5.7/50.0/9,15.0/40.0/9,74,52/14,1016.9,11,103.2
2144,2015,4,大武,22.5,30.6/31,16.6/13,13.5,8.3/30.0/9,15.2/30.0/9,74,55/27,1016.8,6,107.9
2145,2015,4,蘭嶼,20.2,26.0/31,15.2/10,176.5,20.5/10.0/4,28.4/360.0/10,85,63/21,980.3,19,85.6
2146,2015,4,馬祖,12.8,26.8/31,5.9/5,46.0,11.7/220.0/18,22.6/220.0/18,84,36/13,1009.7,14,94.1
2147,2015,4,金門,15.8,25.5/14,8.5/5,28.1,9.5/70.0/9,20.4/70.0/9,74,34/22,1016.9,12,80.4
2148,2015,4,澎湖,20.4,28.5/16,15.0/12,40.3,10.9/40.0/10,21.9/30.0/10,79,59/29,1016.7,4,109.3
2149,2015,4,東吉島,20.8,27.2/31,16.1/12,51.9,18.0/10.0/24,24.4/10.0/24,79,66/29,1012.6,4,124.9
2150,2015,5,彭佳嶼,20.4,28.2/6,10.6/14,72.3,18.7/280.0/20,23.6/290.0/20,82,42/14,1003.4,14,136.3
2151,2015,5,基隆,21.6,32.2/19,12.4/15,137.7,10.7/230.0/20,20.6/250.0/20,76,28/14,1011.7,13,106.4
2152,2015,5,臺北,22.7,34.5/6,13.6/15,87.6,8.6/70.0/7,17.6/80.0/20,75,20/15,1011.2,10,112.9
2153,2015,5,鞍部,16.8,27.7/6,7.0/14,119.8,8.2/70.0/20,17.9/340.0/19,85,24/14,922.2,13,124.1
2154,2015,5,竹子湖,18.5,30.1/5,9.6/14,96.5,8.9/20.0/25,19.8/20.0/20,80,24/15,945.9,11,139.0
2155,2015,5,淡水,21.8,33.5/6,12.6/15,89.5,6.3/20.0/7,12.6/20.0/7,77,33/15,1012.5,10,142.1
2156,2015,5,(原板橋),22.6,33.9/6,11.2/15,79.4,6.8/60.0/25,13.6/60.0/25,74,21/15,1013.0,10,134.2
2157,2015,5,新屋,21.5,30.6/6,11.5/15,104.0,14.6/230.0/20,23.6/220.0/19,84,35/15,1012.0,10,146.4
2158,2015,5,新竹,22.4,32.7/20,12.1/15,100.5,5.6/20.0/7,15.6/30.0/7,78,34/14,1011.0,10,152.8
2159,2015,5,臺中,24.4,34.1/18,12.4/15,47.7,5.1/240.0/18,10.3/300.0/8,68,22/14,1004.1,7,204.0
2160,2015,5,梧棲,22.9,30.9/19,14.7/9,36.2,13.2/360.0/7,23.5/360.0/8,75,25/14,1011.3,7,203.0
2161,2015,5,日月潭,19.8,32.5/5,9.0/14,108.5,7.6/160.0/21,12.8/220.0/6,77,27/15,902.9,5,184.2
2162,2015,5,嘉義,24.1,33.6/18,11.2/15,108.1,9.7/80.0/6,17.0/90.0/6,76,26/14,1010.7,5,229.6
2163,2015,5,阿里山,11.8,22.2/4,-0.9/14,123.5,5.1/150.0/17,12.1/320.0/21,75,15/16,766.1,8,152.5
2164,2015,5,玉山,3.6,18.4/4,-10.1/14,85.1,17.5/150.0/6,25.0/280.0/16,74,14/15,642.9,10,167.1
2165,2015,5,臺南,24.9,32.3/5,16.8/9,25.8,9.7/200.0/18,15.3/180.0/18,73,21/14,1011.2,4,253.4
2166,2015,5,高雄,26.2,31.8/5,18.5/15,7.0,7.9/310.0/14,14.1/310.0/14,70,24/14,1013.4,4,259.7
2167,2015,5,恆春,25.9,32.6/5,17.2/14,102.8,9.1/50.0/11,23.7/60.0/11,72,35/14,1011.6,4,232.5
2168,2015,5,宜蘭,22.0,32.3/6,12.8/14,75.0,8.2/330.0/14,13.4/320.0/14,80,24/14,1013.8,17,106.9
2169,2015,5,蘇澳,22.1,30.2/6,14.9/15,84.1,9.1/170.0/18,18.9/80.0/20,81,29/14,1011.8,13,110.5
2170,2015,5,花蓮,22.9,30.2/20,16.3/14,57.0,11.2/190.0/18,17.0/170.0/18,82,49/14,1012.4,16,110.0
2171,2015,5,成功,23.6,30.4/29,18.1/14,69.5,11.0/190.0/3,16.8/220.0/18,79,49/23,1009.6,19,91.2
2172,2015,5,臺東,24.4,34.8/20,17.6/14,120.1,5.2/200.0/19,14.2/220.0/17,77,30/20,1012.8,12,152.4
2173,2015,5,大武,25.1,35.6/20,16.8/14,200.1,8.8/160.0/3,15.3/140.0/20,74,35/20,1013.1,11,144.9
2174,2015,5,蘭嶼,22.4,27.8/4,16.8/13,354.6,21.3/10.0/13,31.1/10.0/8,84,58/15,977.2,17,112.7
2175,2015,5,馬祖,17.6,29.2/29,8.9/8,76.1,13.0/200.0/2,22.7/230.0/2,79,31/14,1004.7,11,132.0
2176,2015,5,金門,20.0,30.7/5,11.0/9,72.9,8.4/70.0/21,18.1/80.0/21,74,23/14,1012.2,9,167.0
2177,2015,5,澎湖,23.5,31.6/6,15.9/15,72.7,10.3/40.0/8,21.5/40.0/8,76,25/14,1013.2,5,196.6
2178,2015,5,東吉島,23.5,29.7/28,18.2/15,35.9,17.5/30.0/8,25.3/30.0/8,77,29/14,1009.2,3,234.2
2179,2015,6,彭佳嶼,23.7,30.6/29,17.3/12,115.0,18.2/270.0/28,23.2/270.0/28,86,48/12,998.3,17,112.8
2180,2015,6,基隆,25.4,36.0/30,18.7/5,262.3,8.5/30.0/12,16.7/260.0/28,78,47/18,1006.4,18,101.9
2181,2015,6,臺北,26.1,36.5/30,18.1/5,302.8,7.1/80.0/10,14.4/80.0/10,78,43/12,1006.1,18,82.1
2182,2015,6,鞍部,20.4,28.1/30,12.1/4,372.1,9.2/350.0/12,16.6/360.0/12,90,40/12,918.6,19,59.7
2183,2015,6,竹子湖,22.1,30.0/30,14.7/5,301.3,8.4/20.0/12,17.3/30.0/21,84,56/13,942.0,17,84.9
2184,2015,6,淡水,25.3,34.2/29,18.4/5,260.0,5.3/30.0/10,19.9/270.0/28,81,49/12,1007.3,14,100.8
2185,2015,6,(原板橋),26.0,35.5/30,18.5/5,239.4,7.2/220.0/28,14.4/190.0/28,76,43/12,1007.8,15,106.2
2186,2015,6,新屋,25.1,31.7/28,18.0/5,360.8,13.8/240.0/30,21.0/240.0/30,87,51/13,1006.9,14,113.6
2187,2015,6,新竹,25.7,34.2/28,18.5/5,363.1,5.4/280.0/18,17.6/290.0/18,81,52/18,1006.0,13,118.9
2188,2015,6,臺中,26.9,34.7/9,21.7/20,662.0,4.7/240.0/18,9.4/230.0/18,77,43/18,1000.0,15,120.9
2189,2015,6,梧棲,26.1,32.0/2,20.1/5,391.3,10.1/350.0/12,15.1/350.0/12,82,58/18,1006.9,15,145.8
2190,2015,6,日月潭,21.1,30.4/16,17.0/20,572.5,8.2/290.0/5,14.4/270.0/5,88,41/18,900.3,20,99.1
2191,2015,6,嘉義,27.3,35.0/18,22.4/5,405.5,8.4/250.0/2,13.3/250.0/15,81,41/18,1006.7,14,171.4
2192,2015,6,阿里山,13.9,22.5/14,7.5/6,1002.8,5.5/150.0/20,14.6/260.0/31,85,28/17,764.9,23,106.1
2193,2015,6,玉山,6.4,17.4/15,0.9/6,705.6,17.2/140.0/10,22.5/280.0/24,83,17/18,642.6,24,116.5
2194,2015,6,臺南,27.7,33.1/10,22.8/21,300.0,8.1/200.0/22,15.4/250.0/25,80,53/17,1007.3,14,189.3
2195,2015,6,高雄,28.3,33.6/10,24.7/26,300.5,7.9/280.0/25,13.2/280.0/25,77,55/21,1009.6,11,213.6
2196,2015,6,恆春,27.9,33.0/10,23.3/13,391.8,7.4/340.0/25,15.3/280.0/3,76,59/17,1007.8,8,198.8
2197,2015,6,宜蘭,25.0,33.7/29,18.2/5,205.6,8.3/320.0/12,14.4/320.0/12,84,57/13,1008.7,20,112.4
2198,2015,6,蘇澳,25.2,32.4/28,18.8/5,288.3,8.2/160.0/13,19.7/50.0/12,84,50/12,1006.8,19,127.6
2199,2015,6,花蓮,25.6,32.3/31,19.9/13,173.0,8.3/30.0/12,13.2/30.0/12,85,54/4,1007.5,19,142.8
2200,2015,6,成功,25.7,31.7/31,20.8/5,183.3,10.2/30.0/12,16.8/30.0/12,83,59/11,1004.7,18,121.3
2201,2015,6,臺東,26.5,33.1/30,21.4/21,178.4,4.8/40.0/12,11.8/40.0/12,83,57/30,1008.0,17,174.0
2202,2015,6,大武,27.2,37.2/3,21.9/21,259.8,8.3/160.0/15,14.0/40.0/11,77,37/20,1008.4,10,193.8
2203,2015,6,蘭嶼,24.4,27.8/7,21.1/4,131.0,32.4/10.0/11,49.3/10.0/11,87,66/9,973.1,13,106.9
2204,2015,6,馬祖,21.3,31.5/3,13.6/5,115.8,11.8/200.0/15,22.2/220.0/15,85,35/13,999.3,18,90.1
2205,2015,6,金門,23.5,32.6/31,17.2/5,169.0,7.8/270.0/30,17.4/70.0/21,83,30/12,1006.6,20,80.3
2206,2015,6,澎湖,26.5,33.0/19,22.4/5,329.5,7.6/190.0/2,14.1/300.0/20,82,55/13,1008.9,10,186.1
2207,2015,6,東吉島,26.6,32.6/9,21.9/5,267.2,15.4/220.0/24,18.7/160.0/21,82,60/13,1005.1,8,190.0
2208,2015,7,彭佳嶼,27.6,32.9/25,21.9/5,18.8,18.5/270.0/28,23.0/270.0/28,87,69/25,996.4,4,235.3
2209,2015,7,基隆,29.0,36.5/28,23.8/6,47.1,7.8/240.0/28,16.4/290.0/28,76,46/9,1004.8,9,222.3
2210,2015,7,臺北,30.0,37.1/19,24.5/21,248.3,8.0/90.0/13,15.5/120.0/13,73,47/5,1004.3,9,146.9
2211,2015,7,鞍部,23.7,28.8/18,20.5/7,43.8,5.5/20.0/30,17.7/350.0/28,89,58/9,917.9,8,125.9
2212,2015,7,竹子湖,25.2,30.5/28,21.3/21,42.4,5.0/20.0/21,11.8/250.0/28,80,60/18,941.2,8,167.7
2213,2015,7,淡水,29.2,35.6/23,24.1/8,38.0,5.0/280.0/27,33.9/320.0/24,76,50/9,1005.7,6,226.6
2214,2015,7,(原板橋),29.8,36.3/28,24.5/9,230.1,6.8/230.0/28,14.4/230.0/28,71,45/8,1006.2,8,224.3
2215,2015,7,新屋,28.9,34.8/24,24.1/9,21.4,13.3/230.0/30,21.0/230.0/30,84,61/6,1005.3,5,269.0
2216,2015,7,新竹,29.6,35.3/18,24.2/9,89.8,6.1/280.0/29,17.1/270.0/27,75,54/18,1004.6,5,280.7
2217,2015,7,臺中,29.7,35.5/27,23.2/1,65.5,4.6/210.0/30,10.4/230.0/29,71,52/27,998.9,6,240.1
2218,2015,7,梧棲,29.4,33.9/25,24.2/1,50.9,9.7/230.0/24,15.1/230.0/27,77,56/18,1005.6,5,282.4
2219,2015,7,日月潭,23.3,31.1/16,18.7/4,114.5,7.8/290.0/19,12.2/290.0/19,84,52/9,900.1,17,167.5
2220,2015,7,嘉義,30.1,37.0/27,23.5/8,44.8,8.2/260.0/27,13.6/240.0/14,72,45/27,1005.7,6,282.1
2221,2015,7,阿里山,15.4,22.5/3,9.3/3,48.2,4.2/170.0/17,7.8/250.0/24,81,29/17,765.3,12,176.8
2222,2015,7,玉山,8.9,21.3/15,4.3/1,35.9,15.6/160.0/22,18.7/170.0/22,64,23/15,643.7,7,223.5
2223,2015,7,臺南,30.4,35.0/22,26.2/1,19.0,10.1/190.0/23,16.6/180.0/23,74,49/8,1006.2,2,322.1
2224,2015,7,高雄,30.6,34.7/22,25.9/1,10.0,6.8/180.0/23,12.2/180.0/23,75,60/22,1008.4,2,328.7
2225,2015,7,恆春,30.2,34.6/20,25.7/23,35.5,7.1/290.0/18,14.9/280.0/18,73,59/20,1006.7,6,296.7
2226,2015,7,宜蘭,28.5,34.8/22,23.8/8,70.0,6.4/20.0/15,9.9/20.0/22,80,56/11,1007.0,9,218.5
2227,2015,7,蘇澳,28.9,33.9/17,24.5/1,50.6,7.2/80.0/5,13.2/210.0/2,79,56/22,1005.1,6,244.5
2228,2015,7,花蓮,28.9,33.7/30,24.4/9,115.0,9.5/60.0/24,15.5/80.0/24,80,52/18,1005.8,3,277.1
2229,2015,7,成功,28.4,35.4/27,23.4/20,36.2,9.8/190.0/24,14.8/190.0/24,80,53/27,1003.1,4,272.3
2230,2015,7,臺東,29.7,36.4/27,25.6/1,3.7,6.8/200.0/25,13.9/200.0/25,76,51/11,1006.7,2,313.1
2231,2015,7,大武,29.7,38.7/17,24.5/1,14.5,8.2/160.0/7,16.6/230.0/27,73,37/17,1007.0,3,314.4
2232,2015,7,蘭嶼,26.7,30.6/20,23.8/23,31.9,21.3/230.0/18,29.2/230.0/27,83,69/22,972.4,5,199.8
2233,2015,7,馬祖,25.8,33.2/23,17.4/4,65.1,15.7/340.0/18,36.3/320.0/18,83,64/15,996.5,9,192.6
2234,2015,7,金門,27.5,33.0/28,22.6/7,24.2,6.6/70.0/4,12.9/210.0/17,86,65/21,1004.3,7,221.3
2235,2015,7,澎湖,29.0,33.7/19,25.7/5,59.3,8.2/190.0/23,13.7/170.0/23,83,67/17,1007.8,9,300.8
2236,2015,7,東吉島,29.3,33.8/17,26.1/22,33.5,14.3/190.0/23,21.4/200.0/24,81,64/21,1004.0,6,297.6
2237,2015,8,彭佳嶼,28.0,33.4/27,24.0/14,25.5,29.0/270.0/10,37.0/270.0/11,85,64/31,993.0,6,261.8
2238,2015,8,基隆,29.4,36.6/2,24.8/15,186.2,12.1/240.0/11,25.4/250.0/11,71,43/28,1001.7,10,238.9
2239,2015,8,臺北,30.0,37.5/2,24.2/28,316.8,7.8/260.0/11,19.0/350.0/10,72,43/28,1001.2,13,169.4
2240,2015,8,鞍部,23.6,29.2/21,19.5/31,366.5,16.6/350.0/10,31.0/350.0/10,88,55/16,914.9,9,165.7
2241,2015,8,竹子湖,25.2,31.9/6,20.3/24,463.2,5.0/320.0/10,21.4/300.0/10,79,54/28,938.2,10,200.0
2242,2015,8,淡水,29.3,37.6/6,24.3/24,102.0,7.2/130.0/6,37.9/150.0/15,72,43/8,1002.5,6,229.4
2243,2015,8,(原板橋),29.7,37.3/2,23.1/29,261.8,9.3/220.0/11,17.9/230.0/11,70,40/28,1003.0,13,199.3
2244,2015,8,新屋,29.1,36.8/5,24.5/29,8.7,15.3/220.0/11,24.0/210.0/11,80,52/21,1002.1,6,242.4
2245,2015,8,新竹,29.6,37.0/21,23.7/29,55.2,5.7/360.0/10,16.3/300.0/2,74,39/21,1001.4,5,216.8
2246,2015,8,臺中,29.2,35.6/21,23.0/29,71.4,6.1/360.0/10,14.7/350.0/10,71,40/21,995.6,12,164.3
2247,2015,8,梧棲,28.9,34.5/21,24.3/22,64.0,14.6/350.0/10,24.6/360.0/10,77,43/21,1002.4,12,208.0
2248,2015,8,日月潭,23.0,31.1/2,18.3/30,171.0,6.6/330.0/10,14.9/280.0/11,85,49/24,896.9,17,119.2
2249,2015,8,嘉義,29.2,35.8/1,23.5/27,245.6,9.6/260.0/1,16.0/10.0/10,75,44/21,1002.5,15,199.1
2250,2015,8,阿里山,14.7,22.6/21,8.5/31,450.6,5.5/360.0/10,16.3/280.0/20,90,51/24,762.4,24,107.6
2251,2015,8,玉山,8.0,21.8/4,2.5/29,264.8,23.3/130.0/8,29.8/130.0/8,80,26/4,640.9,20,136.5
2252,2015,8,臺南,29.1,34.1/5,23.8/27,225.0,11.2/10.0/10,19.0/10.0/10,79,54/21,1002.9,15,200.2
2253,2015,8,高雄,29.5,34.7/5,25.0/22,200.0,8.8/170.0/19,17.6/140.0/8,78,60/17,1005.2,15,218.7
2254,2015,8,恆春,29.0,35.6/4,23.3/28,493.2,7.9/290.0/10,17.6/290.0/11,76,51/4,1003.6,15,195.2
2255,2015,8,宜蘭,28.8,34.7/14,23.6/14,110.1,8.8/100.0/5,17.9/250.0/10,78,46/11,1004.0,10,227.7
2256,2015,8,蘇澳,29.1,34.0/3,23.9/14,45.0,9.6/160.0/8,18.5/270.0/10,75,52/31,1002.1,8,250.7
2257,2015,8,花蓮,29.1,33.8/2,24.6/8,11.0,12.5/180.0/19,19.6/180.0/19,76,57/26,1002.7,5,264.2
2258,2015,8,成功,28.0,34.9/2,23.8/23,216.8,11.6/200.0/21,21.9/220.0/22,79,52/2,1000.2,9,228.0
2259,2015,8,臺東,29.0,35.2/11,24.1/14,311.4,6.7/200.0/22,14.4/190.0/11,79,54/4,1003.8,11,278.5
2260,2015,8,大武,28.9,37.9/1,24.3/30,534.7,8.3/110.0/8,16.8/200.0/11,74,36/23,1004.1,10,250.1
2261,2015,8,蘭嶼,26.0,30.9/4,22.2/8,198.6,24.0/240.0/10,34.6/240.0/11,85,66/14,969.4,11,147.3
2262,2015,8,馬祖,26.4,33.6/12,21.0/4,80.8,10.4/200.0/22,18.8/200.0/22,85,57/31,994.2,8,183.0
2263,2015,8,金門,27.9,37.2/10,23.9/5,138.1,9.9/250.0/24,19.5/230.0/23,78,40/10,1001.5,9,184.8
2264,2015,8,澎湖,28.5,33.7/3,24.8/22,91.1,9.8/180.0/19,18.7/170.0/20,84,64/18,1004.6,8,235.9
2265,2015,8,東吉島,28.3,33.2/3,24.4/22,133.9,17.9/200.0/20,29.0/210.0/20,80,66/29,1000.8,10,240.4
2266,2015,9,彭佳嶼,27.0,32.8/14,22.5/27,334.9,43.4/120.0/8,60.2/70.0/8,85,65/4,994.5,16,194.0
2267,2015,9,基隆,27.9,34.4/15,24.1/27,679.2,23.6/60.0/8,45.7/80.0/8,77,48/3,1002.2,21,140.5
2268,2015,9,臺北,28.6,36.2/13,23.9/8,728.2,15.9/80.0/8,39.2/90.0/8,76,48/20,1002.3,23,121.8
2269,2015,9,鞍部,22.6,28.9/19,18.8/27,576.9,18.1/190.0/8,49.4/170.0/8,93,58/16,915.5,20,71.0
2270,2015,9,竹子湖,24.1,31.9/12,19.5/27,729.4,9.0/220.0/8,38.8/110.0/8,85,60/19,939.0,21,106.9
2271,2015,9,淡水,28.2,36.1/19,23.6/27,376.0,6.4/270.0/15,16.5/130.0/16,76,44/20,1003.6,16,130.7
2272,2015,9,(原板橋),28.4,36.5/19,23.1/6,529.6,19.0/60.0/8,36.7/70.0/8,73,46/11,1004.0,20,136.6
2273,2015,9,新屋,28.0,34.6/21,23.4/25,205.4,29.7/40.0/8,47.0/50.0/8,84,48/2,1002.9,15,182.3
2274,2015,9,新竹,28.5,36.6/21,23.5/30,220.0,12.6/20.0/8,30.4/40.0/8,75,45/2,1001.8,16,177.3
2275,2015,9,臺中,28.0,35.5/21,22.9/30,368.4,11.4/350.0/8,30.5/160.0/8,76,47/4,995.8,15,132.0
2276,2015,9,梧棲,28.0,34.3/22,22.8/29,340.3,32.4/350.0/8,54.2/350.0/8,79,52/4,1002.5,14,165.8
2277,2015,9,日月潭,22.3,33.1/21,18.2/30,621.0,8.9/290.0/17,17.9/310.0/16,87,42/21,897.0,21,100.6
2278,2015,9,嘉義,28.1,34.9/11,23.2/8,560.5,17.7/250.0/8,33.8/230.0/8,80,46/4,1002.7,20,146.7
2279,2015,9,阿里山,14.5,23.6/1,8.7/6,984.3,7.7/350.0/8,27.8/280.0/8,90,52/10,762.3,22,81.4
2280,2015,9,玉山,7.5,19.2/3,1.6/5,658.7,25.2/210.0/8,39.8/230.0/8,82,24/3,641.3,20,113.8
2281,2015,9,臺南,28.4,34.8/4,23.4/29,629.6,17.8/320.0/8,34.4/210.0/8,81,45/4,1003.4,16,155.7
2282,2015,9,高雄,28.8,34.1/24,23.8/29,548.0,16.6/270.0/8,31.0/270.0/8,80,58/3,1005.7,17,175.0
2283,2015,9,恆春,28.9,34.1/21,24.1/31,237.2,16.0/290.0/8,34.9/280.0/8,77,52/21,1004.0,18,165.7
2284,2015,9,宜蘭,27.6,34.7/17,23.1/26,697.8,28.2/100.0/8,49.7/90.0/8,83,51/3,1005.4,20,149.1
2285,2015,9,蘇澳,27.5,33.2/24,23.2/27,771.3,36.1/90.0/8,66.1/80.0/8,81,54/2,1003.1,23,155.2
2286,2015,9,花蓮,28.0,34.6/7,23.5/27,544.5,29.0/130.0/8,43.5/130.0/8,84,50/6,1003.3,19,164.6
2287,2015,9,成功,27.8,34.3/7,23.7/2,330.3,12.0/10.0/7,30.2/330.0/7,80,43/7,1000.5,18,164.2
2288,2015,9,臺東,28.6,35.3/8,24.2/9,180.7,10.6/200.0/8,26.5/170.0/8,80,45/8,1004.0,16,205.4
2289,2015,9,大武,28.4,36.4/15,23.9/31,593.9,10.2/200.0/8,23.6/220.0/8,76,45/15,1004.3,13,186.0
2290,2015,9,蘭嶼,25.9,29.9/2,21.6/21,506.2,33.8/230.0/8,52.6/220.0/8,85,66/17,969.3,16,129.9
2291,2015,9,馬祖,26.8,33.8/1,22.6/31,204.9,22.2/80.0/8,48.9/60.0/8,87,61/25,995.8,15,189.1
2292,2015,9,金門,27.7,36.1/23,23.6/31,182.6,11.0/360.0/8,22.1/360.0/8,74,43/7,1002.6,16,174.9
2293,2015,9,澎湖,27.8,33.1/2,23.5/30,788.9,18.7/290.0/8,32.9/270.0/8,86,61/5,1005.0,15,164.6
2294,2015,9,東吉島,27.7,32.2/1,23.5/8,656.8,33.2/210.0/8,47.2/280.0/8,82,64/4,1001.1,15,175.9
2295,2015,10,彭佳嶼,25.8,31.6/6,22.2/20,117.0,32.7/120.0/29,46.9/110.0/29,80,60/12,999.0,13,194.8
2296,2015,10,基隆,26.8,36.8/6,22.2/11,519.3,25.9/30.0/28,42.5/30.0/28,75,44/6,1007.0,14,148.4
2297,2015,10,臺北,27.4,36.6/6,22.4/19,309.9,14.4/10.0/28,37.1/20.0/28,74,48/19,1006.8,14,151.2
2298,2015,10,鞍部,21.3,29.2/6,17.0/18,728.6,20.6/320.0/28,54.5/340.0/28,89,32/20,919.4,14,119.0
2299,2015,10,竹子湖,22.9,30.5/6,18.2/19,607.3,10.4/220.0/28,32.5/300.0/28,81,35/20,942.9,13,157.8
2300,2015,10,淡水,26.8,34.3/6,21.0/11,363.0,9.8/10.0/28,28.0/30.0/28,74,42/12,1008.1,6,169.4
2301,2015,10,(原板橋),27.2,35.6/6,22.2/12,234.0,16.5/60.0/28,33.8/90.0/28,70,43/19,1008.7,10,141.5
2302,2015,10,新屋,26.6,32.2/30,20.7/12,84.1,26.2/40.0/28,43.1/20.0/28,79,52/10,1007.6,7,197.7
2303,2015,10,新竹,27.1,33.2/30,21.6/11,200.1,12.6/10.0/28,30.6/30.0/28,74,47/10,1006.7,8,202.1
2304,2015,10,臺中,27.8,33.8/15,22.9/19,183.9,11.1/340.0/28,30.3/350.0/28,72,37/18,999.8,6,187.3
2305,2015,10,梧棲,27.1,32.1/6,21.7/19,115.3,27.6/350.0/28,45.3/10.0/28,76,49/19,1006.7,7,220.9
2306,2015,10,日月潭,22.0,30.8/16,17.9/14,188.5,12.3/320.0/28,30.4/310.0/28,87,59/18,900.2,6,124.3
2307,2015,10,嘉義,27.5,33.9/25,22.2/19,333.1,14.9/240.0/29,28.8/240.0/29,83,44/18,1006.5,7,200.1
2308,2015,10,阿里山,14.2,20.9/23,9.0/10,575.5,8.3/290.0/28,31.4/270.0/28,87,37/12,764.7,13,103.9
2309,2015,10,玉山,8.2,19.4/12,3.1/9,343.9,25.1/230.0/29,38.2/230.0/29,73,13/12,644.3,11,174.9
2310,2015,10,臺南,28.4,33.7/26,24.5/29,192.0,12.8/280.0/28,24.6/200.0/29,76,48/11,1007.0,5,206.4
2311,2015,10,高雄,28.8,33.5/3,24.5/1,140.5,12.3/280.0/28,22.1/270.0/28,76,54/18,1009.3,6,208.7
2312,2015,10,恆春,28.4,33.7/15,24.1/21,53.2,11.2/280.0/28,25.5/290.0/28,74,45/12,1007.7,8,194.0
2313,2015,10,宜蘭,26.3,33.5/2,20.7/19,390.7,28.3/40.0/28,50.6/20.0/28,79,49/13,1009.5,17,150.1
2314,2015,10,蘇澳,26.6,32.4/5,21.1/19,314.6,40.4/80.0/28,68.4/20.0/28,77,51/19,1007.6,18,154.1
2315,2015,10,花蓮,26.9,32.2/6,22.0/11,259.0,24.0/170.0/28,38.8/170.0/28,80,50/27,1007.9,10,169.0
2316,2015,10,成功,26.7,33.7/28,21.9/11,44.3,11.1/220.0/28,27.4/220.0/28,78,50/28,1005.2,14,152.4
2317,2015,10,臺東,27.7,36.9/28,23.8/12,33.5,10.6/190.0/29,21.4/200.0/29,77,39/28,1008.9,7,173.7
2318,2015,10,大武,27.3,33.3/24,22.2/19,46.0,7.8/200.0/28,18.8/210.0/28,74,49/13,1008.9,12,154.4
2319,2015,10,蘭嶼,25.3,30.3/5,22.0/13,83.3,28.5/220.0/28,44.5/230.0/28,80,60/12,973.6,16,172.2
2320,2015,10,馬祖,25.0,32.8/3,20.5/20,137.5,17.7/80.0/29,31.6/40.0/29,84,57/13,1000.9,17,117.4
2321,2015,10,金門,26.2,31.9/28,22.1/12,214.2,12.0/290.0/6,29.1/290.0/6,72,44/27,1007.5,9,160.8
2322,2015,10,澎湖,27.7,32.6/4,24.0/29,256.4,16.4/280.0/29,28.0/280.0/29,79,55/10,1009.2,4,228.4
2323,2015,10,東吉島,27.4,31.4/24,23.9/29,168.7,22.9/310.0/28,33.9/260.0/29,80,57/10,1005.2,7,242.9
2324,2015,11,彭佳嶼,23.8,29.8/1,20.0/30,64.1,14.9/30.0/9,20.5/70.0/20,78,50/11,1003.9,14,166.0
2325,2015,11,基隆,24.8,32.9/1,20.4/31,191.4,8.7/30.0/31,15.4/40.0/31,76,44/13,1012.0,17,89.6
2326,2015,11,臺北,25.2,34.3/3,20.4/11,135.3,7.9/60.0/17,15.5/50.0/25,78,56/13,1011.5,11,111.6
2327,2015,11,鞍部,18.7,28.5/3,13.8/11,285.0,9.3/160.0/18,23.3/120.0/19,94,53/27,923.1,18,61.2
2328,2015,11,竹子湖,20.4,29.4/3,15.3/11,252.4,9.3/20.0/2,21.8/30.0/18,85,55/27,946.9,19,101.0
2329,2015,11,淡水,24.7,34.0/5,17.8/13,67.0,6.0/10.0/30,13.9/120.0/20,73,41/12,1012.9,8,128.0
2330,2015,11,(原板橋),25.2,34.4/3,20.3/15,145.0,8.9/70.0/17,17.4/80.0/17,70,47/13,1013.4,10,101.7
2331,2015,11,新屋,24.7,32.8/4,19.5/15,97.2,15.7/40.0/17,24.7/50.0/17,77,38/12,1011.9,7,159.2
2332,2015,11,新竹,25.2,33.1/6,19.5/11,86.1,7.6/30.0/17,18.6/80.0/18,75,42/12,1010.7,6,165.3
2333,2015,11,臺中,26.2,33.5/3,19.9/15,14.0,4.3/360.0/11,9.7/350.0/23,72,45/17,1003.5,7,172.3
2334,2015,11,梧棲,25.2,31.8/1,19.6/14,26.0,13.9/350.0/16,24.3/360.0/17,77,50/12,1010.6,4,199.0
2335,2015,11,日月潭,21.0,29.3/3,16.4/15,20.0,4.0/350.0/29,7.7/280.0/14,89,61/30,903.0,9,134.6
2336,2015,11,嘉義,25.8,32.8/4,18.9/14,17.5,5.5/360.0/30,9.3/360.0/30,85,55/30,1010.2,4,182.6
2337,2015,11,阿里山,13.6,20.9/19,7.4/14,40.4,3.9/160.0/1,8.7/120.0/10,81,24/15,766.7,13,130.7
2338,2015,11,玉山,7.2,19.9/16,1.2/29,45.7,14.4/140.0/3,18.7/140.0/3,72,13/17,645.8,10,182.0
2339,2015,11,臺南,26.8,32.7/2,21.1/15,31.0,7.0/10.0/30,11.3/10.0/10,77,53/30,1010.5,4,198.2
2340,2015,11,高雄,27.7,32.5/1,23.8/17,25.5,4.8/310.0/30,8.9/20.0/30,76,58/13,1012.7,4,193.2
2341,2015,11,恆春,27.0,32.4/1,22.3/30,72.8,12.1/50.0/20,26.0/40.0/20,72,46/15,1011.1,11,187.6
2342,2015,11,宜蘭,24.1,32.2/1,18.6/14,273.9,7.9/80.0/16,12.2/90.0/4,82,51/14,1014.6,20,89.4
2343,2015,11,蘇澳,24.6,31.3/1,19.4/13,477.1,8.3/60.0/30,18.1/30.0/9,79,50/15,1012.8,22,91.3
2344,2015,11,花蓮,25.2,31.6/5,18.8/14,96.5,9.1/40.0/17,15.2/40.0/9,79,48/17,1013.0,14,128.1
2345,2015,11,成功,25.3,31.8/4,19.4/14,90.0,10.1/30.0/17,18.7/40.0/17,77,45/17,1009.8,14,119.5
2346,2015,11,臺東,26.0,32.4/3,20.5/14,44.7,6.3/50.0/17,17.1/50.0/17,77,43/17,1013.4,10,164.6
2347,2015,11,大武,26.2,32.1/1,19.9/14,69.9,8.3/30.0/18,17.0/40.0/18,71,38/17,1013.0,15,141.1
2348,2015,11,蘭嶼,23.6,29.7/9,19.6/21,306.0,26.1/350.0/21,41.7/350.0/20,81,56/14,976.7,16,115.9
2349,2015,11,馬祖,22.3,29.4/1,17.1/31,50.2,8.4/80.0/2,18.3/20.0/18,82,47/11,1006.3,12,122.4
2350,2015,11,金門,24.1,31.0/5,19.1/15,7.9,7.8/60.0/30,17.6/50.0/22,67,36/17,1012.4,2,160.9
2351,2015,11,澎湖,26.1,32.0/1,22.4/11,10.5,10.1/10.0/17,22.3/360.0/17,76,44/11,1013.0,5,163.1
2352,2015,11,東吉島,26.1,31.1/6,23.8/31,4.5,16.9/20.0/18,23.2/10.0/18,78,52/12,1008.6,6,197.1
2353,2015,12,彭佳嶼,17.8,25.4/22,9.7/17,159.0,18.3/340.0/10,25.1/330.0/10,75,44/17,1009.9,17,29.1
2354,2015,12,基隆,18.5,28.3/22,11.2/17,249.0,12.0/10.0/17,17.8/10.0/17,76,49/18,1018.7,24,18.0
2355,2015,12,臺北,18.9,30.5/22,11.3/17,75.7,8.1/60.0/19,15.0/50.0/19,79,53/17,1017.9,11,39.3
2356,2015,12,鞍部,12.3,23.7/22,2.5/17,245.7,14.3/350.0/10,23.9/340.0/10,97,57/21,926.8,26,21.1
2357,2015,12,竹子湖,14.2,25.6/22,4.8/17,189.0,9.3/20.0/15,18.6/10.0/4,88,60/22,951.4,25,52.3
2358,2015,12,淡水,18.5,30.2/22,9.8/18,79.0,6.7/150.0/9,32.1/30.0/17,75,44/22,1019.3,10,47.4
2359,2015,12,(原板橋),18.8,29.9/22,11.1/17,80.6,7.1/70.0/19,14.5/70.0/19,71,47/17,1019.9,12,31.5
2360,2015,12,新屋,18.4,26.2/5,10.6/17,87.3,15.2/40.0/19,23.3/40.0/19,77,52/17,1018.5,10,65.6
2361,2015,12,新竹,18.3,26.9/5,10.1/17,89.3,6.3/20.0/31,16.5/10.0/17,79,51/4,1017.2,9,97.2
2362,2015,12,臺中,19.6,29.4/24,11.1/17,52.9,5.9/10.0/10,14.0/350.0/10,73,48/19,1009.3,9,152.4
2363,2015,12,梧棲,18.6,27.3/23,10.5/17,57.4,14.4/350.0/28,25.8/20.0/17,78,48/17,1016.8,7,148.8
2364,2015,12,日月潭,16.5,25.9/23,9.2/17,33.5,5.4/290.0/10,7.3/290.0/10,82,44/20,906.3,4,136.1
2365,2015,12,嘉義,19.8,30.2/24,10.4/19,31.4,8.4/20.0/10,13.4/10.0/10,76,48/17,1015.9,5,161.2
2366,2015,12,阿里山,9.8,18.0/5,2.8/29,56.8,4.8/340.0/26,14.5/350.0/10,74,34/19,767.8,10,168.7
2367,2015,12,玉山,2.1,12.8/2,-5.0/12,104.5,22.6/230.0/10,33.4/240.0/10,69,15/29,645.1,9,178.0
2368,2015,12,臺南,20.5,30.1/24,12.1/18,13.5,9.1/10.0/16,15.8/10.0/16,75,50/18,1016.1,3,207.6
2369,2015,12,高雄,22.4,29.7/24,13.9/17,27.5,5.3/350.0/16,9.7/30.0/10,71,48/21,1018.1,3,195.7
2370,2015,12,恆春,23.6,31.0/23,16.8/18,2.5,12.7/50.0/4,25.5/50.0/31,71,50/18,1016.1,2,201.7
2371,2015,12,宜蘭,18.5,27.9/24,11.0/17,178.8,6.6/320.0/10,11.8/240.0/10,81,51/10,1020.8,21,39.3
2372,2015,12,蘇澳,18.8,27.2/22,11.6/17,240.5,8.4/10.0/15,20.4/60.0/6,81,54/17,1018.8,25,30.5
2373,2015,12,花蓮,20.4,27.1/2,13.5/18,103.0,9.6/40.0/3,18.0/60.0/3,79,51/17,1018.6,12,58.9
2374,2015,12,成功,21.1,27.8/21,14.5/17,86.4,9.8/30.0/31,16.9/50.0/31,75,50/18,1015.2,14,76.1
2375,2015,12,臺東,21.6,28.7/22,13.8/17,34.1,5.7/50.0/3,13.8/10.0/16,78,47/18,1018.9,8,120.3
2376,2015,12,大武,22.5,32.3/24,16.3/17,8.6,7.6/40.0/8,16.1/30.0/8,68,46/19,1018.3,6,109.0
2377,2015,12,蘭嶼,20.5,26.5/24,14.1/17,251.8,25.2/20.0/16,35.7/30.0/16,83,61/20,981.1,24,57.9
2378,2015,12,馬祖,13.9,22.1/2,6.2/18,158.1,7.3/60.0/31,17.1/20.0/18,83,51/17,1013.0,16,35.2
2379,2015,12,金門,16.6,24.8/1,8.1/18,184.9,7.4/60.0/17,16.2/30.0/31,70,38/17,1019.3,9,93.1
2380,2015,12,澎湖,19.9,27.1/23,13.6/17,59.5,11.2/10.0/17,25.0/10.0/17,75,51/17,1019.1,5,99.2
2381,2015,12,東吉島,20.6,26.7/23,14.4/17,39.5,20.8/30.0/17,27.6/30.0/17,77,56/4,1014.4,4,132.2
2382,2016,1,彭佳嶼,19.2,25.9/20,12.0/27,75.2,16.2/120.0/21,24.6/360.0/27,74,51/17,1009.3,12,67.6
2383,2016,1,基隆,19.7,28.8/21,12.5/27,139.6,11.5/10.0/27,19.5/360.0/27,76,54/16,1017.4,17,54.6
2384,2016,1,臺北,20.1,30.6/21,12.6/28,16.5,8.2/50.0/24,15.4/50.0/23,71,42/18,1016.7,6,84.8
2385,2016,1,鞍部,13.4,25.4/21,5.5/28,200.9,9.3/170.0/24,21.4/130.0/23,92,52/13,926.6,19,65.1
2386,2016,1,竹子湖,15.1,26.0/21,7.2/28,189.9,9.9/30.0/23,19.3/10.0/23,86,57/18,950.6,18,104.1
2387,2016,1,淡水,19.3,29.5/21,10.9/28,16.5,6.2/10.0/27,16.1/100.0/20,72,44/18,1018.3,4,106.6
2388,2016,1,(原板橋),19.9,30.9/21,12.6/28,14.5,7.8/70.0/29,16.8/80.0/23,72,51/18,1019.3,6,73.5
2389,2016,1,新屋,19.3,28.6/20,12.1/27,10.7,14.8/40.0/23,23.1/40.0/29,76,50/16,1017.1,4,131.1
2390,2016,1,新竹,19.5,30.0/20,12.4/28,6.5,6.8/20.0/27,18.5/70.0/30,75,52/17,1015.9,2,150.1
2391,2016,1,臺中,20.4,30.8/21,13.3/28,8.4,6.0/10.0/27,13.2/340.0/27,74,35/13,1007.9,1,186.9
2392,2016,1,梧棲,19.4,27.9/21,12.9/28,3.5,16.3/360.0/27,32.2/360.0/27,76,51/23,1015.3,1,169.5
2393,2016,1,日月潭,17.1,27.2/20,10.1/15,21.5,5.4/160.0/29,7.3/330.0/13,76,33/19,905.5,1,169.4
2394,2016,1,嘉義,20.4,30.4/5,12.8/28,10.0,7.7/360.0/27,13.9/20.0/27,75,38/13,1014.2,1,171.4
2395,2016,1,阿里山,9.6,17.6/21,3.2/17,33.6,3.6/170.0/5,6.8/160.0/22,79,33/11,766.9,3,148.7
2396,2016,1,玉山,2.0,12.0/26,-6.9/17,92.0,13.8/310.0/16,26.4/310.0/28,70,13/11,643.8,5,190.5
2397,2016,1,臺南,20.9,29.4/13,13.9/28,2.0,9.9/20.0/27,17.3/10.0/27,74,45/13,1015.0,1,184.5
2398,2016,1,高雄,22.9,30.0/5,16.2/16,1.0,5.4/320.0/18,9.6/350.0/27,71,47/13,1017.1,2,180.4
2399,2016,1,恆春,23.8,30.1/4,18.5/28,0.5,13.6/40.0/23,30.5/40.0/6,66,45/18,1015.0,1,197.5
2400,2016,1,宜蘭,19.1,27.9/21,12.6/16,222.5,8.3/80.0/22,12.1/100.0/22,81,54/18,1019.9,18,61.9
2401,2016,1,蘇澳,19.3,26.6/4,12.7/28,381.6,9.0/10.0/27,22.3/360.0/27,81,53/16,1018.0,25,60.1
2402,2016,1,花蓮,21.0,27.7/4,14.4/16,43.0,12.8/40.0/27,22.1/30.0/27,72,44/18,1018.0,8,88.4
2403,2016,1,成功,21.3,28.2/4,14.3/16,48.5,11.0/10.0/27,20.5/360.0/27,73,50/18,1014.9,14,87.0
2404,2016,1,臺東,21.9,29.0/4,15.4/29,30.8,7.0/40.0/27,17.2/20.0/27,71,46/25,1018.4,7,117.3
2405,2016,1,大武,22.9,29.5/4,17.0/28,6.1,8.2/30.0/9,17.2/40.0/27,66,44/18,1018.0,8,128.5
2406,2016,1,蘭嶼,20.4,26.0/5,14.6/16,131.1,21.1/360.0/15,39.7/20.0/27,81,57/17,980.2,20,66.3
2407,2016,1,馬祖,14.8,22.4/26,6.6/28,27.4,9.5/60.0/27,17.0/80.0/29,77,49/16,1012.0,5,103.7
2408,2016,1,金門,17.4,27.5/20,9.7/28,28.0,8.2/40.0/29,19.1/30.0/29,69,32/16,1018.2,2,137.8
2409,2016,1,澎湖,20.4,26.1/22,15.1/28,3.9,11.4/20.0/27,24.4/10.0/27,75,55/6,1017.3,2,101.0
2410,2016,1,東吉島,21.1,25.7/22,16.0/28,4.6,23.3/20.0/27,31.4/30.0/27,76,59/6,1013.0,1,145.1
2411,2016,2,彭佳嶼,15.9,23.6/4,3.3/25,177.5,19.6/360.0/23,29.8/360.0/23,78,53/1,1009.6,21,8.1
2412,2016,2,基隆,16.2,23.6/27,4.0/24,441.2,12.6/20.0/23,20.0/20.0/23,80,54/25,1018.4,25,6.3
2413,2016,2,臺北,16.2,24.5/5,4.0/24,256.0,7.7/50.0/31,15.5/70.0/31,84,58/25,1017.8,20,27.1
2414,2016,2,鞍部,10.3,20.9/5,-3.7/24,477.2,11.8/350.0/29,22.9/330.0/23,98,64/28,926.2,27,13.8
2415,2016,2,竹子湖,12.0,21.8/5,-1.5/24,335.6,9.3/20.0/20,18.4/20.0/20,92,62/27,950.8,26,38.1
2416,2016,2,淡水,15.8,24.7/5,3.8/24,270.5,6.5/10.0/23,15.9/160.0/26,81,51/27,1019.2,20,36.9
2417,2016,2,(原板橋),16.1,24.0/5,3.8/24,297.8,6.4/70.0/31,14.4/350.0/23,79,49/26,1019.9,20,28.4
2418,2016,2,新屋,15.7,22.4/10,4.2/24,263.4,13.1/30.0/23,21.2/20.0/23,81,45/26,1018.7,20,46.1
2419,2016,2,新竹,15.6,23.7/1,2.8/24,311.1,6.0/30.0/23,14.8/20.0/23,83,43/26,1017.6,20,62.8
2420,2016,2,臺中,16.8,27.3/5,4.4/25,204.9,6.3/10.0/24,16.6/350.0/24,79,33/26,1009.6,18,106.2
2421,2016,2,梧棲,15.8,22.0/4,4.2/24,215.5,15.1/350.0/23,31.9/20.0/23,83,51/25,1017.1,18,99.2
2422,2016,2,日月潭,13.9,23.6/5,0.7/24,326.5,6.7/160.0/24,12.5/180.0/17,86,51/10,905.8,18,91.7
2423,2016,2,嘉義,16.9,26.0/4,4.9/24,139.4,8.8/20.0/24,17.2/10.0/24,82,43/26,1016.3,18,90.7
2424,2016,2,阿里山,7.7,16.8/4,-0.3/26,422.7,5.3/150.0/7,14.7/140.0/28,81,37/7,766.4,20,82.6
2425,2016,2,玉山,-0.4,10.2/1,-8.5/18,387.9,25.1/190.0/28,33.5/200.0/28,83,14/7,643.1,17,99.6
2426,2016,2,臺南,17.3,26.8/5,5.7/24,170.9,12.0/30.0/24,26.6/50.0/24,83,44/26,1016.5,16,113.8
2427,2016,2,高雄,19.3,27.7/6,7.0/25,179.5,7.1/360.0/24,16.0/340.0/24,76,53/25,1018.3,12,120.9
2428,2016,2,恆春,22.0,30.3/5,11.4/25,98.5,12.0/40.0/1,25.0/50.0/1,76,55/15,1016.1,13,116.1
2429,2016,2,宜蘭,16.5,26.6/5,4.7/24,122.1,9.7/320.0/17,17.4/340.0/29,82,51/25,1020.5,23,19.5
2430,2016,2,蘇澳,16.9,25.0/5,5.0/24,284.1,9.2/10.0/18,21.3/300.0/24,82,51/17,1018.4,27,13.3
2431,2016,2,花蓮,18.2,26.3/5,7.9/25,159.5,11.3/40.0/23,18.8/40.0/23,84,57/10,1018.2,25,32.1
2432,2016,2,成功,19.1,27.6/17,9.1/25,177.3,9.2/10.0/23,18.2/360.0/23,80,59/10,1014.9,22,33.6
2433,2016,2,臺東,19.5,30.1/17,9.0/25,151.5,8.0/30.0/23,17.7/20.0/23,82,48/17,1018.8,16,61.9
2434,2016,2,大武,20.8,30.4/21,11.3/24,171.2,8.2/40.0/29,15.9/30.0/29,74,49/20,1018.2,18,69.3
2435,2016,2,蘭嶼,19.1,26.7/5,9.8/24,507.2,21.5/20.0/23,34.3/40.0/23,85,63/19,981.2,30,35.5
2436,2016,2,馬祖,10.8,21.4/4,0.3/25,185.3,7.2/20.0/31,17.5/30.0/22,86,40/24,1012.8,16,47.0
2437,2016,2,金門,13.3,21.2/4,1.3/25,196.6,6.9/70.0/30,14.9/40.0/20,76,37/25,1019.5,17,80.7
2438,2016,2,澎湖,17.0,23.1/5,7.7/24,122.6,10.8/360.0/24,24.7/350.0/24,80,54/24,1019.4,17,49.3
2439,2016,2,東吉島,18.1,23.1/5,8.6/24,115.9,23.0/20.0/24,31.4/10.0/24,80,61/24,1014.7,14,68.4
2440,2016,3,彭佳嶼,15.2,25.9/13,5.2/7,120.7,18.6/160.0/11,24.9/10.0/1,73,34/8,1011.2,15,69.6
2441,2016,3,基隆,15.3,28.4/13,5.7/8,422.2,12.0/10.0/14,18.5/10.0/14,76,35/8,1019.8,19,71.2
2442,2016,3,臺北,15.5,30.5/13,6.1/8,78.9,7.5/60.0/21,15.8/70.0/29,80,29/8,1019.4,17,80.1
2443,2016,3,鞍部,9.7,24.9/13,0.4/7,315.8,10.6/350.0/20,22.5/360.0/1,90,14/9,927.2,17,59.6
2444,2016,3,竹子湖,11.3,26.1/13,2.9/7,288.1,10.0/20.0/14,20.9/10.0/14,84,26/9,952.1,19,76.6
2445,2016,3,淡水,14.3,26.2/13,6.1/8,140.5,7.1/20.0/14,14.8/360.0/14,79,35/8,1020.7,16,75.0
2446,2016,3,(原板橋),15.0,30.1/13,4.9/8,104.6,6.8/70.0/29,14.3/70.0/29,77,23/8,1021.4,17,59.4
2447,2016,3,新屋,14.3,27.0/13,5.5/8,82.1,14.8/40.0/29,22.1/50.0/29,77,36/8,1020.2,16,71.4
2448,2016,3,新竹,14.5,30.5/13,6.1/9,73.3,6.8/20.0/14,16.8/30.0/24,79,33/8,1019.0,13,77.9
2449,2016,3,臺中,16.4,31.4/13,7.5/8,24.2,6.7/360.0/6,16.5/360.0/6,72,24/8,1010.8,11,100.6
2450,2016,3,梧棲,15.2,30.0/13,9.1/15,15.1,14.7/350.0/29,30.2/360.0/5,77,29/8,1018.3,7,89.6
2451,2016,3,日月潭,13.8,25.6/13,3.7/8,42.0,6.7/170.0/5,11.7/280.0/13,82,24/8,906.6,16,96.9
2452,2016,3,嘉義,16.6,31.4/13,7.3/9,12.3,9.2/10.0/5,15.8/10.0/5,76,31/8,1017.5,9,114.4
2453,2016,3,阿里山,7.1,16.5/23,-2.3/8,91.4,5.3/350.0/7,13.4/350.0/7,79,18/8,766.7,15,88.1
2454,2016,3,玉山,-1.2,8.4/23,-12.2/7,53.6,13.9/290.0/6,28.1/290.0/13,79,14/8,642.9,12,145.4
2455,2016,3,臺南,17.4,30.7/13,9.0/7,38.0,10.8/40.0/6,20.2/60.0/5,74,26/8,1017.7,3,145.3
2456,2016,3,高雄,19.6,29.2/14,10.1/7,24.5,5.9/340.0/5,12.4/10.0/6,70,25/10,1019.6,4,164.6
2457,2016,3,恆春,21.3,29.3/14,14.4/8,2.0,12.4/50.0/24,25.9/50.0/24,70,42/8,1017.6,2,164.8
2458,2016,3,宜蘭,15.8,27.4/13,6.2/8,119.1,10.1/330.0/19,17.0/330.0/19,77,24/8,1022.2,16,75.4
2459,2016,3,蘇澳,16.4,28.0/13,7.4/8,341.3,10.1/60.0/14,18.5/50.0/29,77,22/8,1020.1,20,72.4
2460,2016,3,花蓮,17.8,27.1/13,11.6/9,25.0,11.3/40.0/14,21.0/30.0/6,76,42/8,1019.8,10,48.9
2461,2016,3,成功,18.4,28.1/14,13.2/6,54.6,9.8/190.0/12,17.6/40.0/29,75,45/8,1016.5,15,49.3
2462,2016,3,臺東,19.1,27.9/14,12.8/16,21.7,8.1/190.0/12,18.0/20.0/1,75,45/14,1020.3,6,82.4
2463,2016,3,大武,20.2,32.8/13,13.1/8,6.9,8.4/30.0/14,15.7/40.0/29,70,32/13,1020.0,5,82.8
2464,2016,3,蘭嶼,17.9,25.6/14,12.9/16,210.0,22.8/20.0/1,32.1/20.0/1,81,50/8,982.5,21,40.2
2465,2016,3,馬祖,10.4,22.8/13,4.3/2,63.8,9.1/220.0/13,18.0/230.0/13,81,24/8,1014.1,10,95.7
2466,2016,3,金門,12.4,22.1/28,5.5/8,41.3,8.9/70.0/29,19.1/70.0/14,70,28/8,1020.9,10,84.8
2467,2016,3,澎湖,16.6,27.1/13,11.1/9,10.6,11.1/10.0/15,23.1/20.0/15,74,32/8,1020.8,5,83.1
2468,2016,3,東吉島,17.7,26.8/14,12.5/7,38.6,20.9/30.0/1,28.5/10.0/1,76,36/8,1016.0,7,88.6
2469,2016,4,彭佳嶼,16.9,25.0/8,10.5/25,197.4,15.7/10.0/10,25.6/360.0/10,77,39/28,1007.1,20,81.7
2470,2016,4,基隆,16.8,26.6/5,8.4/28,317.1,11.9/10.0/10,19.1/20.0/9,79,34/29,1015.7,20,83.2
2471,2016,4,臺北,17.5,29.4/5,9.4/28,285.7,7.3/60.0/1,15.2/60.0/1,75,33/29,1015.1,19,90.3
2472,2016,4,鞍部,12.0,22.5/8,2.3/27,365.5,10.7/350.0/14,19.0/350.0/10,90,42/27,924.1,20,89.5
2473,2016,4,竹子湖,13.6,24.4/7,5.2/26,330.1,9.3/20.0/10,20.1/20.0/9,85,34/29,948.7,19,99.8
2474,2016,4,淡水,16.1,24.4/2,8.2/28,253.5,7.8/10.0/9,18.1/20.0/9,82,31/28,1016.5,18,88.7
2475,2016,4,(原板橋),17.2,28.9/5,7.7/28,317.0,6.9/70.0/1,13.6/70.0/1,77,31/28,1017.1,19,76.8
2476,2016,4,新屋,16.3,23.8/8,10.0/26,271.4,13.9/40.0/9,21.4/40.0/9,82,39/28,1016.1,18,83.7
2477,2016,4,新竹,16.7,26.9/5,9.4/28,304.4,6.2/30.0/9,15.4/20.0/10,80,34/28,1015.0,18,96.6
2478,2016,4,臺中,18.3,28.9/18,9.4/28,194.6,5.4/360.0/14,11.2/360.0/10,76,25/28,1007.4,16,109.8
2479,2016,4,梧棲,17.2,26.6/18,10.3/11,233.3,13.2/350.0/26,26.6/360.0/23,81,39/28,1014.7,16,111.9
2480,2016,4,日月潭,15.3,25.2/18,6.3/28,275.0,7.4/290.0/18,13.4/260.0/18,82,42/28,904.3,16,104.4
2481,2016,4,嘉義,18.7,31.9/18,8.9/28,129.7,7.7/260.0/18,16.0/10.0/13,86,35/28,1014.0,14,120.1
2482,2016,4,阿里山,8.5,16.3/19,-2.8/27,409.8,5.7/290.0/13,16.2/270.0/13,80,16/2,765.5,16,90.1
2483,2016,4,玉山,0.3,8.4/30,-12.7/27,108.0,15.3/300.0/10,30.0/310.0/13,82,14/2,642.7,15,93.3
2484,2016,4,臺南,19.7,29.8/18,11.2/11,96.5,8.1/30.0/27,16.2/60.0/10,78,35/28,1014.4,9,134.1
2485,2016,4,高雄,21.6,29.7/19,12.8/26,79.0,5.8/350.0/27,11.8/340.0/27,74,39/27,1016.4,11,159.1
2486,2016,4,恆春,22.7,30.0/19,16.7/25,18.9,10.5/40.0/24,22.4/50.0/14,72,45/2,1014.6,6,143.5
2487,2016,4,宜蘭,17.7,27.9/19,8.8/28,177.3,7.9/330.0/19,12.3/330.0/19,78,40/28,1018.1,16,101.8
2488,2016,4,蘇澳,18.1,25.9/8,10.6/28,192.5,8.3/50.0/9,18.6/20.0/23,79,42/28,1016.0,20,95.0
2489,2016,4,花蓮,19.0,26.8/31,12.7/28,126.5,9.7/180.0/8,16.9/60.0/14,80,42/28,1016.2,18,74.5
2490,2016,4,成功,19.5,28.4/19,13.3/11,87.3,10.6/30.0/9,17.2/40.0/9,79,48/28,1013.1,17,36.7
2491,2016,4,臺東,20.0,30.0/13,13.3/11,62.0,8.5/40.0/14,20.2/40.0/14,81,48/13,1016.9,12,75.8
2492,2016,4,大武,21.1,30.3/18,14.1/28,66.9,7.6/180.0/18,15.7/30.0/14,75,48/9,1016.8,16,89.7
2493,2016,4,蘭嶼,19.1,26.6/19,14.4/26,296.3,19.6/20.0/10,27.0/20.0/11,81,55/1,979.9,21,65.3
2494,2016,4,馬祖,12.4,23.5/6,6.0/11,154.1,9.3/60.0/9,19.2/60.0/9,85,41/28,1009.5,16,111.2
2495,2016,4,金門,14.2,23.2/5,6.9/11,248.2,9.4/70.0/9,20.5/70.0/9,75,33/28,1016.7,18,96.4
2496,2016,4,澎湖,18.9,27.5/18,12.7/11,134.0,10.3/10.0/14,22.1/10.0/24,78,40/28,1016.9,14,122.4
2497,2016,4,東吉島,19.9,26.9/18,14.0/10,105.0,22.1/30.0/10,28.6/30.0/10,78,46/28,1012.5,13,136.9
2498,2016,5,彭佳嶼,20.8,28.7/07,14.6/18,136.2,15.4/350.0/18,22.7/350.0/18,88,59/29,1001.0,16,90.9
2499,2016,5,基隆,22.5,32.3/20,16.3/18,192.9,9.1/220.0/13,17.0/320.0/18,84,50/20,1009.3,18,80.0
2500,2016,5,臺北,24.0,33.2/23,17.1/18,184.4,7.6/50.0/19,17.0/310.0/18,76,44/06,1009.2,14,81.9
2501,2016,5,鞍部,18.6,28.2/06,11.1/18,280.4,11.7/350.0/18,18.7/360.0/18,91,53/06,920.5,14,73.6
2502,2016,5,竹子湖,20.1,28.8/07,12.1/19,228.3,9.2/350.0/18,19.7/350.0/18,88,52/06,944.3,14,89.4
2503,2016,5,淡水,22.5,29.8/23,15.2/19,233.0,7.0/330.0/18,17.0/330.0/18,84,42/29,1010.2,12,82.7
2504,2016,5,(原板橋),23.7,33.0/27,16.8/18,159.5,6.7/220.0/13,16.7/230.0/13,75,46/29,1011.0,14,91.2
2505,2016,5,新屋,22.6,29.5/27,17.1/18,172.6,15.0/230.0/13,25.4/250.0/13,86,54/29,1009.9,13,78.1
2506,2016,5,新竹,23.4,32.5/21,17.2/18,285.1,6.1/280.0/13,18.9/290.0/13,79,47/29,1009.1,13,89.7
2507,2016,5,臺中,24.9,33.2/21,17.3/19,183.4,5.2/10.0/18,13.4/320.0/24,77,44/29,1002.5,10,131.4
2508,2016,5,梧棲,23.9,31.8/21,17.1/19,173.3,11.8/340.0/18,21.3/150.0/13,83,51/29,1009.5,11,111.4
2509,2016,5,日月潭,20.3,29.5/07,15.4/11,239.0,8.1/160.0/11,13.4/280.0/13,80,51/05,902.1,13,144.2
2510,2016,5,嘉義,25.4,33.8/21,18.3/19,193.5,8.6/10.0/18,13.9/10.0/18,84,46/08,1009.1,10,165.5
2511,2016,5,阿里山,12.3,20.4/07,4.7/30,291.0,7.3/270.0/13,18.2/290.0/13,76,32/04,765.8,13,120.7
2512,2016,5,玉山,4.1,15.9/19,-1.0/24,275.6,19.8/290.0/13,31.4/310.0/13,78,13/19,644.3,12,133.5
2513,2016,5,臺南,26.3,32.5/22,19.3/19,146.0,8.3/220.0/06,14.2/230.0/06,77,47/29,1009.7,8,196.1
2514,2016,5,高雄,26.9,33.0/18,21.8/19,182.5,7.2/170.0/20,18.4/260.0/13,77,57/18,1011.8,8,222.1
2515,2016,5,恆春,27.0,33.3/24,21.0/01,64.1,9.2/40.0/29,18.8/50.0/29,78,50/05,1010.2,8,226.1
2516,2016,5,宜蘭,23.3,30.7/07,16.7/29,102.4,9.9/320.0/18,18.9/300.0/18,82,54/29,1011.6,13,99.3
2517,2016,5,蘇澳,23.4,31.6/21,18.1/18,76.2,8.0/40.0/17,18.0/60.0/18,83,53/29,1009.7,16,100.1
2518,2016,5,花蓮,24.4,30.5/22,19.0/18,64.0,10.2/180.0/21,16.0/190.0/21,83,58/29,1010.2,11,114.7
2519,2016,5,成功,24.5,32.0/17,19.8/18,89.9,11.4/190.0/16,19.7/200.0/16,82,52/29,1007.7,13,137.1
2520,2016,5,臺東,25.5,32.9/27,20.5/29,135.7,8.5/190.0/13,15.9/190.0/13,80,47/29,1011.1,10,171.8
2521,2016,5,大武,25.9,35.8/27,19.3/29,119.1,7.7/170.0/21,15.1/240.0/13,76,36/27,1011.4,9,190.7
2522,2016,5,蘭嶼,23.7,28.3/26,19.1/29,38.9,20.0/70.0/18,28.1/70.0/18,82,62/29,975.9,11,94.2
2523,2016,5,馬祖,17.6,28.4/27,12.9/18,211.8,10.7/200.0/23,19.8/230.0/16,92,57/30,1002.5,20,79.4
2524,2016,5,金門,19.7,26.0/29,13.6/19,274.6,7.6/80.0/29,14.5/70.0/29,82,48/29,1009.9,16,75.1
2525,2016,5,澎湖,24.5,31.5/16,20.2/11,252.8,10.6/290.0/10,17.9/290.0/10,84,52/29,1011.5,10,153.2
2526,2016,5,東吉島,24.9,29.4/22,21.2/12,278.4,14.6/320.0/10,24.6/220.0/13,84,60/29,1007.8,9,178.0
2527,2016,6,彭佳嶼,24.3,31.9/28,16.4/16,76.7,16.5/280.0/30,22.0/250.0/3,87,60/17,999.5,12,151.2
2528,2016,6,基隆,25.9,36.4/29,18.4/16,176.2,9.2/220.0/10,15.0/220.0/10,83,50/2,1007.4,19,117.4
2529,2016,6,臺北,27.1,37.3/31,19.0/17,186.7,7.5/50.0/13,14.6/50.0/13,71,47/29,1007.5,15,104.0
2530,2016,6,鞍部,20.7,28.8/29,9.9/16,190.0,8.1/360.0/3,22.1/190.0/10,93,64/15,919.8,14,69.1
2531,2016,6,竹子湖,22.5,30.2/28,12.5/16,153.9,9.7/20.0/16,22.5/360.0/3,86,56/7,943.1,13,115.6
2532,2016,6,淡水,25.9,33.5/29,16.6/17,95.5,6.5/320.0/3,16.7/200.0/10,79,54/6,1008.4,11,144.1
2533,2016,6,(原板橋),26.8,36.2/29,18.9/17,155.4,6.6/70.0/13,14.4/240.0/3,71,48/29,1009.4,11,128.5
2534,2016,6,新屋,26.2,32.0/27,18.2/17,83.6,14.2/40.0/16,22.4/30.0/16,84,61/26,1007.9,9,161.1
2535,2016,6,新竹,26.7,34.0/29,18.9/17,206.0,5.8/280.0/29,16.3/300.0/29,76,59/31,1007.1,9,157.3
2536,2016,6,臺中,27.6,35.6/28,19.8/17,100.3,5.0/170.0/3,10.2/240.0/27,75,49/15,1000.8,8,159.8
2537,2016,6,梧棲,26.9,33.9/28,18.5/17,151.5,10.6/360.0/16,20.8/20.0/16,80,58/28,1007.5,8,188.5
2538,2016,6,日月潭,21.9,30.6/28,16.0/1,160.0,6.6/290.0/10,13.4/270.0/10,83,56/10,901.1,22,119.8
2539,2016,6,嘉義,27.9,37.2/27,19.7/17,33.5,8.2/250.0/9,13.8/240.0/27,80,47/27,1007.3,10,213.5
2540,2016,6,阿里山,14.2,22.7/27,9.4/2,202.0,4.7/150.0/26,9.9/270.0/10,82,44/9,765.6,19,131.0
2541,2016,6,玉山,7.0,18.1/27,2.0/2,99.5,18.4/220.0/21,24.1/220.0/21,76,17/13,645.0,15,157.7
2542,2016,6,臺南,28.4,34.7/27,21.3/17,87.3,8.9/230.0/9,13.7/230.0/22,76,51/19,1007.8,8,234.6
2543,2016,6,高雄,28.9,33.6/27,24.8/11,97.5,6.9/170.0/9,11.0/180.0/9,76,58/19,1009.9,7,246.5
2544,2016,6,恆春,28.8,34.7/27,23.8/11,75.0,9.7/50.0/16,20.0/40.0/16,78,51/25,1008.4,10,242.5
2545,2016,6,宜蘭,25.9,33.7/29,18.2/17,89.7,9.1/350.0/5,17.3/300.0/5,82,60/18,1009.9,19,124.2
2546,2016,6,蘇澳,26.1,32.8/29,18.2/17,189.1,11.4/70.0/16,20.1/70.0/16,82,54/10,1008.0,20,127.7
2547,2016,6,花蓮,26.5,32.5/31,20.6/16,174.0,9.7/180.0/10,17.8/50.0/16,82,68/3,1008.5,16,150.1
2548,2016,6,成功,26.4,32.6/30,21.0/17,127.0,10.2/190.0/10,21.2/180.0/10,83,63/4,1006.1,18,154.5
2549,2016,6,臺東,27.7,35.3/10,21.9/17,43.1,8.0/190.0/10,14.6/30.0/16,80,38/10,1009.4,10,198.5
2550,2016,6,大武,27.8,37.3/29,21.6/1,48.5,8.2/170.0/6,17.2/30.0/16,75,37/10,1009.8,9,213.0
2551,2016,6,蘭嶼,25.1,31.0/31,20.4/17,284.9,22.3/10.0/16,31.6/20.0/16,84,67/30,974.4,12,138.7
2552,2016,6,馬祖,22.3,30.7/27,16.7/16,69.9,10.9/220.0/2,20.1/220.0/2,91,59/3,1000.5,18,133.9
2553,2016,6,金門,24.1,31.4/27,16.8/1,223.5,6.3/70.0/13,13.8/60.0/16,84,52/18,1007.4,7,141.4
2554,2016,6,澎湖,27.1,32.6/30,21.4/1,95.3,9.1/10.0/16,21.0/360.0/16,83,61/17,1009.7,8,216.5
2555,2016,6,東吉島,27.0,31.6/8,23.1/1,68.5,16.0/30.0/16,21.5/30.0/16,83,69/17,1006.0,11,229.4
2556,2016,7,彭佳嶼,27.3,32.9/29,23.0/5,348.2,19.3/250.0/1,25.1/250.0/1,87,61/1,997.1,10,217.3
2557,2016,7,基隆,28.6,37.6/1,23.9/5,255.0,9.8/230.0/1,17.4/240.0/1,79,39/1,1005.0,16,181.4
2558,2016,7,臺北,29.4,38.7/1,24.1/15,429.8,6.9/120.0/17,14.5/270.0/13,72,37/1,1004.6,21,125.6
2559,2016,7,鞍部,23.1,30.1/1,19.0/30,397.7,8.1/360.0/17,19.8/150.0/13,90,56/1,918.5,14,97.1
2560,2016,7,竹子湖,24.7,31.6/23,20.4/30,335.4,5.3/20.0/9,14.4/280.0/12,85,51/1,941.5,16,131.4
2561,2016,7,淡水,28.3,35.7/1,23.9/13,336.5,5.6/210.0/16,15.1/230.0/13,75,48/1,1006.0,12,194.4
2562,2016,7,(原板橋),28.8,37.6/1,23.6/15,576.4,7.7/220.0/13,18.4/200.0/13,71,42/1,1007.1,18,173.3
2563,2016,7,新屋,28.7,34.4/28,24.3/14,476.1,15.5/230.0/14,25.0/230.0/14,83,63/28,1005.7,11,228.6
2564,2016,7,新竹,29.3,36.5/1,24.2/14,230.5,5.9/280.0/3,17.3/270.0/3,76,53/1,1005.0,8,231.8
2565,2016,7,臺中,28.8,35.5/27,23.9/13,230.9,5.0/200.0/12,14.0/180.0/12,77,51/18,999.4,17,181.9
2566,2016,7,梧棲,29.0,34.8/1,23.8/12,210.0,10.4/240.0/28,21.8/160.0/12,78,52/1,1006.0,15,230.7
2567,2016,7,日月潭,22.8,31.4/27,18.7/20,443.0,8.2/300.0/7,14.7/270.0/20,84,57/3,900.4,23,126.9
2568,2016,7,嘉義,29.1,36.8/28,23.9/20,262.5,8.9/260.0/25,14.9/240.0/12,80,52/28,1005.9,19,213.5
2569,2016,7,阿里山,15.0,23.9/27,10.9/23,646.5,5.5/260.0/13,16.1/260.0/11,83,42/19,765.6,21,131.4
2570,2016,7,玉山,8.0,19.6/18,4.1/4,502.5,15.9/150.0/28,27.3/290.0/12,74,33/29,645.3,20,154.5
2571,2016,7,臺南,29.4,35.1/28,24.0/13,376.5,10.9/210.0/28,17.2/200.0/28,79,56/28,1006.6,15,231.6
2572,2016,7,高雄,29.7,34.8/27,24.6/11,383.0,7.7/190.0/29,13.4/190.0/29,79,62/19,1008.8,13,255.8
2573,2016,7,恆春,29.6,34.7/5,24.3/10,368.5,7.2/70.0/27,19.5/290.0/1,84,56/7,1007.3,16,224.7
2574,2016,7,宜蘭,28.1,36.0/28,22.9/15,209.1,7.3/80.0/5,11.2/350.0/29,82,57/27,1007.6,16,195.4
2575,2016,7,蘇澳,28.4,34.2/28,23.5/15,398.5,9.8/70.0/5,15.3/270.0/18,79,55/27,1005.7,15,211.0
2576,2016,7,花蓮,28.3,33.4/5,24.1/14,169.0,9.1/160.0/28,13.6/170.0/28,83,67/5,1006.3,15,233.3
2577,2016,7,成功,27.9,33.3/16,23.3/14,67.9,9.1/190.0/25,21.2/190.0/12,82,60/19,1004.3,14,233.2
2578,2016,7,臺東,29.2,35.5/16,24.0/11,91.6,9.4/190.0/12,17.0/200.0/12,79,53/16,1007.7,14,257.1
2579,2016,7,大武,29.1,38.4/4,24.1/19,215.7,6.5/170.0/25,13.7/200.0/16,76,38/1,1008.2,18,241.9
2580,2016,7,蘭嶼,26.5,30.8/23,22.0/10,146.4,22.6/250.0/1,32.8/250.0/1,84,69/23,973.1,13,166.7
2581,2016,7,馬祖,26.1,32.3/28,19.7/2,109.2,11.9/220.0/15,21.0/230.0/15,92,70/28,997.3,15,159.3
2582,2016,7,金門,27.9,34.3/27,22.8/3,55.0,10.0/250.0/4,15.8/240.0/4,85,66/27,1005.1,7,192.1
2583,2016,7,澎湖,28.9,34.8/30,24.6/10,94.8,7.7/180.0/28,14.3/250.0/13,83,63/8,1008.1,7,258.3
2584,2016,7,東吉島,28.6,33.6/26,23.7/13,95.6,13.4/220.0/11,19.7/250.0/12,85,68/7,1004.6,12,256.3
2585,2016,8,彭佳嶼,28.3,33.3/28,24.2/8,36.0,19.0/120.0/8,27.9/70.0/8,84,60/30,996.4,5,308.5
2586,2016,8,基隆,29.6,37.1/16,25.1/18,125.3,8.5/220.0/16,19.2/110.0/8,75,47/29,1004.1,9,263.2
2587,2016,8,臺北,30.3,38.5/28,23.9/18,174.6,8.7/50.0/8,19.1/50.0/8,70,36/28,1003.5,13,192.7
2588,2016,8,鞍部,23.9,29.9/28,20.1/18,211.1,11.1/180.0/9,28.4/150.0/9,87,51/22,917.8,12,160.4
2589,2016,8,竹子湖,25.4,32.9/28,21.0/18,166.9,5.6/20.0/9,16.6/90.0/9,83,44/28,940.7,11,200.1
2590,2016,8,淡水,29.2,36.6/29,24.8/12,128.0,6.5/120.0/9,18.2/100.0/9,73,42/30,1005.0,8,263.5
2591,2016,8,(原板橋),29.9,38.3/28,23.2/18,280.5,7.4/70.0/8,15.8/90.0/8,67,33/28,1006.0,13,242.8
2592,2016,8,新屋,29.6,35.2/31,25.4/19,17.6,14.8/40.0/8,23.9/20.0/8,79,57/31,1004.5,4,299.7
2593,2016,8,新竹,30.3,38.0/31,25.1/4,44.6,8.4/60.0/8,20.6/70.0/8,72,48/30,1003.7,5,297.8
2594,2016,8,臺中,29.4,36.2/29,23.5/2,166.7,5.6/190.0/11,12.6/240.0/12,73,45/24,997.7,14,222.1
2595,2016,8,梧棲,29.7,35.0/29,21.9/3,28.7,12.0/350.0/7,22.5/360.0/7,75,52/24,1004.3,8,275.7
2596,2016,8,日月潭,23.4,31.8/29,19.0/19,205.5,10.1/140.0/31,21.4/130.0/31,84,47/31,898.9,15,166.7
2597,2016,8,嘉義,29.5,36.7/29,24.3/30,208.7,9.7/50.0/30,20.3/290.0/30,77,49/29,1004.1,16,232.1
2598,2016,8,阿里山,15.2,22.2/7,10.4/27,288.2,7.5/100.0/8,20.9/70.0/8,87,43/21,764.3,20,130.5
2599,2016,8,玉山,8.7,18.8/21,4.5/30,275.0,21.0/110.0/8,39.3/110.0/8,71,31/27,644.5,17,185.0
2600,2016,8,臺南,29.9,35.0/26,24.7/11,374.0,13.9/10.0/8,27.0/40.0/8,75,50/26,1004.8,9,246.1
2601,2016,8,高雄,30.2,35.1/4,25.4/10,315.0,15.8/320.0/8,34.3/340.0/8,77,57/26,1007.1,10,252.2
2602,2016,8,恆春,30.0,35.1/25,25.4/30,383.8,11.6/50.0/31,26.1/280.0/8,80,56/29,1005.6,15,239.6
2603,2016,8,宜蘭,29.1,35.4/17,24.9/23,134.7,10.3/100.0/8,19.8/190.0/8,79,56/29,1006.8,8,255.4
2604,2016,8,蘇澳,29.3,34.3/27,25.7/23,141.1,13.1/120.0/8,23.3/140.0/8,77,52/26,1005.0,9,279.1
2605,2016,8,花蓮,29.2,34.1/27,25.0/8,337.0,12.3/190.0/9,17.9/190.0/9,81,66/31,1005.4,10,294.8
2606,2016,8,成功,28.5,34.1/6,24.1/31,505.0,18.8/30.0/8,36.4/30.0/8,79,62/31,1003.0,9,272.4
2607,2016,8,臺東,30.1,35.8/14,25.1/31,298.2,25.4/10.0/8,57.2/360.0/8,76,54/25,1006.2,9,298.5
2608,2016,8,大武,29.3,37.1/21,24.6/8,365.5,16.8/190.0/8,41.3/230.0/8,75,46/20,1006.6,10,270.0
2609,2016,8,蘭嶼,26.8,33.1/28,23.0/12,236.9,46.3/210.0/8,71.3/270.0/8,84,63/28,971.5,16,194.1
2610,2016,8,馬祖,28.0,34.6/28,24.8/17,48.5,10.5/70.0/9,19.7/200.0/15,90,66/29,996.4,9,282.1
2611,2016,8,金門,28.9,36.3/7,25.0/11,137.0,11.4/280.0/9,16.5/360.0/8,82,52/7,1004.0,6,270.1
2612,2016,8,澎湖,29.3,34.9/4,24.3/11,215.5,13.3/340.0/8,26.1/340.0/8,82,57/26,1006.5,11,288.8
2613,2016,8,東吉島,29.3,33.9/27,24.4/11,369.4,25.4/360.0/8,35.3/350.0/8,82,64/26,1002.5,8,279.5
2614,2016,9,彭佳嶼,28.7,33.9/10,23.7/30,22.8,14.9/110.0/1,22.9/100.0/1,79,43/30,993.4,10,278.5
2615,2016,9,基隆,29.3,35.8/5,23.7/31,112.3,10.2/10.0/28,19.2/120.0/1,74,42/30,1001.2,12,239.7
2616,2016,9,臺北,30.1,37.8/4,24.6/31,141.4,8.2/100.0/1,19.6/90.0/1,67,38/30,1000.5,14,187.5
2617,2016,9,鞍部,23.2,29.6/4,17.5/31,100.6,10.6/190.0/1,29.0/190.0/1,85,51/30,914.8,10,154.2
2618,2016,9,竹子湖,25.0,31.9/4,19.0/31,112.0,8.0/20.0/28,14.4/360.0/28,80,47/30,937.8,11,193.5
2619,2016,9,淡水,29.1,37.0/10,22.7/30,58.5,7.0/140.0/1,18.3/160.0/1,71,35/30,1002.2,7,228.4
2620,2016,9,(原板橋),29.6,36.4/4,23.7/28,194.4,5.7/70.0/22,11.2/30.0/10,68,39/30,1003.1,11,187.1
2621,2016,9,新屋,29.1,38.7/1,23.7/31,88.0,11.3/50.0/1,18.0/50.0/1,79,41/1,1001.7,9,220.2
2622,2016,9,新竹,29.4,36.2/10,24.7/31,100.9,4.8/20.0/29,11.3/90.0/29,77,42/30,1001.0,10,210.8
2623,2016,9,臺中,28.9,35.0/8,23.9/20,184.6,4.5/180.0/1,10.8/340.0/27,77,48/31,994.5,15,152.4
2624,2016,9,梧棲,29.1,34.4/2,24.3/17,237.5,10.6/350.0/29,17.1/360.0/29,78,52/31,1001.3,9,217.4
2625,2016,9,日月潭,23.1,30.8/27,18.5/30,179.3,6.8/290.0/19,14.3/120.0/1,86,53/1,895.9,16,125.1
2626,2016,9,嘉義,29.0,36.2/10,23.7/19,189.4,8.7/30.0/2,13.2/240.0/16,81,49/2,1000.9,18,179.8
2627,2016,9,阿里山,15.2,21.7/22,10.9/25,300.2,4.6/170.0/18,9.8/180.0/1,90,45/27,761.4,21,102.8
2628,2016,9,玉山,9.0,20.6/25,4.9/21,191.8,23.0/140.0/13,29.9/110.0/1,74,16/25,642.0,20,154.0
2629,2016,9,臺南,29.3,34.5/27,24.3/19,91.5,9.0/210.0/16,15.6/190.0/1,77,51/31,1001.6,14,187.5
2630,2016,9,高雄,29.4,34.2/2,24.8/30,427.0,7.8/160.0/1,16.6/170.0/1,79,56/31,1003.8,16,206.6
2631,2016,9,恆春,28.8,34.5/22,24.6/15,548.5,9.9/40.0/1,24.4/50.0/1,82,54/30,1002.3,13,176.3
2632,2016,9,宜蘭,28.9,36.8/6,23.3/31,154.2,8.6/300.0/19,14.5/130.0/1,77,47/6,1003.6,10,219.7
2633,2016,9,蘇澳,28.9,33.6/10,23.6/31,141.5,10.1/160.0/1,17.3/60.0/6,75,48/23,1001.8,10,227.5
2634,2016,9,花蓮,28.5,34.1/24,24.0/31,284.5,13.4/340.0/13,22.8/300.0/13,81,63/23,1002.2,12,220.0
2635,2016,9,成功,27.6,33.9/24,23.6/30,252.7,7.0/190.0/15,15.2/150.0/1,79,57/24,1000.2,13,210.2
2636,2016,9,臺東,28.9,35.2/10,22.6/30,215.8,6.0/150.0/1,12.4/160.0/1,79,54/7,1003.4,15,212.7
2637,2016,9,大武,28.1,34.2/10,22.6/29,345.0,7.9/30.0/1,18.0/120.0/1,78,54/29,1003.8,17,180.8
2638,2016,9,蘭嶼,26.2,31.6/6,22.3/29,296.8,21.0/30.0/29,29.5/30.0/29,83,64/29,968.7,16,162.1
2639,2016,9,馬祖,28.4,36.3/4,22.4/28,130.8,11.3/80.0/1,19.0/100.0/1,87,47/29,994.5,6,241.8
2640,2016,9,金門,28.6,35.0/23,24.7/30,73.5,6.5/100.0/1,13.9/90.0/1,84,40/30,1001.4,7,176.3
2641,2016,9,澎湖,28.8,34.1/4,24.6/30,168.8,8.8/150.0/1,17.1/140.0/2,82,49/29,1003.2,8,212.7
2642,2016,9,東吉島,28.4,32.8/4,23.1/30,101.0,19.0/160.0/1,27.1/150.0/1,84,56/29,999.5,9,218.1
2643,2016,10,彭佳嶼,26.7,32.8/7,23.4/17,304.1,35.6/120.0/27,48.2/100.0/27,83,56/1,996.3,17,165.3
2644,2016,10,基隆,27.3,34.1/16,23.1/20,531.7,18.8/30.0/27,39.3/130.0/27,80,44/1,1004.1,24,80.7
2645,2016,10,臺北,27.8,35.9/16,23.6/20,428.5,13.6/50.0/27,37.7/10.0/27,76,44/1,1003.4,22,90.8
2646,2016,10,鞍部,21.6,29.4/16,17.6/20,1027.7,18.3/190.0/27,46.8/170.0/27,92,66/1,916.8,26,56.6
2647,2016,10,竹子湖,23.2,30.2/16,19.2/20,972.0,8.9/220.0/27,29.4/260.0/27,88,60/1,940.1,26,90.7
2648,2016,10,淡水,27.0,34.1/16,22.4/24,440.0,9.7/120.0/27,33.5/100.0/27,78,51/21,1005.0,18,108.5
2649,2016,10,(原板橋),27.7,35.0/16,22.9/20,503.2,17.6/70.0/27,34.9/70.0/27,74,43/1,1005.9,19,90.6
2650,2016,10,新屋,27.4,32.9/2,23.4/20,218.0,27.1/40.0/27,45.1/30.0/27,83,59/13,1004.2,17,131.5
2651,2016,10,新竹,27.9,34.6/13,23.9/22,319.4,15.1/10.0/27,36.7/50.0/27,78,51/14,1003.2,16,143.1
2652,2016,10,臺中,27.9,35.9/14,23.5/20,126.2,13.6/360.0/27,34.2/320.0/27,77,35/14,996.5,18,139.6
2653,2016,10,梧棲,27.4,32.6/5,23.6/21,91.4,35.0/340.0/27,57.2/10.0/27,80,58/20,1003.3,15,153.0
2654,2016,10,日月潭,22.1,31.6/13,18.8/15,258.0,11.3/140.0/14,27.6/140.0/14,84,48/14,897.6,16,92.9
2655,2016,10,嘉義,27.6,34.7/1,23.2/21,637.2,15.5/240.0/27,32.5/330.0/27,82,48/1,1002.9,15,146.9
2656,2016,10,阿里山,14.7,22.3/13,7.9/1,1129.7,8.0/310.0/27,24.8/170.0/14,90,20/1,762.4,21,83.0
2657,2016,10,玉山,7.7,19.9/25,3.2/20,847.4,26.6/130.0/14,46.8/130.0/14,82,32/20,642.7,24,97.2
2658,2016,10,臺南,28.0,33.9/11,22.8/15,1220.3,20.2/140.0/14,37.1/140.0/14,81,49/22,1003.8,14,152.8
2659,2016,10,高雄,28.4,33.9/12,23.4/15,1098.0,17.2/160.0/14,39.1/100.0/14,81,62/16,1006.1,15,172.2
2660,2016,10,恆春,28.4,34.2/11,24.2/14,710.5,24.7/100.0/14,52.2/70.0/14,81,51/26,1004.5,17,144.0
2661,2016,10,宜蘭,27.0,33.2/4,22.2/20,609.8,26.1/70.0/27,47.2/60.0/27,83,47/1,1006.4,24,105.9
2662,2016,10,蘇澳,27.2,32.3/5,23.2/20,777.5,32.1/90.0/27,56.2/70.0/27,82,45/1,1004.7,25,105.7
2663,2016,10,花蓮,27.3,33.5/5,23.0/16,861.5,23.3/140.0/27,44.2/10.0/27,81,55/26,1004.8,16,125.7
2664,2016,10,成功,27.1,32.6/5,23.1/22,695.6,17.6/190.0/27,37.5/190.0/27,81,54/26,1002.2,24,116.2
2665,2016,10,臺東,27.9,36.1/17,23.6/15,608.0,10.2/190.0/27,28.7/190.0/27,81,48/27,1005.5,20,147.9
2666,2016,10,大武,27.5,34.8/8,23.6/22,876.7,18.6/110.0/14,33.0/120.0/14,79,53/17,1005.8,19,131.5
2667,2016,10,蘭嶼,25.2,30.3/29,22.1/19,731.4,45.1/60.0/14,60.9/60.0/14,88,70/1,970.2,21,91.7
2668,2016,10,馬祖,26.0,31.5/16,21.5/12,242.9,23.6/90.0/28,38.6/90.0/28,87,58/1,997.9,13,118.8
2669,2016,10,金門,27.6,34.2/5,23.6/21,362.3,43.5/230.0/15,61.7/230.0/15,77,48/25,1003.7,16,157.0
2670,2016,10,澎湖,27.7,32.7/1,24.6/8,559.6,18.5/150.0/14,37.2/140.0/14,81,62/19,1005.0,15,146.6
2671,2016,10,東吉島,27.4,31.6/11,23.8/8,536.1,42.4/110.0/14,62.0/100.0/14,84,68/20,1001.5,14,168.7
2672,2016,11,彭佳嶼,25.1,29.9/2,20.7/9,223.2,19.4/110.0/20,27.9/130.0/20,85,66/30,1001.4,15,168.2
2673,2016,11,基隆,26.2,33.1/23,21.6/29,814.9,10.4/140.0/21,21.9/160.0/21,82,55/2,1009.1,26,94.0
2674,2016,11,臺北,27.0,35.4/2,21.4/30,137.6,8.3/100.0/20,20.8/80.0/20,75,43/2,1008.4,16,132.1
2675,2016,11,鞍部,20.7,28.8/27,14.7/30,667.9,11.1/190.0/21,28.2/180.0/20,94,63/27,921.2,23,68.2
2676,2016,11,竹子湖,22.4,30.3/2,16.4/30,719.3,8.1/20.0/30,17.0/20.0/13,88,57/2,944.5,23,133.2
2677,2016,11,淡水,26.1,33.9/2,20.5/31,103.0,7.8/150.0/21,19.3/180.0/21,77,46/2,1009.9,14,146.2
2678,2016,11,(原板橋),26.9,35.7/2,21.8/30,121.2,6.6/80.0/31,14.3/30.0/20,72,42/2,1010.8,14,108.7
2679,2016,11,新屋,26.3,34.7/20,21.6/30,69.7,14.1/40.0/5,23.8/70.0/20,85,53/20,1008.8,11,168.8
2680,2016,11,新竹,26.8,34.7/17,21.9/9,27.0,7.3/10.0/14,18.2/360.0/14,79,58/17,1007.8,7,181.3
2681,2016,11,臺中,27.5,33.4/20,22.5/31,23.9,5.2/20.0/29,10.1/240.0/22,77,49/2,1000.9,7,169.3
2682,2016,11,梧棲,26.7,32.2/20,21.3/31,17.9,14.0/360.0/14,24.8/350.0/14,80,58/30,1007.8,4,193.2
2683,2016,11,日月潭,22.2,31.3/20,18.1/31,75.6,13.4/150.0/20,23.3/140.0/20,81,39/20,901.5,9,145.4
2684,2016,11,嘉義,27.3,34.0/21,21.4/31,24.8,7.8/240.0/22,13.1/240.0/22,80,51/5,1007.1,8,168.6
2685,2016,11,阿里山,14.5,22.2/10,10.0/13,128.9,5.2/170.0/20,16.4/190.0/20,83,41/29,765.7,14,122.4
2686,2016,11,玉山,7.2,18.3/26,2.2/6,250.8,24.2/120.0/6,35.6/130.0/20,75,25/15,645.0,16,183.6
2687,2016,11,臺南,27.8,33.3/21,22.1/10,69.0,9.5/180.0/21,17.0/170.0/21,79,56/24,1007.9,6,178.0
2688,2016,11,高雄,28.4,33.0/21,24.0/10,259.5,8.7/160.0/21,18.6/140.0/21,79,59/27,1010.0,13,185.4
2689,2016,11,恆春,28.1,33.4/27,23.9/3,393.5,12.3/50.0/20,29.2/40.0/30,78,55/31,1008.6,18,177.3
2690,2016,11,宜蘭,26.2,33.8/3,20.0/30,492.8,8.6/80.0/5,16.6/120.0/20,85,54/4,1011.6,20,124.9
2691,2016,11,蘇澳,26.3,32.3/22,20.4/30,872.4,10.8/160.0/20,22.1/230.0/21,83,63/27,1009.8,24,108.6
2692,2016,11,花蓮,26.6,32.1/15,22.7/31,680.2,9.1/20.0/12,16.4/20.0/12,81,59/31,1010.3,20,142.8
2693,2016,11,成功,26.5,31.9/16,22.1/30,1112.7,9.8/20.0/30,18.0/30.0/29,82,57/31,1007.6,23,165.7
2694,2016,11,臺東,27.1,32.5/4,22.5/31,991.2,5.9/40.0/30,15.2/30.0/14,84,53/3,1010.9,22,188.4
2695,2016,11,大武,27.3,32.3/22,23.2/30,1011.0,9.9/30.0/20,21.1/50.0/20,79,60/31,1010.7,21,160.6
2696,2016,11,蘭嶼,24.9,29.7/3,21.6/6,418.9,22.8/20.0/5,35.2/20.0/5,86,60/26,974.8,20,89.5
2697,2016,11,馬祖,23.8,30.4/1,18.1/10,40.2,10.2/90.0/7,23.1/40.0/6,84,59/12,1003.2,18,95.3
2698,2016,11,金門,25.7,34.2/1,19.0/10,110.0,10.0/60.0/9,21.2/70.0/9,80,49/14,1009.1,6,119.0
2699,2016,11,澎湖,27.0,32.0/7,23.4/9,80.2,10.2/30.0/9,21.1/30.0/10,81,62/30,1009.5,5,149.6
2700,2016,11,東吉島,26.7,31.1/6,23.7/9,153.9,19.3/10.0/30,26.5/20.0/30,84,71/30,1005.8,6,192.8
2701,2016,12,彭佳嶼,19.2,25.9/20,12.0/27,75.2,16.2/120.0/21,24.6/360.0/27,74,51/17,1009.3,12,67.6
2702,2016,12,基隆,19.7,28.8/21,12.5/27,139.6,11.5/10.0/27,19.5/360.0/27,76,54/16,1017.4,17,54.6
2703,2016,12,臺北,20.1,30.6/21,12.6/28,16.5,8.2/50.0/24,15.4/50.0/23,71,42/18,1016.7,6,84.8
2704,2016,12,鞍部,13.4,25.4/21,5.5/28,200.9,9.3/170.0/24,21.4/130.0/23,92,52/13,926.6,19,65.1
2705,2016,12,竹子湖,15.1,26.0/21,7.2/28,189.9,9.9/30.0/23,19.3/10.0/23,86,57/18,950.6,18,104.1
2706,2016,12,淡水,19.3,29.5/21,10.9/28,16.5,6.2/10.0/27,16.1/100.0/20,72,44/18,1018.3,4,106.6
2707,2016,12,(原板橋),19.9,30.9/21,12.6/28,14.5,7.8/70.0/29,16.8/80.0/23,72,51/18,1019.3,6,73.5
2708,2016,12,新屋,19.3,28.6/20,12.1/27,10.7,14.8/40.0/23,23.1/40.0/29,76,50/16,1017.1,4,131.1
2709,2016,12,新竹,19.5,30.0/20,12.4/28,6.5,6.8/20.0/27,18.5/70.0/30,75,52/17,1015.9,2,150.1
2710,2016,12,臺中,20.4,30.8/21,13.3/28,8.4,6.0/10.0/27,13.2/340.0/27,74,35/13,1007.9,1,186.9
2711,2016,12,梧棲,19.4,27.9/21,12.9/28,3.5,16.3/360.0/27,32.2/360.0/27,76,51/23,1015.3,1,169.5
2712,2016,12,日月潭,17.1,27.2/20,10.1/15,21.5,5.4/160.0/29,7.3/330.0/13,76,33/19,905.5,1,169.4
2713,2016,12,嘉義,20.4,30.4/5,12.8/28,10.0,7.7/360.0/27,13.9/20.0/27,75,38/13,1014.2,1,171.4
2714,2016,12,阿里山,9.6,17.6/21,3.2/17,33.6,3.6/170.0/5,6.8/160.0/22,79,33/11,766.9,3,148.7
2715,2016,12,玉山,2.0,12.0/26,-6.9/17,92.0,13.8/310.0/16,26.4/310.0/28,70,13/11,643.8,5,190.5
2716,2016,12,臺南,20.9,29.4/13,13.9/28,2.0,9.9/20.0/27,17.3/10.0/27,74,45/13,1015.0,1,184.5
2717,2016,12,高雄,22.9,30.0/5,16.2/16,1.0,5.4/320.0/18,9.6/350.0/27,71,47/13,1017.1,2,180.4
2718,2016,12,恆春,23.8,30.1/4,18.5/28,0.5,13.6/40.0/23,30.5/40.0/6,66,45/18,1015.0,1,197.5
2719,2016,12,宜蘭,19.1,27.9/21,12.6/16,222.5,8.3/80.0/22,12.1/100.0/22,81,54/18,1019.9,18,61.9
2720,2016,12,蘇澳,19.3,26.6/4,12.7/28,381.6,9.0/10.0/27,22.3/360.0/27,81,53/16,1018.0,25,60.1
2721,2016,12,花蓮,21.0,27.7/4,14.4/16,43.0,12.8/40.0/27,22.1/30.0/27,72,44/18,1018.0,8,88.4
2722,2016,12,成功,21.3,28.2/4,14.3/16,48.5,11.0/10.0/27,20.5/360.0/27,73,50/18,1014.9,14,87.0
2723,2016,12,臺東,21.9,29.0/4,15.4/29,30.8,7.0/40.0/27,17.2/20.0/27,71,46/25,1018.4,7,117.3
2724,2016,12,大武,22.9,29.5/4,17.0/28,6.1,8.2/30.0/9,17.2/40.0/27,66,44/18,1018.0,8,128.5
2725,2016,12,蘭嶼,20.4,26.0/5,14.6/16,131.1,21.1/360.0/15,39.7/20.0/27,81,57/17,980.2,20,66.3
2726,2016,12,馬祖,14.8,22.4/26,6.6/28,27.4,9.5/60.0/27,17.0/80.0/29,77,49/16,1012.0,5,103.7
2727,2016,12,金門,17.4,27.5/20,9.7/28,28.0,8.2/40.0/29,19.1/30.0/29,69,32/16,1018.2,2,137.8
2728,2016,12,澎湖,20.4,26.1/22,15.1/28,3.9,11.4/20.0/27,24.4/10.0/27,75,55/6,1017.3,2,101.0
2729,2016,12,東吉島,21.1,25.7/22,16.0/28,4.6,23.3/20.0/27,31.4/30.0/27,76,59/6,1013.0,1,145.1
2730,2017,1,彭佳嶼,17.2,23.1/23,12.1/17,67.7,16.5/10.0/16,26.8/360.0/16,71,52/25,1010.2,18,24.5
2731,2017,1,基隆,17.5,25.1/23,13.1/17,458.8,12.9/10.0/16,21.4/360.0/16,73,46/22,1018.4,22,30.9
2732,2017,1,臺北,17.8,26.4/23,12.7/10,66.9,8.0/50.0/21,15.9/60.0/21,74,46/23,1017.9,18,56.4
2733,2017,1,鞍部,11.0,19.9/23,5.4/17,591.5,10.5/10.0/8,23.8/30.0/16,95,45/24,926.6,25,30.0
2734,2017,1,竹子湖,12.9,21.8/23,7.2/17,519.6,9.2/10.0/2,18.1/70.0/13,85,61/23,951.0,24,78.8
2735,2017,1,淡水,17.5,26.4/23,11.1/20,40.0,6.5/20.0/16,14.6/30.0/17,74,46/23,1019.4,6,73.2
2736,2017,1,(原板橋),17.6,26.4/23,11.7/10,71.1,6.8/80.0/21,14.6/90.0/25,75,53/25,1020.3,16,52.7
2737,2017,1,新屋,17.2,25.6/15,11.0/10,40.1,15.2/60.0/13,24.8/60.0/13,75,49/21,1018.0,11,108.1
2738,2017,1,新竹,17.5,25.9/15,10.7/22,23.8,6.8/20.0/2,18.5/30.0/17,74,50/22,1016.6,8,114.3
2739,2017,1,臺中,18.5,27.1/30,11.7/22,8.0,6.8/20.0/20,14.4/10.0/16,76,45/22,1008.4,4,156.7
2740,2017,1,梧棲,17.6,23.6/3,12.3/22,6.8,16.6/350.0/20,30.4/10.0/16,74,48/21,1016.0,6,138.8
2741,2017,1,日月潭,15.2,26.4/4,9.3/22,17.5,5.1/140.0/12,7.1/280.0/30,79,26/4,905.1,8,139.1
2742,2017,1,嘉義,18.6,27.1/1,10.2/22,3.7,7.4/360.0/20,14.9/360.0/16,78,48/25,1014.9,3,141.9
2743,2017,1,阿里山,9.0,17.0/27,1.3/9,30.9,4.3/280.0/9,10.8/260.0/9,78,19/28,765.8,11,138.6
2744,2017,1,玉山,2.1,14.3/27,-8.3/29,26.0,16.5/240.0/19,24.0/270.0/19,54,6/30,643.5,7,215.3
2745,2017,1,臺南,19.1,26.5/3,13.2/9,2.0,8.9/350.0/19,15.3/360.0/16,72,49/21,1015.5,3,164.8
2746,2017,1,高雄,21.4,29.4/3,15.5/9,0.5,7.7/350.0/24,11.8/350.0/24,69,49/24,1017.6,1,142.5
2747,2017,1,恆春,22.1,28.2/3,17.5/10,3.5,13.6/40.0/16,30.3/50.0/16,65,47/21,1014.8,4,138.9
2748,2017,1,宜蘭,17.5,26.8/24,12.1/20,435.9,8.7/270.0/24,14.5/30.0/13,82,48/24,1021.0,23,36.4
2749,2017,1,蘇澳,17.2,24.3/24,11.5/17,1015.9,9.8/70.0/13,21.2/350.0/16,84,53/22,1018.9,25,30.2
2750,2017,1,花蓮,19.4,26.4/3,14.5/9,70.5,13.0/40.0/16,22.6/40.0/16,73,43/21,1018.6,15,43.0
2751,2017,1,成功,19.6,26.9/3,14.5/22,75.5,11.2/10.0/16,20.9/10.0/1,73,48/21,1015.4,16,52.9
2752,2017,1,臺東,20.4,27.5/3,15.3/22,15.2,7.2/40.0/16,17.5/10.0/8,70,42/21,1018.6,10,101.5
2753,2017,1,大武,21.6,27.3/3,16.8/10,27.0,9.7/30.0/16,21.3/10.0/16,65,46/21,1018.0,11,86.1
2754,2017,1,蘭嶼,18.8,23.8/3,15.3/9,239.5,27.1/30.0/8,39.5/30.0/17,82,57/21,980.2,25,48.2
2755,2017,1,馬祖,12.8,21.2/24,7.3/17,7.5,9.0/60.0/19,19.5/40.0/13,71,41/19,1013.5,5,127.7
2756,2017,1,金門,16.1,25.6/24,9.9/20,T,10.0/70.0/20,19.4/40.0/13,59,22/19,1019.5,0,177.2
2757,2017,1,澎湖,18.6,23.4/28,14.4/17,5.4,11.3/20.0/16,26.1/20.0/16,75,55/21,1018.0,6,96.8
2758,2017,1,東吉島,19.6,23.8/30,15.8/17,4.9,22.4/20.0/16,30.6/20.0/17,74,58/25,1013.5,4,108.4
2759,2017,2,彭佳嶼,17.3,25.2/5,10.9/20,34.7,17.6/40.0/30,24.2/40.0/30,76,51/22,1009.8,16,73.1
2760,2017,2,基隆,17.5,25.8/4,11.4/20,254.7,9.7/10.0/20,15.4/20.0/20,80,55/22,1018.1,20,55.4
2761,2017,2,臺北,18.3,27.3/4,12.2/20,21.8,8.4/50.0/31,15.9/40.0/11,74,49/22,1017.4,11,79.2
2762,2017,2,鞍部,11.6,22.5/29,3.8/20,179.5,8.2/360.0/20,18.6/130.0/16,94,57/29,926.5,23,52.7
2763,2017,2,竹子湖,13.5,23.4/29,5.9/20,138.6,10.2/30.0/30,19.1/40.0/24,88,59/28,950.7,19,96.2
2764,2017,2,淡水,17.4,27.3/4,10.4/20,30.5,7.0/20.0/30,14.8/30.0/30,76,50/22,1019.0,6,89.5
2765,2017,2,(原板橋),18.1,27.3/1,11.9/27,25.0,7.6/60.0/31,14.0/40.0/31,73,45/27,1019.9,6,61.0
2766,2017,2,新屋,17.5,25.5/1,12.0/20,25.4,16.0/40.0/30,24.4/30.0/30,79,52/22,1017.9,5,92.3
2767,2017,2,新竹,17.7,26.3/1,10.8/27,23.4,6.8/30.0/30,18.7/30.0/31,79,51/29,1016.8,8,107.9
2768,2017,2,臺中,18.9,29.0/28,11.6/28,4.0,5.0/350.0/20,10.0/360.0/20,75,37/29,1008.9,2,196.9
2769,2017,2,梧棲,17.6,25.7/29,12.0/20,1.5,15.5/350.0/30,27.1/350.0/30,79,48/29,1016.4,1,158.7
2770,2017,2,日月潭,15.9,25.1/29,8.9/26,4.0,6.2/290.0/17,7.8/280.0/17,75,33/28,906.0,4,176.7
2771,2017,2,嘉義,19.0,28.7/29,11.9/28,1.3,5.3/360.0/20,10.5/330.0/21,74,39/29,1015.3,1,173.0
2772,2017,2,阿里山,8.3,17.7/5,-0.1/27,10.0,5.3/360.0/15,11.7/360.0/15,74,23/27,766.6,3,168.5
2773,2017,2,玉山,1.6,15.9/29,-8.8/26,22.2,14.4/310.0/21,22.7/300.0/21,58,14/29,643.0,5,208.5
2774,2017,2,臺南,19.4,28.1/29,13.1/21,0.0,8.1/20.0/20,13.2/20.0/25,74,44/29,1016.0,0,208.3
2775,2017,2,高雄,21.7,28.5/8,14.7/26,0.0,5.1/320.0/27,9.8/300.0/27,70,45/27,1018.1,0,205.1
2776,2017,2,恆春,22.7,28.7/19,18.2/21,12.5,12.4/40.0/31,24.8/40.0/20,69,50/2,1016.1,1,192.8
2777,2017,2,宜蘭,17.9,27.9/5,11.6/21,96.6,8.1/60.0/30,13.4/90.0/30,83,49/5,1020.5,17,58.1
2778,2017,2,蘇澳,17.8,27.2/7,11.6/20,268.3,8.1/70.0/8,16.4/30.0/20,81,54/22,1018.5,21,55.5
2779,2017,2,花蓮,19.6,26.9/30,13.3/27,19.0,10.2/40.0/20,18.4/50.0/20,75,52/27,1018.4,11,70.1
2780,2017,2,成功,20.1,27.2/30,14.5/20,46.9,9.3/20.0/30,15.8/30.0/26,76,55/27,1015.5,14,64.2
2781,2017,2,臺東,20.8,27.8/7,14.7/21,6.7,6.3/30.0/20,14.1/30.0/30,69,40/27,1019.0,11,102.2
2782,2017,2,大武,21.8,27.9/8,17.0/26,18.0,8.2/30.0/30,16.9/30.0/30,67,41/27,1018.7,7,114.6
2783,2017,2,蘭嶼,19.4,25.4/7,14.2/21,161.4,22.6/20.0/26,35.5/20.0/26,80,56/28,981.3,22,91.5
2784,2017,2,馬祖,12.4,21.0/2,7.0/21,20.4,9.4/70.0/30,18.5/70.0/30,79,49/21,1012.6,8,87.9
2785,2017,2,金門,15.6,25.0/5,9.3/15,4.6,10.5/60.0/30,19.3/70.0/30,69,38/22,1019.0,5,119.7
2786,2017,2,澎湖,18.6,24.3/7,14.7/21,0.9,9.8/20.0/30,22.0/10.0/31,77,55/22,1018.3,1,88.7
2787,2017,2,東吉島,19.3,24.5/8,15.2/20,T,18.7/10.0/30,25.5/20.0/31,77,64/22,1014.0,0,136.3
2788,2017,3,彭佳嶼,16.1,24.0/17,9.0/10,81.8,17.3/350.0/9,23.3/40.0/20,73,46/14,1010.3,12,62.9
2789,2017,3,基隆,16.4,25.8/19,10.6/10,264.5,10.2/10.0/23,15.8/360.0/8,75,46/15,1018.6,13,48.0
2790,2017,3,臺北,17.0,27.9/19,10.4/10,123.7,8.6/50.0/6,17.1/50.0/6,69,37/15,1017.9,8,70.0
2791,2017,3,鞍部,10.4,21.5/19,1.5/9,223.0,9.9/350.0/9,21.4/150.0/6,91,47/16,926.4,16,53.5
2792,2017,3,竹子湖,12.2,23.5/17,3.4/10,184.0,8.9/20.0/6,18.1/30.0/23,84,40/16,951.0,15,91.3
2793,2017,3,淡水,15.9,26.7/19,6.7/9,121.0,7.0/20.0/23,14.6/80.0/21,74,41/16,1019.7,9,90.2
2794,2017,3,(原板橋),16.8,28.0/19,10.4/9,124.4,7.2/70.0/21,15.0/80.0/7,68,31/16,1020.5,9,57.4
2795,2017,3,新屋,15.9,24.0/17,9.0/9,82.1,15.2/40.0/6,24.4/40.0/6,75,43/16,1018.4,8,102.0
2796,2017,3,新竹,16.3,25.6/20,9.6/10,91.7,6.7/30.0/2,15.8/60.0/2,75,44/16,1017.3,8,110.6
2797,2017,3,臺中,18.0,29.8/20,9.9/10,20.8,5.9/10.0/9,13.2/10.0/9,71,37/17,1009.4,5,135.4
2798,2017,3,梧棲,16.3,25.4/20,10.1/10,23.3,14.5/350.0/6,24.0/30.0/1,75,47/11,1016.9,4,138.7
2799,2017,3,日月潭,14.6,27.0/21,7.5/9,14.0,4.6/270.0/20,8.1/260.0/13,77,38/18,905.8,5,114.6
2800,2017,3,嘉義,18.0,31.1/20,9.8/11,1.2,8.0/10.0/9,12.8/360.0/9,72,38/17,1015.8,2,134.8
2801,2017,3,阿里山,7.0,16.9/21,-1.1/14,33.4,5.6/360.0/9,13.3/290.0/26,84,23/17,765.9,9,110.1
2802,2017,3,玉山,0.1,13.7/6,-10.4/13,44.9,14.3/250.0/19,25.8/300.0/22,66,14/19,641.8,6,159.3
2803,2017,3,臺南,18.6,29.0/20,9.7/11,1.0,9.7/10.0/9,18.7/30.0/9,71,42/17,1016.4,2,174.3
2804,2017,3,高雄,21.1,29.8/22,13.8/10,0.0,6.2/350.0/9,11.8/20.0/9,67,41/16,1018.5,0,166.1
2805,2017,3,恆春,21.8,29.5/22,15.6/11,6.2,13.4/40.0/21,27.6/40.0/21,67,40/15,1016.5,8,154.6
2806,2017,3,宜蘭,16.7,26.2/20,10.7/9,74.7,8.3/80.0/18,12.8/90.0/18,77,45/17,1021.1,12,44.7
2807,2017,3,蘇澳,16.8,25.0/22,11.0/9,209.3,8.8/70.0/18,20.3/50.0/5,76,47/15,1019.0,17,43.0
2808,2017,3,花蓮,18.6,26.7/22,11.2/11,51.5,10.1/60.0/1,17.1/60.0/1,72,40/15,1018.8,14,51.6
2809,2017,3,成功,18.8,25.9/18,11.6/11,104.4,9.2/30.0/21,16.4/30.0/21,73,37/15,1015.9,19,50.2
2810,2017,3,臺東,19.6,27.8/22,11.4/11,24.4,6.2/30.0/6,15.3/50.0/9,71,32/15,1019.5,11,79.0
2811,2017,3,大武,20.7,28.6/20,14.2/11,20.6,7.3/30.0/6,15.1/40.0/6,67,38/15,1019.0,14,83.6
2812,2017,3,蘭嶼,18.4,24.4/23,11.8/11,129.3,17.5/30.0/28,30.1/30.0/21,78,47/14,981.5,20,50.8
2813,2017,3,馬祖,10.9,22.0/17,4.6/24,53.7,9.8/60.0/20,20.4/50.0/20,79,45/11,1013.0,6,104.2
2814,2017,3,金門,14.1,24.6/17,7.9/10,90.1,10.7/60.0/21,21.3/50.0/21,68,29/27,1019.4,5,156.5
2815,2017,3,澎湖,17.3,27.3/20,11.7/10,3.4,10.1/20.0/1,20.8/20.0/1,75,46/10,1018.7,2,105.4
2816,2017,3,東吉島,18.3,27.6/20,12.9/10,1.7,18.7/20.0/1,25.6/360.0/9,75,51/11,1014.4,3,117.2
2817,2017,4,彭佳嶼,17.3,24.7/30,11.3/2,173.7,17.6/330.0/6,28.3/100.0/10,76,34/27,1006.3,16,59.8
2818,2017,4,基隆,17.3,26.8/12,12.0/27,288.8,10.8/10.0/31,16.4/20.0/31,80,45/27,1014.5,20,52.0
2819,2017,4,臺北,18.2,29.3/30,12.0/7,182.7,7.5/50.0/21,15.3/50.0/21,75,42/27,1014.0,18,60.8
2820,2017,4,鞍部,12.4,23.8/30,4.6/2,209.7,10.1/350.0/31,19.0/360.0/31,91,29/26,923.4,21,61.5
2821,2017,4,竹子湖,14.1,24.3/30,6.8/2,175.0,9.1/20.0/31,18.9/20.0/31,85,34/26,947.7,21,72.3
2822,2017,4,淡水,17.2,27.0/28,8.7/2,146.0,7.3/20.0/31,14.6/20.0/31,79,38/27,1015.6,19,73.0
2823,2017,4,(原板橋),18.0,28.3/30,11.4/27,205.0,6.4/70.0/19,13.1/80.0/19,72,38/27,1016.5,16,59.8
2824,2017,4,新屋,17.4,25.2/31,11.6/7,170.7,13.8/40.0/21,22.5/40.0/21,81,50/28,1014.7,17,75.8
2825,2017,4,新竹,17.7,26.5/29,10.1/27,154.6,6.0/20.0/2,14.9/40.0/21,77,45/27,1013.8,15,90.9
2826,2017,4,臺中,20.2,30.2/24,12.9/3,38.0,6.0/20.0/25,14.0/350.0/31,73,31/28,1006.1,9,146.8
2827,2017,4,梧棲,18.6,27.1/31,11.5/3,45.4,14.3/350.0/2,24.6/20.0/31,77,35/27,1013.6,11,136.5
2828,2017,4,日月潭,16.6,27.8/31,9.3/2,57.5,5.5/180.0/26,8.1/260.0/24,81,41/27,903.7,10,113.5
2829,2017,4,嘉義,20.8,31.9/31,11.7/3,18.4,8.6/10.0/31,15.7/360.0/31,76,38/29,1012.5,5,165.6
2830,2017,4,阿里山,9.5,17.8/20,0.2/27,107.4,4.4/360.0/15,11.7/300.0/10,82,26/27,765.1,10,132.1
2831,2017,4,玉山,0.3,11.3/25,-10.5/2,35.4,15.7/290.0/24,27.9/300.0/10,87,22/28,641.7,8,106.1
2832,2017,4,臺南,21.5,30.2/21,13.6/3,12.8,10.6/20.0/31,21.6/10.0/31,70,42/29,1013.1,3,194.7
2833,2017,4,高雄,23.5,33.0/23,17.5/3,3.5,6.9/320.0/25,12.2/350.0/31,69,46/2,1015.3,3,200.5
2834,2017,4,恆春,23.4,31.3/21,16.6/1,2.4,11.0/40.0/2,22.1/50.0/2,70,47/27,1013.5,3,176.4
2835,2017,4,宜蘭,18.3,27.8/20,12.0/27,97.3,8.8/320.0/23,15.7/330.0/23,79,45/29,1017.0,19,68.6
2836,2017,4,蘇澳,18.4,26.7/18,12.3/7,130.7,9.2/140.0/28,20.3/30.0/31,78,46/27,1014.9,18,57.6
2837,2017,4,花蓮,19.6,27.7/31,14.1/8,76.0,10.4/40.0/11,18.9/40.0/11,79,49/27,1015.0,17,47.7
2838,2017,4,成功,20.2,27.6/19,14.6/2,75.9,10.3/360.0/31,17.6/20.0/31,80,41/2,1012.3,23,29.6
2839,2017,4,臺東,20.9,30.1/31,14.7/3,42.2,7.0/40.0/31,18.0/50.0/31,76,40/2,1015.8,15,65.9
2840,2017,4,大武,22.0,34.9/31,16.4/8,19.4,10.2/30.0/31,18.1/30.0/31,73,37/31,1015.7,16,79.8
2841,2017,4,蘭嶼,19.6,26.4/21,15.1/15,150.0,26.5/30.0/31,36.7/30.0/31,81,50/27,978.9,21,76.8
2842,2017,4,馬祖,12.4,20.3/29,8.3/3,155.3,9.3/70.0/6,17.0/70.0/6,85,44/1,1008.6,17,88.7
2843,2017,4,金門,15.6,24.9/29,10.2/7,39.7,9.9/70.0/31,18.8/60.0/31,75,30/2,1015.5,13,93.1
2844,2017,4,澎湖,20.6,28.5/13,16.0/3,16.8,9.9/20.0/31,20.7/360.0/31,73,42/2,1015.1,6,122.8
2845,2017,4,東吉島,21.4,29.9/31,17.1/8,2.4,21.1/10.0/31,27.6/20.0/31,74,46/27,1011.2,3,146.6
2846,2017,5,彭佳嶼,20.8,28.1/17,12.6/01,63.9,15.1/30.0/21,21.9/30.0/21,78,41/28,1002.6,11,143.1
2847,2017,5,基隆,21.7,32.3/10,10.5/02,141.9,10.6/10.0/01,16.6/360.0/01,73,38/02,1010.6,15,125.8
2848,2017,5,臺北,22.5,35.5/10,11.5/02,121.5,7.3/50.0/11,13.9/50.0/11,66,26/02,1010.1,13,105.6
2849,2017,5,鞍部,16.5,26.5/10,6.6/02,150.6,10.8/340.0/21,22.4/350.0/21,85,34/29,921.3,15,103.4
2850,2017,5,竹子湖,17.9,28.2/10,7.3/02,135.5,9.4/30.0/21,18.4/20.0/21,80,34/02,945.0,15,110.6
2851,2017,5,淡水,21.8,32.2/10,11.1/02,98.5,6.6/20.0/11,15.5/20.0/21,73,27/02,1011.9,12,132.8
2852,2017,5,(原板橋),22.2,34.9/10,9.8/02,125.7,6.3/70.0/28,14.1/220.0/10,69,27/02,1012.6,12,112.2
2853,2017,5,新屋,21.9,30.4/10,12.4/2,121.3,13.4/250.0/10,20.8/240.0/10,77,36/2,1011.0,12,143.1
2854,2017,5,新竹,22.2,34.1/10,12.6/01,124.0,6.0/10.0/21,15.5/20.0/21,72,34/29,1010.1,10,148.4
2855,2017,5,臺中,23.2,33.7/10,11.9/02,98.8,5.0/360.0/01,11.3/360.0/01,73,26/02,1003.3,10,149.6
2856,2017,5,梧棲,22.8,32.2/10,12.8/01,65.5,12.4/350.0/01,21.1/20.0/01,72,29/02,1010.4,8,163.7
2857,2017,5,日月潭,18.6,29.7/19,8.5/02,255.5,7.7/290.0/21,15.1/300.0/21,82,35/02,902.2,13,112.3
2858,2017,5,嘉義,23.9,33.9/10,10.0/02,105.9,7.5/230.0/10,12.3/240.0/10,75,30/03,1009.6,11,171.1
2859,2017,5,阿里山,11.7,19.1/14,-0.2/02,330.5,5.0/170.0/12,14.3/310.0/12,80,18/04,764.9,15,123.2
2860,2017,5,玉山,3.4,14.4/16,-8.2/02,358.0,15.0/320.0/21,25.6/310.0/01,79,14/03,642.5,16,144.6
2861,2017,5,臺南,24.6,32.3/10,14.9/01,64.5,11.4/20.0/01,21.7/20.0/01,71,33/02,1010.5,9,194.7
2862,2017,5,高雄,25.6,32.7/16,16.6/01,113.5,7.0/360.0/01,16.2/350.0/01,71,41/02,1012.7,6,209.1
2863,2017,5,恆春,25.5,34.9/19,18.2/01,28.0,8.4/20.0/28,17.2/50.0/01,71,41/03,1011.1,4,186.4
2864,2017,5,宜蘭,21.6,30.5/10,10.9/02,151.8,8.2/60.0/21,13.8/60.0/21,77,37/02,1013.3,13,120.6
2865,2017,5,蘇澳,21.7,29.8/09,11.3/02,127.9,10.8/70.0/21,22.8/70.0/21,75,36/02,1011.3,16,117.6
2866,2017,5,花蓮,22.6,30.2/21,13.6/02,106.2,11.2/40.0/21,18.9/40.0/21,77,36/02,1011.7,16,103.8
2867,2017,5,成功,22.6,31.1/18,15.3/01,104.4,10.5/20.0/21,18.3/20.0/21,79,39/02,1009.2,14,77.0
2868,2017,5,臺東,23.6,31.9/26,15.2/03,82.8,5.9/30.0/22,14.8/30.0/22,75,39/03,1012.7,13,138.0
2869,2017,5,大武,24.3,36.2/20,16.7/01,91.1,8.5/30.0/22,16.0/180.0/10,73,36/10,1012.7,10,147.3
2870,2017,5,蘭嶼,21.6,28.0/20,14.5/01,150.0,20.2/250.0/11,29.9/30.0/01,82,49/03,976.5,14,109.3
2871,2017,5,馬祖,18.1,27.0/17,9.7/01,143.8,10.4/220.0/17,18.8/230.0/09,81,39/14,1003.7,16,155.3
2872,2017,5,金門,20.1,28.3/17,10.9/01,44.6,9.5/60.0/26,19.3/70.0/22,75,28/28,1011.1,13,151.1
2873,2017,5,澎湖,23.9,30.4/17,16.5/01,132.3,8.9/10.0/01,17.9/40.0/27,74,38/02,1012.0,11,177.8
2874,2017,5,東吉島,24.1,31.1/26,17.1/01,79.4,18.1/10.0/01,23.8/360.0/01,74,41/02,1008.3,9,197.8
2875,2017,6,彭佳嶼,23.6,29.5/11,18.7/27,198.4,13.2/170.0/12,18.5/160.0/12,85,50/26,1000.0,11,120.6
2876,2017,6,基隆,24.6,33.4/31,19.4/1,229.1,7.8/10.0/24,13.0/320.0/15,77,51/1,1007.9,20,74.1
2877,2017,6,臺北,25.6,35.0/11,19.7/27,135.5,8.6/50.0/7,14.5/60.0/7,73,42/1,1007.3,16,83.8
2878,2017,6,鞍部,19.4,27.1/11,14.2/31,181.5,7.6/70.0/7,15.5/360.0/24,90,40/1,919.8,16,48.8
2879,2017,6,竹子湖,21.1,29.0/11,15.9/1,163.1,8.0/30.0/24,15.4/20.0/24,84,51/26,943.1,14,82.6
2880,2017,6,淡水,25.5,33.5/10,19.8/1,143.5,5.5/150.0/29,13.5/110.0/18,75,44/1,1009.0,11,118.1
2881,2017,6,(原板橋),25.6,34.0/11,18.7/1,152.9,6.4/70.0/28,13.6/90.0/28,75,41/1,1009.7,16,101.3
2882,2017,6,新屋,25.3,31.0/10,18.1/1,83.4,10.8/40.0/21,19.1/260.0/9,81,51/1,1008.1,8,151.8
2883,2017,6,新竹,25.7,33.3/29,18.7/1,99.5,5.0/20.0/17,11.7/50.0/17,75,44/1,1007.3,10,132.7
2884,2017,6,臺中,26.7,34.9/14,18.9/1,111.5,4.6/20.0/16,8.9/20.0/16,75,43/1,1000.5,8,133.1
2885,2017,6,梧棲,26.0,30.7/12,20.1/16,65.8,11.4/350.0/17,17.2/350.0/17,77,41/1,1007.6,9,164.8
2886,2017,6,日月潭,21.1,29.5/29,15.9/1,347.5,5.3/180.0/8,11.4/150.0/8,86,51/14,900.8,19,99.9
2887,2017,6,嘉義,27.0,36.0/12,17.8/1,77.8,8.4/250.0/12,12.5/250.0/12,77,41/12,1006.8,9,160.8
2888,2017,6,阿里山,13.6,21.3/29,7.9/1,336.0,5.0/170.0/14,12.9/140.0/15,92,26/10,764.7,23,89.5
2889,2017,6,玉山,5.4,16.2/10,0.4/1,339.5,14.9/300.0/14,24.4/310.0/16,84,18/10,643.1,19,97.8
2890,2017,6,臺南,27.7,33.9/12,21.5/16,79.5,8.3/210.0/12,13.1/340.0/16,73,49/1,1007.6,6,199.5
2891,2017,6,高雄,28.2,33.5/12,22.8/1,129.0,5.9/320.0/9,10.6/170.0/12,74,53/1,1009.8,8,209.6
2892,2017,6,恆春,28.1,34.2/12,21.7/1,48.7,9.1/40.0/20,20.0/50.0/20,72,50/8,1008.2,9,183.4
2893,2017,6,宜蘭,24.4,32.0/11,18.9/1,227.6,7.3/60.0/24,12.9/50.0/24,85,56/26,1010.5,19,81.7
2894,2017,6,蘇澳,24.5,31.4/11,19.4/1,271.7,9.9/50.0/24,20.1/70.0/24,83,57/26,1008.6,22,83.4
2895,2017,6,花蓮,25.2,31.6/9,20.6/17,144.5,9.1/40.0/24,14.8/30.0/24,80,57/26,1009.0,20,108.6
2896,2017,6,成功,25.4,31.4/10,20.7/1,103.1,10.4/20.0/24,18.8/30.0/13,84,60/18,1006.4,21,121.6
2897,2017,6,臺東,26.2,35.3/9,21.6/16,184.5,5.3/190.0/9,10.9/190.0/9,79,48/2,1010.0,22,146.1
2898,2017,6,大武,26.6,37.4/9,21.0/1,88.1,6.6/180.0/9,11.8/190.0/24,77,34/9,1010.0,15,137.5
2899,2017,6,蘭嶼,24.0,29.4/10,19.1/19,317.9,23.3/30.0/28,36.9/30.0/28,89,67/10,974.0,14,108.0
2900,2017,6,馬祖,22.0,29.6/23,17.5/16,103.6,7.9/220.0/31,15.2/220.0/31,84,60/9,1001.3,7,130.3
2901,2017,6,金門,24.1,30.5/29,19.1/16,100.9,8.8/70.0/28,14.9/50.0/24,79,33/26,1007.8,10,142.6
2902,2017,6,澎湖,26.2,32.1/12,20.5/20,81.2,7.7/10.0/16,16.6/20.0/16,79,56/26,1009.2,8,156.1
2903,2017,6,東吉島,26.4,31.8/5,21.5/16,69.0,16.2/10.0/16,20.4/10.0/16,79,55/1,1005.7,7,193.3
2904,2017,7,彭佳嶼,26.3,31.7/26,21.0/15,534.8,26.1/250.0/14,31.0/260.0/14,89,61/30,996.5,12,162.2
2905,2017,7,基隆,27.3,35.0/25,21.6/15,824.9,9.6/230.0/14,17.2/230.0/14,78,52/26,1004.4,16,134.4
2906,2017,7,臺北,28.0,35.6/28,22.0/15,649.7,6.3/250.0/25,13.6/240.0/1,75,44/20,1004.0,16,83.8
2907,2017,7,鞍部,22.3,28.7/29,17.9/15,1009.1,9.2/350.0/2,18.7/300.0/14,90,62/21,917.6,16,71.3
2908,2017,7,竹子湖,23.8,30.8/11,18.9/15,830.5,7.0/30.0/17,16.7/10.0/2,85,59/7,940.8,15,94.1
2909,2017,7,淡水,27.2,36.9/5,22.0/17,915.5,6.1/350.0/2,14.4/200.0/14,83,55/21,1005.8,13,138.8
2910,2017,7,(原板橋),27.9,36.2/26,22.3/15,673.0,8.0/210.0/1,15.4/240.0/1,79,51/20,1006.4,15,127.8
2911,2017,7,新屋,27.6,33.0/30,22.1/15,761.2,15.5/220.0/2,29.4/320.0/2,86,56/30,1005.0,13,162.5
2912,2017,7,新竹,28.0,34.3/20,22.4/17,581.5,6.1/280.0/26,16.6/280.0/21,78,55/20,1004.4,13,172.9
2913,2017,7,臺中,27.9,35.9/13,22.5/19,894.0,6.4/210.0/13,20.6/210.0/13,81,48/13,998.7,15,144.4
2914,2017,7,梧棲,28.0,35.0/13,22.9/15,443.4,12.2/250.0/14,20.6/250.0/14,81,51/13,1005.4,13,187.4
2915,2017,7,日月潭,22.3,31.9/11,17.8/15,1013.0,13.8/300.0/2,29.4/280.0/2,86,54/28,899.8,20,99.7
2916,2017,7,嘉義,29.0,36.4/11,23.8/2,578.0,8.9/250.0/3,14.3/250.0/2,78,46/13,1005.0,16,177.9
2917,2017,7,阿里山,14.8,21.8/27,10.3/18,1986.6,6.5/310.0/2,18.8/300.0/2,89,48/28,764.6,20,97.6
2918,2017,7,玉山,7.6,19.4/10,1.7/18,800.0,17.0/320.0/13,30.1/290.0/14,83,26/11,644.2,16,101.6
2919,2017,7,臺南,29.3,34.5/12,24.4/16,251.5,9.2/170.0/12,14.3/190.0/11,79,51/12,1006.1,14,199.2
2920,2017,7,高雄,29.7,34.3/12,24.9/29,256.0,7.4/30.0/29,25.6/60.0/29,77,61/30,1008.4,14,226.8
2921,2017,7,恆春,29.8,34.6/13,25.5/15,105.0,6.6/280.0/14,14.4/290.0/1,75,48/9,1006.1,19,190.9
2922,2017,7,宜蘭,27.3,34.1/25,22.6/15,312.1,6.6/360.0/17,9.6/360.0/17,87,52/21,1006.8,18,135.1
2923,2017,7,蘇澳,27.2,33.9/11,22.5/15,329.9,8.8/140.0/29,14.2/60.0/14,84,58/22,1005.0,17,125.6
2924,2017,7,花蓮,27.6,34.2/26,23.1/15,211.0,8.4/160.0/10,13.7/40.0/17,80,58/26,1005.5,14,174.9
2925,2017,7,成功,27.6,32.8/21,23.8/4,118.3,9.0/190.0/13,18.5/190.0/13,83,56/21,1003.1,14,196.8
2926,2017,7,臺東,29.0,35.3/24,24.0/4,170.4,7.3/190.0/13,15.0/210.0/13,77,43/14,1006.7,12,234.6
2927,2017,7,大武,29.1,38.2/24,24.4/18,291.6,7.7/190.0/22,13.8/210.0/2,74,39/24,1007.1,15,231.2
2928,2017,7,蘭嶼,26.5,30.8/8,24.0/30,13.9,21.6/250.0/1,32.3/240.0/1,85,66/9,972.0,6,153.6
2929,2017,7,馬祖,24.3,32.6/7,19.4/16,388.3,10.9/230.0/13,22.5/240.0/13,90,67/11,997.0,19,102.1
2930,2017,7,金門,26.3,32.5/27,21.2/15,170.9,9.4/230.0/2,15.2/270.0/13,87,63/30,1004.1,15,144.8
2931,2017,7,澎湖,28.3,34.0/12,23.9/2,314.7,8.4/300.0/2,16.2/200.0/13,85,66/30,1006.9,16,213.9
2932,2017,7,東吉島,28.3,32.6/7,24.6/18,275.0,14.8/230.0/5,22.6/260.0/5,85,71/30,1003.6,11,214.1
2933,2017,8,彭佳嶼,28.4,33.0/19,24.0/29,37.5,29.1/120.0/29,39.6/120.0/30,85,66/17,997.4,3,304.9
2934,2017,8,基隆,30.0,36.1/21,24.7/7,67.9,18.5/140.0/29,41.5/140.0/29,66,47/23,1004.8,8,265.8
2935,2017,8,臺北,30.3,38.0/19,24.2/3,206.6,14.3/50.0/29,41.9/60.0/29,64,42/20,1004.4,12,165.3
2936,2017,8,鞍部,23.6,30.7/5,19.1/7,160.0,15.4/190.0/29,38.9/120.0/29,85,56/20,918.3,11,158.8
2937,2017,8,竹子湖,25.1,31.8/18,20.3/8,166.0,6.8/220.0/29,21.1/180.0/29,81,52/19,941.4,13,185.1
2938,2017,8,淡水,29.6,37.7/22,24.1/7,83.0,9.0/110.0/29,26.3/120.0/29,75,42/20,1006.2,8,235.5
2939,2017,8,(原板橋),29.7,37.5/19,24.3/2,212.6,11.9/70.0/29,28.4/80.0/29,72,41/19,1006.8,17,205.2
2940,2017,8,新屋,29.8,36.5/28,25.0/1,37.3,20.7/30.0/29,35.8/40.0/29,78,50/28,1005.3,6,279.6
2941,2017,8,新竹,29.5,36.6/28,24.4/7,89.7,9.5/360.0/29,24.4/350.0/29,72,45/21,1004.8,9,252.8
2942,2017,8,臺中,28.7,35.1/18,23.4/8,313.7,6.6/180.0/31,20.8/160.0/31,78,51/25,998.5,15,189.9
2943,2017,8,梧棲,29.5,34.4/28,22.6/31,194.2,14.1/240.0/29,21.8/170.0/31,75,53/28,1005.3,9,252.3
2944,2017,8,日月潭,22.9,32.1/18,18.8/31,424.5,12.6/290.0/29,25.6/280.0/29,83,50/18,899.7,22,129.3
2945,2017,8,嘉義,28.9,36.0/1,23.5/31,663.2,9.9/60.0/8,17.5/50.0/8,80,48/13,1004.7,21,192.2
2946,2017,8,阿里山,15.0,22.0/30,10.3/14,940.3,6.3/170.0/31,16.3/180.0/31,93,49/19,764.6,24,112.7
2947,2017,8,玉山,8.5,19.6/24,4.0/17,429.5,22.9/150.0/17,32.5/170.0/31,77,36/14,644.6,19,168.0
2948,2017,8,臺南,29.6,34.5/20,23.4/31,506.9,10.6/190.0/31,19.6/180.0/31,76,50/20,1005.6,16,203.9
2949,2017,8,高雄,30.4,35.6/4,24.3/31,285.0,12.8/350.0/30,24.8/240.0/31,71,52/16,1007.8,7,241.9
2950,2017,8,恆春,29.4,34.5/13,24.4/31,645.1,12.9/180.0/30,29.8/230.0/30,77,54/12,1005.9,15,227.2
2951,2017,8,宜蘭,29.6,35.5/23,24.2/29,133.9,29.7/50.0/29,51.0/60.0/29,77,53/19,1007.5,8,252.8
2952,2017,8,蘇澳,29.3,33.8/10,24.6/29,219.1,26.4/160.0/29,52.8/120.0/29,74,45/16,1005.8,10,202.0
2953,2017,8,花蓮,29.1,34.5/28,24.4/31,153.5,20.9/220.0/29,35.2/220.0/29,74,53/28,1006.5,9,273.8
2954,2017,8,成功,28.1,33.2/28,23.2/16,205.1,12.3/210.0/29,27.2/200.0/29,79,55/29,1004.4,10,255.2
2955,2017,8,臺東,29.4,34.6/2,23.7/16,188.7,10.2/190.0/30,21.7/170.0/30,74,50/20,1008.2,12,263.3
2956,2017,8,大武,28.5,34.4/3,23.9/30,507.5,16.6/160.0/30,28.3/190.0/30,77,56/28,1008.2,16,237.7
2957,2017,8,蘭嶼,26.3,30.6/1,22.2/17,308.6,26.8/200.0/30,42.0/200.0/30,85,67/11,973.0,20,187.4
2958,2017,8,馬祖,28.3,34.6/19,24.2/30,196.3,14.9/80.0/30,29.5/10.0/30,83,54/20,997.4,4,303.6
2959,2017,8,金門,29.0,35.9/29,24.6/7,92.6,16.0/230.0/31,23.7/240.0/31,78,49/29,1004.5,8,278.7
2960,2017,8,澎湖,29.8,35.2/23,24.2/31,240.5,13.5/190.0/31,24.9/190.0/31,79,60/28,1006.8,11,269.1
2961,2017,8,東吉島,29.6,34.3/25,24.3/31,256.1,22.6/200.0/31,31.6/210.0/31,81,65/26,1003.4,10,255.4
2962,2017,9,彭佳嶼,28.7,33.5/8,25.0/23,11.6,19.6/260.0/10,25.1/260.0/10,85,62/18,996.2,3,311.6
2963,2017,9,基隆,30.2,38.0/9,26.0/1,20.2,10.2/240.0/10,19.3/250.0/10,68,44/9,1003.8,4,267.3
2964,2017,9,臺北,31.1,38.5/7,25.4/2,166.2,7.7/50.0/31,16.0/70.0/22,64,42/9,1003.3,11,208.3
2965,2017,9,鞍部,24.0,30.7/25,20.0/19,34.8,9.7/190.0/22,23.5/190.0/22,84,40/21,917.5,7,153.7
2966,2017,9,竹子湖,25.7,32.9/25,21.8/19,23.0,6.0/10.0/1,14.2/280.0/10,79,51/25,940.6,6,201.5
2967,2017,9,淡水,30.3,37.7/25,25.4/21,41.5,5.6/150.0/26,17.4/110.0/22,71,40/28,1005.2,5,262.3
2968,2017,9,(原板橋),30.7,37.4/12,24.9/27,124.6,8.1/210.0/10,16.3/230.0/10,69,48/20,1005.8,9,243.2
2969,2017,9,新屋,29.9,35.5/22,25.8/29,23.8,14.9/220.0/10,24.5/60.0/22,77,52/22,1004.2,3,278.8
2970,2017,9,新竹,30.3,37.0/21,25.3/21,54.2,6.8/50.0/30,17.7/70.0/30,70,42/29,1003.6,6,271.5
2971,2017,9,臺中,29.4,35.6/21,23.7/28,69.0,4.5/240.0/8,10.9/250.0/8,77,51/19,997.6,9,188.0
2972,2017,9,梧棲,29.6,33.7/21,24.3/10,39.6,12.1/350.0/21,19.8/360.0/21,76,56/19,1004.3,7,250.2
2973,2017,9,日月潭,23.5,31.8/21,18.8/28,183.5,6.6/290.0/24,10.6/270.0/24,83,53/28,899.0,8,151.4
2974,2017,9,嘉義,29.8,35.8/26,23.9/28,198.6,9.0/30.0/27,23.8/260.0/3,76,49/23,1003.9,10,214.3
2975,2017,9,阿里山,15.7,22.6/21,11.4/16,247.6,4.6/170.0/1,8.7/170.0/1,91,40/16,764.2,12,126.7
2976,2017,9,玉山,9.2,21.1/7,3.5/28,115.0,19.1/150.0/26,30.9/120.0/22,75,26/15,644.4,14,188.5
2977,2017,9,臺南,29.9,34.9/19,24.9/1,196.5,8.5/140.0/23,17.1/120.0/1,74,48/23,1004.8,9,212.5
2978,2017,9,高雄,30.1,34.7/19,24.9/2,211.0,10.9/150.0/22,18.6/150.0/22,75,55/22,1007.1,13,222.0
2979,2017,9,恆春,29.6,35.0/18,25.0/22,298.0,11.2/40.0/31,24.6/40.0/31,78,54/17,1004.8,17,208.6
2980,2017,9,宜蘭,29.8,35.2/11,25.2/1,45.4,7.7/60.0/21,13.5/140.0/22,78,53/21,1006.5,5,257.8
2981,2017,9,蘇澳,29.2,35.4/2,24.7/1,88.4,10.0/100.0/30,16.3/180.0/22,77,57/5,1004.8,5,215.1
2982,2017,9,花蓮,29.4,34.3/8,24.5/23,138.0,8.8/40.0/21,15.3/40.0/21,74,50/29,1005.2,4,289.6
2983,2017,9,成功,28.4,34.8/10,24.2/22,233.6,9.9/10.0/21,18.1/10.0/21,79,51/21,1002.7,8,264.3
2984,2017,9,臺東,29.6,34.8/10,23.8/23,314.5,6.8/30.0/21,15.7/210.0/22,74,51/10,1006.3,9,280.9
2985,2017,9,大武,29.1,36.8/10,24.5/23,347.9,9.7/30.0/22,19.8/40.0/22,74,44/9,1006.4,11,252.1
2986,2017,9,蘭嶼,26.3,30.3/3,21.8/30,452.5,28.8/30.0/21,43.4/40.0/21,87,64/20,971.0,13,167.1
2987,2017,9,馬祖,28.0,32.8/28,23.9/10,80.1,11.9/290.0/10,22.6/290.0/10,85,58/16,996.5,6,298.0
2988,2017,9,金門,29.0,35.9/21,23.8/27,46.5,9.0/150.0/27,17.7/160.0/27,80,49/21,1003.5,4,281.2
2989,2017,9,澎湖,29.5,34.7/26,24.8/2,98.8,8.4/360.0/21,15.9/360.0/21,82,63/19,1006.0,7,291.0
2990,2017,9,東吉島,29.5,34.3/18,25.7/2,80.1,15.1/150.0/23,20.6/150.0/23,81,64/17,1002.6,6,290.7
2991,2017,10,彭佳嶼,28.0,34.0/27,23.7/18,19.0,19.8/320.0/14,28.1/340.0/14,81,54/18,998.6,2,223.6
2992,2017,10,基隆,28.6,35.8/27,22.3/18,188.8,9.9/360.0/13,15.1/360.0/13,69,46/15,1006.5,10,194.1
2993,2017,10,臺北,29.6,38.6/27,23.2/18,175.6,7.7/50.0/12,15.9/50.0/12,65,35/20,1006.0,9,167.3
2994,2017,10,鞍部,22.8,30.5/24,17.0/17,307.5,10.6/360.0/13,20.1/180.0/1,86,33/17,919.6,9,135.0
2995,2017,10,竹子湖,24.5,31.6/27,19.6/18,293.2,8.6/10.0/2,17.0/360.0/2,80,37/17,942.8,9,173.5
2996,2017,10,淡水,28.7,35.6/5,20.9/18,59.0,5.3/150.0/30,35.6/80.0/29,74,46/16,1007.7,6,199.0
2997,2017,10,(原板橋),29.2,37.8/27,23.5/19,51.2,7.3/70.0/12,13.9/90.0/12,72,39/20,1008.5,8,152.0
2998,2017,10,新屋,28.7,36.7/30,21.7/18,18.3,13.2/40.0/12,20.8/40.0/12,78,47/19,1006.9,7,222.9
2999,2017,10,新竹,29.0,36.5/12,23.9/14,64.8,5.8/50.0/1,17.6/40.0/1,70,35/20,1006.3,8,201.3
3000,2017,10,臺中,29.3,35.5/27,24.5/11,21.4,5.7/20.0/13,11.1/10.0/13,74,41/20,999.7,2,195.3
3001,2017,10,梧棲,29.1,33.2/2,24.5/18,22.5,11.8/350.0/13,20.2/360.0/13,74,47/18,1006.6,3,240.8
3002,2017,10,日月潭,23.4,31.5/27,18.4/29,118.0,5.2/290.0/3,15.0/320.0/29,81,52/16,900.8,10,149.2
3003,2017,10,嘉義,29.5,36.7/23,23.9/16,117.2,7.1/220.0/7,12.1/220.0/7,76,42/20,1006.0,7,228.0
3004,2017,10,阿里山,15.7,22.6/24,10.1/18,171.6,4.8/300.0/24,12.4/290.0/24,89,43/26,765.6,15,134.9
3005,2017,10,玉山,9.7,22.0/26,2.2/16,81.5,18.7/150.0/6,22.7/150.0/6,70,13/16,645.5,7,205.2
3006,2017,10,臺南,30.0,35.4/20,25.6/7,39.5,8.2/180.0/7,13.1/180.0/7,69,31/19,1006.8,5,234.5
3007,2017,10,高雄,30.2,35.1/24,25.3/1,32.5,7.4/310.0/15,12.9/140.0/6,74,50/20,1009.0,8,235.9
3008,2017,10,恆春,29.3,34.5/13,25.4/11,243.6,11.5/30.0/1,26.7/30.0/1,77,53/11,1006.8,10,233.7
3009,2017,10,宜蘭,28.7,35.4/6,22.8/18,660.8,11.4/260.0/15,17.6/270.0/15,78,45/15,1009.0,9,199.7
3010,2017,10,蘇澳,28.3,34.9/15,23.1/19,463.0,9.9/70.0/2,18.1/290.0/13,77,44/15,1007.2,7,152.2
3011,2017,10,花蓮,28.6,33.4/22,23.8/19,126.0,8.4/170.0/6,13.2/160.0/6,77,53/12,1007.7,5,228.4
3012,2017,10,成功,27.9,33.2/12,23.1/29,153.5,8.7/190.0/7,15.4/170.0/7,81,50/12,1005.3,10,230.1
3013,2017,10,臺東,29.0,33.7/23,23.8/29,162.0,5.0/190.0/7,10.7/190.0/7,78,52/12,1009.0,8,255.3
3014,2017,10,大武,28.5,33.9/25,24.4/1,336.7,7.1/30.0/30,14.4/40.0/30,78,55/12,1009.0,12,222.7
3015,2017,10,蘭嶼,26.2,31.1/9,22.4/20,464.7,18.5/250.0/15,27.5/240.0/15,86,61/16,973.6,18,162.8
3016,2017,10,馬祖,27.5,36.6/26,22.7/29,53.0,11.4/10.0/28,28.3/10.0/28,81,46/16,1000.0,4,211.6
3017,2017,10,金門,28.9,35.8/27,23.2/19,29.4,8.9/80.0/13,15.6/70.0/13,75,41/20,1006.7,4,247.6
3018,2017,10,澎湖,29.3,35.1/24,25.9/19,20.1,9.4/30.0/13,17.2/20.0/13,79,54/17,1008.3,2,266.3
3019,2017,10,東吉島,29.0,34.3/26,25.7/3,19.7,15.4/30.0/13,20.7/20.0/13,80,61/19,1004.8,4,275.2
3020,2017,11,彭佳嶼,24.8,32.8/2,18.6/30,191.9,19.9/40.0/13,27.9/40.0/13,78,53/30,1002.8,13,142.3
3021,2017,11,基隆,25.4,34.2/1,18.4/23,409.8,12.6/20.0/13,24.3/20.0/13,73,52/1,1010.8,23,65.3
3022,2017,11,臺北,25.6,36.8/1,18.7/30,368.6,8.1/50.0/6,17.9/50.0/13,73,43/1,1010.2,22,101.0
3023,2017,11,鞍部,18.9,28.2/2,11.6/30,1607.3,10.8/360.0/21,24.6/340.0/13,94,66/1,922.1,27,36.2
3024,2017,11,竹子湖,20.5,31.0/2,12.3/22,1592.4,8.2/10.0/4,16.7/100.0/13,86,58/2,945.8,26,80.5
3025,2017,11,淡水,25.0,35.1/11,16.8/22,460.0,6.1/20.0/17,17.9/20.0/13,80,50/21,1011.8,20,108.5
3026,2017,11,(原板橋),25.3,36.3/1,17.6/23,364.1,7.3/70.0/13,14.2/90.0/13,74,51/22,1012.7,13,88.8
3027,2017,11,新屋,25.2,35.5/10,17.6/22,159.8,16.1/50.0/13,25.4/40.0/13,76,53/22,1010.4,11,154.7
3028,2017,11,新竹,25.8,37.9/9,18.1/22,51.8,7.3/50.0/8,17.7/50.0/8,71,45/9,1009.4,10,192.7
3029,2017,11,臺中,26.5,38.3/8,17.6/31,53.5,6.3/20.0/21,13.8/10.0/21,72,41/8,1001.4,5,202.1
3030,2017,11,梧棲,25.7,33.9/8,17.8/31,41.5,15.7/350.0/30,28.3/20.0/29,73,48/30,1008.6,3,213.4
3031,2017,11,日月潭,21.4,32.5/8,13.7/30,85.0,5.0/150.0/9,9.4/160.0/9,78,37/9,901.4,5,148.7
3032,2017,11,嘉義,26.2,36.5/10,16.5/23,79.0,7.2/360.0/21,12.7/360.0/21,74,46/30,1007.6,6,207.5
3033,2017,11,阿里山,14.0,22.1/10,3.7/30,95.2,3.8/120.0/12,12.5/90.0/8,82,16/31,765.2,8,147.4
3034,2017,11,玉山,8.3,21.7/6,1.7/30,256.0,21.6/140.0/9,30.2/140.0/8,59,6/29,644.7,10,240.5
3035,2017,11,臺南,27.1,35.4/11,18.7/23,39.5,9.8/350.0/21,18.3/350.0/21,70,41/31,1008.4,3,229.2
3036,2017,11,高雄,28.0,34.5/9,21.3/31,82.5,6.9/350.0/21,11.1/350.0/21,73,54/30,1010.5,7,213.2
3037,2017,11,恆春,27.7,33.9/2,20.5/28,304.0,11.9/40.0/30,25.6/40.0/30,71,44/31,1008.3,16,199.3
3038,2017,11,宜蘭,25.3,33.6/2,18.3/26,661.8,12.0/20.0/13,19.2/20.0/13,79,46/22,1013.2,20,84.8
3039,2017,11,蘇澳,25.3,32.3/2,17.5/31,641.8,11.9/60.0/13,22.9/60.0/13,77,50/23,1011.3,21,72.2
3040,2017,11,花蓮,25.9,32.6/2,19.6/28,753.0,11.0/20.0/13,20.0/40.0/13,75,41/29,1010.9,13,138.5
3041,2017,11,成功,25.9,32.1/6,19.4/30,758.0,12.1/10.0/13,25.0/350.0/13,75,45/31,1008.0,19,166.1
3042,2017,11,臺東,26.5,33.2/1,19.4/31,762.9,6.9/40.0/30,16.3/40.0/20,75,37/31,1011.4,13,171.4
3043,2017,11,大武,27.2,33.1/3,20.0/27,399.0,9.5/30.0/13,19.4/40.0/13,72,41/26,1011.1,14,160.0
3044,2017,11,蘭嶼,24.4,29.4/3,20.1/30,399.1,29.3/30.0/20,43.1/30.0/20,85,52/30,974.4,18,106.8
3045,2017,11,馬祖,23.1,32.4/2,15.3/31,21.1,10.9/40.0/14,29.2/10.0/14,74,33/27,1005.4,4,176.1
3046,2017,11,金門,25.8,36.1/10,16.7/31,1.3,10.6/60.0/30,23.0/70.0/14,61,27/23,1010.8,1,196.4
3047,2017,11,澎湖,26.7,35.3/2,21.3/30,13.0,11.4/20.0/13,26.1/20.0/13,74,46/22,1010.5,5,177.6
3048,2017,11,東吉島,26.8,34.2/2,20.9/31,20.5,23.4/30.0/13,32.5/30.0/13,76,51/22,1006.4,4,215.3
3049,2017,12,彭佳嶼,17.2,23.1/23,12.1/17,67.7,16.5/10.0/16,26.8/360.0/16,71,52/25,1010.2,18,24.5
3050,2017,12,基隆,17.5,25.1/23,13.1/17,458.8,12.9/10.0/16,21.4/360.0/16,73,46/22,1018.4,22,30.9
3051,2017,12,臺北,17.8,26.4/23,12.7/10,66.9,8.0/50.0/21,15.9/60.0/21,74,46/23,1017.9,18,56.4
3052,2017,12,鞍部,11.0,19.9/23,5.4/17,591.5,10.5/10.0/8,23.8/30.0/16,95,45/24,926.6,25,30.0
3053,2017,12,竹子湖,12.9,21.8/23,7.2/17,519.6,9.2/10.0/2,18.1/70.0/13,85,61/23,951.0,24,78.8
3054,2017,12,淡水,17.5,26.4/23,11.1/20,40.0,6.5/20.0/16,14.6/30.0/17,74,46/23,1019.4,6,73.2
3055,2017,12,(原板橋),17.6,26.4/23,11.7/10,71.1,6.8/80.0/21,14.6/90.0/25,75,53/25,1020.3,16,52.7
3056,2017,12,新屋,17.2,25.6/15,11.0/10,40.1,15.2/60.0/13,24.8/60.0/13,75,49/21,1018.0,11,108.1
3057,2017,12,新竹,17.5,25.9/15,10.7/22,23.8,6.8/20.0/2,18.5/30.0/17,74,50/22,1016.6,8,114.3
3058,2017,12,臺中,18.5,27.1/30,11.7/22,8.0,6.8/20.0/20,14.4/10.0/16,76,45/22,1008.4,4,156.7
3059,2017,12,梧棲,17.6,23.6/3,12.3/22,6.8,16.6/350.0/20,30.4/10.0/16,74,48/21,1016.0,6,138.8
3060,2017,12,日月潭,15.2,26.4/4,9.3/22,17.5,5.1/140.0/12,7.1/280.0/30,79,26/4,905.1,8,139.1
3061,2017,12,嘉義,18.6,27.1/1,10.2/22,3.7,7.4/360.0/20,14.9/360.0/16,78,48/25,1014.9,3,141.9
3062,2017,12,阿里山,9.0,17.0/27,1.3/9,30.9,4.3/280.0/9,10.8/260.0/9,78,19/28,765.8,11,138.6
3063,2017,12,玉山,2.1,14.3/27,-8.3/29,26.0,16.5/240.0/19,24.0/270.0/19,54,6/30,643.5,7,215.3
3064,2017,12,臺南,19.1,26.5/3,13.2/9,2.0,8.9/350.0/19,15.3/360.0/16,72,49/21,1015.5,3,164.8
3065,2017,12,高雄,21.4,29.4/3,15.5/9,0.5,7.7/350.0/24,11.8/350.0/24,69,49/24,1017.6,1,142.5
3066,2017,12,恆春,22.1,28.2/3,17.5/10,3.5,13.6/40.0/16,30.3/50.0/16,65,47/21,1014.8,4,138.9
3067,2017,12,宜蘭,17.5,26.8/24,12.1/20,435.9,8.7/270.0/24,14.5/30.0/13,82,48/24,1021.0,23,36.4
3068,2017,12,蘇澳,17.2,24.3/24,11.5/17,1015.9,9.8/70.0/13,21.2/350.0/16,84,53/22,1018.9,25,30.2
3069,2017,12,花蓮,19.4,26.4/3,14.5/9,70.5,13.0/40.0/16,22.6/40.0/16,73,43/21,1018.6,15,43.0
3070,2017,12,成功,19.6,26.9/3,14.5/22,75.5,11.2/10.0/16,20.9/10.0/1,73,48/21,1015.4,16,52.9
3071,2017,12,臺東,20.4,27.5/3,15.3/22,15.2,7.2/40.0/16,17.5/10.0/8,70,42/21,1018.6,10,101.5
3072,2017,12,大武,21.6,27.3/3,16.8/10,27.0,9.7/30.0/16,21.3/10.0/16,65,46/21,1018.0,11,86.1
3073,2017,12,蘭嶼,18.8,23.8/3,15.3/9,239.5,27.1/30.0/8,39.5/30.0/17,82,57/21,980.2,25,48.2
3074,2017,12,馬祖,12.8,21.2/24,7.3/17,7.5,9.0/60.0/19,19.5/40.0/13,71,41/19,1013.5,5,127.7
3075,2017,12,金門,16.1,25.6/24,9.9/20,T,10.0/70.0/20,19.4/40.0/13,59,22/19,1019.5,0,177.2
3076,2017,12,澎湖,18.6,23.4/28,14.4/17,5.4,11.3/20.0/16,26.1/20.0/16,75,55/21,1018.0,6,96.8
3077,2017,12,東吉島,19.6,23.8/30,15.8/17,4.9,22.4/20.0/16,30.6/20.0/17,74,58/25,1013.5,4,108.4
3078,2018,1,彭佳嶼,18.7,27.8/4,11.4/29,110.4,17.0/40.0/28,24.6/30.0/28,81,47/18,1009.5,19,96.0
3079,2018,1,基隆,19.1,29.8/4,12.4/18,578.0,11.3/10.0/27,18.9/20.0/27,77,38/20,1017.8,20,83.0
3080,2018,1,臺北,19.5,30.5/2,12.3/18,54.4,7.7/80.0/15,14.9/80.0/29,75,33/3,1017.3,16,91.1
3081,2018,1,鞍部,13.5,24.2/3,5.6/29,620.1,9.1/150.0/15,19.5/130.0/24,92,21/20,926.8,23,71.9
3082,2018,1,竹子湖,15.0,25.0/3,7.0/18,632.1,9.4/30.0/9,18.1/10.0/9,87,36/18,950.9,22,100.1
3083,2018,1,淡水,18.6,28.7/4,10.0/18,265.5,5.5/20.0/11,14.4/30.0/29,85,43/19,1019.1,16,93.5
3084,2018,1,(原板橋),19.1,30.1/4,11.8/19,69.9,6.7/60.0/14,12.9/50.0/28,82,49/19,1019.6,13,59.3
3085,2018,1,新屋,18.5,30.8/4,10.8/19,78.1,14.6/60.0/30,24.3/70.0/30,82,41/18,1017.6,15,97.7
3086,2018,1,新竹,19.1,29.8/4,12.3/19,30.5,7.1/40.0/28,20.2/20.0/28,75,33/18,1016.4,5,128.8
3087,2018,1,臺中,20.8,31.7/6,13.5/18,2.0,5.6/350.0/13,12.0/350.0/29,72,30/20,1008.3,1,191.3
3088,2018,1,梧棲,19.5,29.1/4,13.2/29,8.5,16.0/350.0/28,26.2/350.0/28,77,28/18,1015.8,2,163.8
3089,2018,1,日月潭,17.8,27.7/5,10.2/29,1.0,4.1/360.0/25,6.0/210.0/20,74,37/2,905.9,1,161.2
3090,2018,1,嘉義,20.7,31.6/6,10.8/30,T,5.8/10.0/27,10.6/360.0/27,75,25/20,1014.8,0,189.4
3091,2018,1,阿里山,10.0,18.3/3,1.3/18,2.8,3.8/190.0/22,7.0/60.0/16,84,29/18,767.6,3,138.3
3092,2018,1,玉山,5.1,16.6/22,-3.3/1,8.0,11.9/210.0/24,21.4/270.0/17,65,10/29,645.5,4,265.9
3093,2018,1,臺南,21.6,30.5/4,13.4/30,0.0,8.4/350.0/27,14.5/350.0/27,74,29/20,1015.3,0,214.6
3094,2018,1,高雄,23.4,32.4/4,16.0/29,0.0,6.8/360.0/27,9.9/360.0/27,70,34/20,1017.4,0,200.4
3095,2018,1,恆春,23.6,30.9/4,17.4/20,6.0,13.3/30.0/28,27.1/40.0/29,71,37/1,1014.8,1,184.5
3096,2018,1,宜蘭,19.3,29.0/4,11.8/18,306.7,6.7/110.0/23,11.1/30.0/11,85,45/20,1020.3,17,102.9
3097,2018,1,蘇澳,19.0,28.1/4,11.2/29,1291.0,9.4/100.0/30,19.6/60.0/11,85,49/19,1017.9,19,78.2
3098,2018,1,花蓮,21.0,29.2/4,13.3/19,49.0,10.3/80.0/29,18.1/50.0/29,75,48/1,1018.1,13,107.0
3099,2018,1,成功,21.1,28.9/4,14.5/29,64.1,11.1/30.0/9,19.4/30.0/9,75,48/18,1015.0,14,110.6
3100,2018,1,臺東,22.0,29.6/4,14.9/19,54.8,6.2/40.0/9,16.8/60.0/29,74,47/19,1018.3,8,122.6
3101,2018,1,大武,22.7,29.0/11,16.4/19,18.1,8.3/30.0/11,16.9/30.0/29,70,50/18,1017.7,7,115.8
3102,2018,1,蘭嶼,20.6,25.5/3,15.3/29,331.1,27.5/30.0/9,38.8/40.0/24,92,53/19,980.7,19,57.8
3103,2018,1,馬祖,14.0,24.1/4,6.7/29,14.4,10.2/60.0/23,19.8/20.0/30,81,48/17,1012.7,10,74.4
3104,2018,1,金門,17.2,27.0/4,9.8/29,20.5,8.5/70.0/7,19.1/60.0/7,72,27/17,1018.1,5,111.2
3105,2018,1,澎湖,20.7,28.6/4,15.7/29,4.3,10.6/30.0/29,25.6/10.0/29,80,54/18,1017.8,3,115.1
3106,2018,1,東吉島,21.6,27.8/4,16.5/29,0.3,21.8/40.0/29,29.0/20.0/29,75,49/18,1013.5,1,136.0
3107,2018,2,彭佳嶼,16.0,22.4/3,9.1/12,210.7,20.7/160.0/7,25.4/160.0/7,76,44/12,1008.1,17,66.3
3108,2018,2,基隆,16.3,24.3/4,9.9/13,541.7,11.3/10.0/31,17.3/10.0/28,79,42/10,1016.4,23,41.6
3109,2018,2,臺北,16.9,26.6/16,8.6/12,255.8,7.8/50.0/25,15.5/50.0/26,79,40/10,1015.8,13,78.6
3110,2018,2,鞍部,10.6,20.7/16,1.8/12,564.2,9.5/360.0/9,19.1/350.0/7,93,40/16,924.5,24,48.1
3111,2018,2,竹子湖,12.3,21.5/16,3.6/12,457.9,8.7/360.0/25,18.6/360.0/22,86,43/16,948.9,22,96.2
3112,2018,2,淡水,16.6,25.3/3,6.0/12,151.5,5.9/20.0/26,16.8/120.0/27,76,42/10,1017.3,9,98.9
3113,2018,2,(原板橋),16.6,25.7/16,7.0/12,291.2,6.7/70.0/1,13.9/90.0/26,77,42/10,1018.1,15,53.2
3114,2018,2,新屋,15.9,26.2/2,8.7/12,282.5,14.2/30.0/26,23.0/30.0/26,79,47/10,1016.2,13,114.6
3115,2018,2,新竹,16.3,25.5/2,8.6/14,266.7,6.7/30.0/26,17.3/60.0/26,76,46/10,1015.1,13,116.6
3116,2018,2,臺中,17.3,27.2/18,6.1/13,103.5,5.5/360.0/10,12.8/10.0/11,81,27/16,1007.3,13,127.4
3117,2018,2,梧棲,16.2,22.9/3,7.9/13,98.5,16.1/350.0/26,26.8/350.0/26,79,41/12,1014.8,10,120.6
3118,2018,2,日月潭,14.8,25.5/17,4.5/13,150.0,6.1/170.0/9,13.4/320.0/8,76,33/14,903.9,12,133.8
3119,2018,2,嘉義,17.4,27.8/8,4.7/13,76.5,8.4/10.0/9,15.7/10.0/9,83,39/14,1013.7,11,121.2
3120,2018,2,阿里山,8.4,16.7/17,-2.3/13,301.4,4.3/280.0/8,16.3/280.0/8,80,24/14,764.6,16,111.2
3121,2018,2,玉山,0.5,12.8/2,-13.5/12,301.9,14.9/310.0/13,31.7/280.0/9,65,7/24,642.0,13,161.2
3122,2018,2,臺南,18.1,28.2/8,7.6/13,40.0,9.3/350.0/29,19.4/340.0/9,75,41/14,1014.3,10,136.8
3123,2018,2,高雄,20.4,29.3/28,10.4/13,23.5,9.1/360.0/9,16.6/360.0/9,72,44/14,1016.3,7,149.0
3124,2018,2,恆春,21.4,28.3/28,14.8/13,34.5,13.5/40.0/26,27.9/40.0/26,67,43/13,1013.6,6,152.4
3125,2018,2,宜蘭,16.7,25.3/4,7.5/13,388.8,8.3/50.0/26,13.6/60.0/26,81,42/10,1018.9,25,50.6
3126,2018,2,蘇澳,16.6,23.6/16,8.4/13,681.5,9.4/70.0/7,20.6/70.0/8,82,47/10,1016.8,24,38.4
3127,2018,2,花蓮,18.2,24.9/18,10.4/13,96.0,10.5/50.0/28,17.6/40.0/28,76,42/15,1016.8,16,53.0
3128,2018,2,成功,18.6,25.7/19,10.8/14,102.9,10.9/20.0/26,18.2/30.0/26,77,43/15,1013.8,18,57.5
3129,2018,2,臺東,19.1,25.4/19,10.9/13,53.9,6.3/40.0/26,15.7/30.0/26,76,38/15,1017.1,12,78.8
3130,2018,2,大武,20.0,31.2/8,12.9/14,50.6,7.7/20.0/28,17.4/20.0/26,73,46/15,1016.6,12,78.0
3131,2018,2,蘭嶼,18.2,23.0/22,11.9/12,331.5,21.6/30.0/24,32.8/30.0/24,89,50/13,979.3,25,43.3
3132,2018,2,馬祖,10.7,21.8/16,4.3/30,103.5,7.9/60.0/29,18.8/20.0/26,80,43/10,1011.4,11,69.3
3133,2018,2,金門,14.2,25.5/3,6.5/13,149.3,9.3/70.0/12,19.7/50.0/26,72,27/11,1017.6,10,130.9
3134,2018,2,澎湖,17.6,24.2/22,12.3/31,58.3,10.5/20.0/29,23.6/20.0/26,77,47/10,1016.5,11,93.4
3135,2018,2,東吉島,18.6,26.0/8,13.6/12,70.6,19.1/20.0/29,25.7/30.0/29,77,54/10,1012.4,11,107.4
3136,2018,3,彭佳嶼,15.2,24.2/15,7.0/5,87.1,15.0/150.0/9,22.3/360.0/1,76,47/12,1008.9,16,52.9
3137,2018,3,基隆,15.0,27.6/18,8.1/5,360.5,10.6/10.0/2,16.5/10.0/2,78,44/6,1017.5,19,44.8
3138,2018,3,臺北,15.6,29.5/15,7.6/5,163.6,8.3/40.0/17,15.7/40.0/17,79,33/15,1017.0,15,54.5
3139,2018,3,鞍部,9.8,23.4/15,0.2/5,347.7,8.8/30.0/28,20.4/160.0/17,91,47/15,925.2,18,53.4
3140,2018,3,竹子湖,11.3,25.0/15,2.4/5,396.5,8.3/360.0/22,18.8/330.0/28,86,43/15,949.8,18,68.9
3141,2018,3,淡水,14.7,27.8/15,6.9/5,139.5,5.7/160.0/13,15.2/130.0/13,79,43/15,1018.6,15,58.5
3142,2018,3,(原板橋),15.1,29.8/15,7.1/5,191.8,7.4/70.0/17,14.9/80.0/17,80,43/15,1019.4,15,42.9
3143,2018,3,新屋,14.2,26.3/15,6.4/5,106.6,13.3/40.0/17,21.3/40.0/17,80,49/13,1017.6,13,72.4
3144,2018,3,新竹,14.6,27.7/19,6.3/5,83.5,5.7/20.0/17,15.5/360.0/17,79,39/14,1016.6,15,73.0
3145,2018,3,臺中,16.5,30.5/19,7.9/5,25.5,6.0/20.0/2,12.1/20.0/2,79,37/15,1008.5,8,117.3
3146,2018,3,梧棲,15.0,28.6/19,7.7/5,17.0,14.3/350.0/11,25.1/360.0/11,78,44/19,1016.0,5,100.7
3147,2018,3,日月潭,14.0,27.2/20,3.4/5,72.0,5.6/170.0/22,9.4/160.0/22,81,36/20,904.7,11,99.0
3148,2018,3,嘉義,16.8,31.8/15,6.7/6,23.7,6.4/10.0/2,11.2/20.0/2,81,36/15,1015.0,8,107.3
3149,2018,3,阿里山,7.8,16.7/15,-0.3/6,131.3,5.2/170.0/15,12.8/290.0/28,82,18/14,764.8,13,98.6
3150,2018,3,玉山,-0.3,12.5/15,-11.8/6,19.2,18.4/300.0/2,27.3/260.0/28,66,9/19,642.0,6,162.6
3151,2018,3,臺南,17.5,30.6/15,8.3/6,11.5,9.3/360.0/2,15.7/350.0/2,76,39/15,1015.5,7,125.4
3152,2018,3,高雄,19.8,31.2/15,10.2/6,4.5,8.9/350.0/2,13.6/360.0/2,67,46/14,1017.5,2,136.8
3153,2018,3,恆春,21.2,29.9/16,14.4/7,35.5,12.0/30.0/8,23.1/40.0/8,66,47/27,1014.8,4,129.4
3154,2018,3,宜蘭,16.2,27.6/16,8.4/5,92.1,7.8/20.0/16,11.0/30.0/16,79,49/15,1019.8,18,58.5
3155,2018,3,蘇澳,15.8,25.7/15,8.5/5,209.5,8.1/140.0/15,17.0/360.0/1,82,49/14,1017.7,16,64.7
3156,2018,3,花蓮,17.6,26.6/28,10.6/6,61.0,10.1/50.0/2,17.5/50.0/1,77,47/14,1017.6,14,64.0
3157,2018,3,成功,18.2,26.5/19,11.7/7,33.2,8.6/360.0/1,15.9/340.0/3,76,58/27,1014.6,13,32.2
3158,2018,3,臺東,18.9,27.8/28,11.5/7,14.1,6.2/40.0/1,14.1/30.0/1,74,50/4,1018.0,9,61.1
3159,2018,3,大武,19.8,30.2/28,13.5/7,12.9,7.9/20.0/17,15.5/10.0/17,71,54/13,1017.5,8,73.4
3160,2018,3,蘭嶼,18.0,26.5/15,11.4/6,157.8,26.1/30.0/6,37.3/20.0/6,90,70/13,980.2,26,18.7
3161,2018,3,馬祖,9.7,20.8/28,3.3/4,16.0,7.8/60.0/1,15.4/20.0/21,77,43/6,1012.2,7,92.7
3162,2018,3,金門,12.6,22.9/19,4.5/6,20.6,7.6/60.0/17,18.2/70.0/11,71,25/6,1018.2,7,121.8
3163,2018,3,澎湖,16.4,27.2/15,9.9/5,10.9,9.5/10.0/3,20.2/20.0/2,77,46/14,1017.8,6,83.5
3164,2018,3,東吉島,17.5,27.9/15,10.8/5,13.0,19.2/20.0/11,26.4/360.0/1,78,51/13,1013.7,7,92.5
3165,2018,4,彭佳嶼,19.2,25.8/19,10.3/9,68.8,18.4/160.0/4,25.2/340.0/20,74,46/11,1005.6,14,163.1
3166,2018,4,基隆,19.4,29.1/5,11.0/23,69.4,9.8/10.0/8,17.4/360.0/20,73,32/23,1013.9,15,148.8
3167,2018,4,臺北,20.6,30.7/29,11.0/10,37.3,7.0/70.0/1,13.9/40.0/30,69,26/23,1013.2,10,161.1
3168,2018,4,鞍部,13.9,26.2/18,4.0/9,104.0,12.0/360.0/21,21.1/160.0/20,86,41/23,923.1,14,124.4
3169,2018,4,竹子湖,15.6,25.4/19,6.1/9,62.1,9.6/360.0/5,19.2/20.0/5,80,29/12,947.4,13,161.0
3170,2018,4,淡水,19.8,31.5/29,9.3/10,28.0,6.7/20.0/5,17.9/290.0/20,70,25/23,1014.9,5,166.3
3171,2018,4,(原板橋),19.9,30.2/29,9.3/23,34.5,6.6/60.0/10,13.2/70.0/17,74,31/13,1015.6,8,140.4
3172,2018,4,新屋,19.0,28.2/31,10.9/23,47.6,12.4/40.0/5,20.0/30.0/9,76,31/24,1013.9,10,167.2
3173,2018,4,新竹,19.3,30.0/31,10.5/11,53.5,6.3/20.0/9,15.1/70.0/30,73,26/24,1013.1,4,181.6
3174,2018,4,臺中,20.8,31.9/5,10.9/10,35.5,5.7/10.0/8,11.1/360.0/7,73,21/23,1005.7,3,213.0
3175,2018,4,梧棲,19.9,28.8/5,10.8/8,41.0,13.6/350.0/9,24.5/360.0/9,74,36/23,1013.0,3,198.0
3176,2018,4,日月潭,16.8,28.2/3,6.5/10,45.0,4.6/140.0/20,13.4/330.0/5,73,30/23,903.4,7,195.1
3177,2018,4,嘉義,21.0,32.4/5,10.4/10,31.5,7.5/10.0/21,12.7/20.0/21,77,26/23,1012.1,3,221.9
3178,2018,4,阿里山,8.9,18.6/4,-0.6/10,101.4,5.3/150.0/4,11.3/150.0/4,71,17/24,764.7,9,177.6
3179,2018,4,玉山,1.4,16.6/31,-10.3/10,16.0,15.6/210.0/15,27.1/270.0/20,60,7/24,642.3,5,204.4
3180,2018,4,臺南,22.3,31.2/5,11.4/9,19.0,10.1/350.0/8,17.5/350.0/8,70,29/23,1012.8,4,249.7
3181,2018,4,高雄,23.5,31.0/5,12.8/9,57.0,8.4/350.0/21,14.9/360.0/21,65,36/24,1015.0,5,255.7
3182,2018,4,恆春,23.9,32.3/4,16.7/9,14.6,10.7/30.0/6,22.2/30.0/9,64,36/11,1012.7,4,236.0
3183,2018,4,宜蘭,20.5,29.6/5,11.7/23,40.2,9.5/40.0/5,16.6/60.0/5,72,42/11,1016.2,15,148.8
3184,2018,4,蘇澳,20.1,28.3/5,11.2/10,119.2,10.3/60.0/5,21.4/70.0/5,75,43/11,1014.2,13,125.5
3185,2018,4,花蓮,21.0,29.0/5,11.8/10,67.5,11.2/50.0/5,19.0/50.0/5,75,39/31,1014.5,13,110.6
3186,2018,4,成功,21.0,28.6/20,12.3/10,128.4,10.4/10.0/5,20.1/10.0/5,76,45/11,1011.8,20,99.4
3187,2018,4,臺東,22.1,32.7/20,13.4/10,38.4,6.8/40.0/5,19.2/30.0/5,72,38/20,1015.1,10,147.1
3188,2018,4,大武,22.7,36.6/5,13.1/10,70.1,9.1/20.0/5,18.9/30.0/5,69,36/3,1014.9,13,149.2
3189,2018,4,蘭嶼,20.5,27.6/4,13.7/9,80.3,18.3/30.0/6,30.7/30.0/6,79,51/25,978.6,14,149.9
3190,2018,4,馬祖,14.0,25.7/5,7.0/10,69.3,8.7/200.0/4,16.3/60.0/5,83,52/21,1008.0,7,150.5
3191,2018,4,金門,16.9,28.4/30,8.1/10,35.4,11.9/70.0/5,23.2/60.0/5,75,37/10,1013.9,5,199.1
3192,2018,4,澎湖,21.1,30.1/5,14.5/9,45.2,10.0/20.0/9,21.1/350.0/9,75,47/23,1014.6,3,207.7
3193,2018,4,東吉島,21.8,29.5/5,15.6/9,29.2,20.3/30.0/8,26.4/20.0/8,75,46/23,1011.0,4,214.0
3194,2018,5,彭佳嶼,21.2,28.9/30,12.5/6,89.8,15.2/40.0/14,24.0/360.0/6,77,41/7,1003.6,8,171.6
3195,2018,5,基隆,22.6,31.3/23,13.1/8,108.7,9.7/360.0/6,19.2/20.0/6,74,36/1,1011.7,9,144.5
3196,2018,5,臺北,23.5,34.3/23,13.6/7,59.6,7.6/50.0/16,15.0/50.0/16,66,34/10,1011.0,9,115.8
3197,2018,5,鞍部,16.8,27.1/13,6.1/7,129.8,8.2/80.0/16,17.7/350.0/6,87,43/25,922.1,10,106.7
3198,2018,5,竹子湖,18.4,29.2/23,7.4/7,97.5,8.9/30.0/6,17.9/20.0/6,80,40/25,946.0,10,125.0
3199,2018,5,淡水,23.3,33.3/23,13.3/18,72.5,6.6/20.0/6,18.1/40.0/6,70,37/1,1012.7,8,149.1
3200,2018,5,(原板橋),23.0,33.6/23,13.2/7,74.0,5.9/60.0/16,13.5/70.0/16,71,43/10,1013.3,8,118.0
3201,2018,5,新屋,22.6,30.6/23,13.0/7,75.2,11.2/30.0/6,19.8/40.0/6,76,46/8,1011.7,9,160.1
3202,2018,5,新竹,23.0,31.6/22,13.1/7,61.7,5.8/10.0/6,14.5/30.0/6,72,33/10,1010.9,7,140.2
3203,2018,5,臺中,24.3,33.4/23,14.7/8,30.5,5.8/20.0/6,11.9/190.0/23,71,36/10,1003.8,4,155.7
3204,2018,5,梧棲,23.6,30.3/14,14.3/8,14.5,14.1/350.0/6,27.5/30.0/6,71,33/8,1011.1,3,184.7
3205,2018,5,日月潭,18.8,30.0/23,9.6/7,108.0,5.0/30.0/12,10.9/200.0/23,79,40/9,902.8,8,102.0
3206,2018,5,嘉義,24.6,34.2/23,13.4/8,7.8,7.2/10.0/6,11.9/340.0/6,75,40/10,1010.3,3,181.0
3207,2018,5,阿里山,12.0,19.3/23,1.5/8,112.4,5.7/150.0/23,13.2/270.0/12,77,13/10,765.4,12,124.9
3208,2018,5,玉山,4.8,17.1/5,-5.6/8,96.0,17.1/220.0/23,25.2/210.0/23,76,10/8,644.0,10,195.5
3209,2018,5,臺南,25.6,32.5/23,16.2/8,0.5,11.1/350.0/6,20.6/350.0/7,68,39/10,1011.0,1,217.5
3210,2018,5,高雄,26.3,33.2/23,17.4/7,9.5,7.2/350.0/6,12.0/150.0/23,67,45/10,1013.2,4,219.9
3211,2018,5,恆春,25.6,32.9/30,18.6/8,8.0,12.6/30.0/7,26.0/20.0/7,68,37/2,1011.1,1,198.1
3212,2018,5,宜蘭,22.6,31.1/23,12.9/8,25.8,9.4/90.0/6,14.1/90.0/6,74,45/7,1014.2,11,107.7
3213,2018,5,蘇澳,22.2,30.4/14,12.9/8,48.5,9.6/50.0/6,19.6/60.0/6,77,46/7,1012.3,11,117.9
3214,2018,5,花蓮,22.8,30.0/30,15.0/9,31.0,11.1/50.0/6,20.5/70.0/6,74,50/7,1012.8,11,117.2
3215,2018,5,成功,22.8,30.7/24,15.5/7,103.5,9.9/20.0/15,18.1/20.0/24,79,56/9,1010.2,12,77.8
3216,2018,5,臺東,23.9,31.3/23,16.5/8,74.0,6.6/30.0/6,15.4/20.0/6,75,49/9,1013.5,14,112.5
3217,2018,5,大武,24.4,36.8/12,16.7/9,39.5,9.2/20.0/6,18.4/20.0/6,71,41/12,1013.2,13,129.3
3218,2018,5,蘭嶼,22.1,27.8/23,15.3/7,176.2,20.5/30.0/7,35.5/40.0/7,83,56/9,977.4,13,128.6
3219,2018,5,馬祖,18.9,28.9/11,10.7/6,46.4,9.5/200.0/23,17.1/210.0/23,81,53/10,1005.0,8,148.5
3220,2018,5,金門,21.1,31.7/30,11.0/8,19.8,10.0/70.0/6,20.1/40.0/6,76,34/8,1011.2,6,175.7
3221,2018,5,澎湖,24.4,32.0/23,17.5/9,14.2,10.8/20.0/6,22.2/360.0/6,76,44/9,1012.6,6,217.2
3222,2018,5,東吉島,24.5,31.2/12,18.9/7,15.3,20.6/20.0/7,28.4/360.0/6,78,43/9,1009.3,3,220.9
3223,2018,6,彭佳嶼,25.3,32.6/31,17.8/3,6.5,16.9/280.0/8,21.8/270.0/8,82,49/4,1000.0,2,240.5
3224,2018,6,基隆,26.7,35.0/27,19.8/3,52.0,7.9/220.0/8,13.8/240.0/8,70,44/27,1008.1,7,207.7
3225,2018,6,臺北,28.2,38.2/27,20.0/3,42.0,7.5/80.0/23,14.4/80.0/23,64,36/27,1007.4,4,137.3
3226,2018,6,鞍部,21.3,29.9/27,12.4/3,37.0,8.2/10.0/8,15.6/20.0/8,87,52/26,920.2,5,146.0
3227,2018,6,竹子湖,22.9,32.0/27,15.2/10,29.1,7.6/30.0/3,16.4/10.0/3,80,49/27,943.6,5,179.7
3228,2018,6,淡水,27.4,34.2/7,18.4/10,60.5,5.1/150.0/4,12.9/150.0/4,74,46/10,1009.3,2,215.5
3229,2018,6,(原板橋),27.8,37.2/27,20.4/3,35.0,7.4/50.0/10,13.6/50.0/10,70,47/27,1009.7,3,186.8
3230,2018,6,新屋,26.7,33.1/30,20.4/10,24.2,14.1/270.0/8,21.4/260.0/8,79,52/4,1008.3,1,241.7
3231,2018,6,新竹,27.4,34.7/27,20.3/10,59.0,6.0/280.0/7,16.5/280.0/26,74,43/5,1007.7,3,228.4
3232,2018,6,臺中,28.3,36.3/28,20.3/10,73.0,4.4/170.0/27,9.8/340.0/3,74,49/28,1001.0,3,218.8
3233,2018,6,梧棲,27.3,33.4/27,19.9/10,67.0,13.2/350.0/3,20.5/360.0/3,75,52/5,1008.2,2,262.0
3234,2018,6,日月潭,22.3,32.7/28,17.3/9,95.0,5.2/280.0/29,11.8/320.0/8,79,51/28,901.7,6,155.7
3235,2018,6,嘉義,28.5,35.5/29,21.3/10,46.5,8.3/240.0/6,14.0/260.0/6,76,49/6,1007.6,3,247.5
3236,2018,6,阿里山,14.1,20.8/26,8.5/11,116.1,4.6/280.0/8,12.6/310.0/8,86,30/2,766.0,12,171.2
3237,2018,6,玉山,8.0,20.4/16,2.5/9,152.0,11.6/270.0/7,22.0/270.0/8,75,19/19,645.5,5,219.0
3238,2018,6,臺南,28.9,34.2/28,22.3/9,83.9,8.2/180.0/6,12.2/180.0/6,71,46/22,1008.4,3,277.7
3239,2018,6,高雄,29.1,33.7/29,23.2/9,58.7,6.3/310.0/26,10.4/320.0/26,72,59/23,1010.7,4,289.3
3240,2018,6,恆春,28.6,35.0/31,23.5/13,4.0,10.4/40.0/3,21.2/40.0/3,73,52/24,1008.5,3,275.7
3241,2018,6,宜蘭,27.0,34.9/30,20.0/3,33.1,7.9/110.0/23,14.3/10.0/8,76,53/11,1010.4,8,191.3
3242,2018,6,蘇澳,26.7,33.6/30,19.4/3,33.0,8.2/50.0/8,16.0/350.0/3,78,55/11,1008.5,4,198.4
3243,2018,6,花蓮,27.0,34.3/29,19.9/4,25.7,8.6/50.0/3,15.0/30.0/3,75,55/10,1009.1,10,221.1
3244,2018,6,成功,26.3,32.2/26,20.7/4,68.9,9.3/30.0/3,16.6/30.0/3,85,64/26,1006.7,14,212.1
3245,2018,6,臺東,27.7,33.3/7,21.1/9,22.8,5.7/190.0/7,16.0/50.0/3,78,56/7,1010.1,5,214.4
3246,2018,6,大武,27.8,37.9/17,20.6/5,38.1,8.4/20.0/3,15.3/30.0/3,71,39/7,1009.9,4,245.7
3247,2018,6,蘭嶼,25.4,31.1/27,20.3/11,40.2,22.6/260.0/26,31.4/260.0/26,83,51/26,975.0,7,210.6
3248,2018,6,馬祖,24.0,31.3/30,14.1/3,70.3,11.4/210.0/6,20.2/190.0/16,81,58/24,1000.6,10,179.4
3249,2018,6,金門,25.7,33.7/28,19.0/11,227.8,10.7/260.0/7,19.4/150.0/7,82,33/4,1007.4,5,211.3
3250,2018,6,澎湖,27.5,34.6/31,22.9/8,39.5,8.9/40.0/3,18.1/30.0/3,82,60/25,1009.9,2,314.8
3251,2018,6,東吉島,27.5,34.8/31,22.8/8,15.8,13.7/30.0/10,18.9/10.0/3,81,63/12,1006.6,2,311.3
3252,2018,7,彭佳嶼,26.1,31.7/24,20.1/1,69.3,15.7/270.0/19,21.7/70.0/14,86,62/12,995.2,7,171.4
3253,2018,7,基隆,27.2,35.5/28,21.9/12,244.5,9.4/360.0/15,16.5/360.0/15,79,48/28,1003.2,16,124.3
3254,2018,7,臺北,28.5,37.8/28,22.2/1,119.8,7.6/80.0/1,14.3/80.0/1,69,36/12,1002.5,13,105.7
3255,2018,7,鞍部,21.9,28.3/26,15.3/1,152.2,9.7/360.0/11,20.1/350.0/15,89,35/11,916.1,15,94.0
3256,2018,7,竹子湖,23.6,30.8/30,17.4/1,151.0,7.8/30.0/14,16.9/20.0/14,83,47/12,939.2,14,124.4
3257,2018,7,淡水,28.0,36.5/7,21.0/12,42.0,5.4/20.0/11,15.3/120.0/13,75,29/12,1004.3,6,166.5
3258,2018,7,(原板橋),28.3,36.1/28,21.9/12,46.1,7.1/220.0/23,14.4/210.0/19,75,43/12,1004.8,11,142.0
3259,2018,7,新屋,27.4,32.9/30,20.9/1,63.7,13.0/230.0/19,21.7/220.0/19,80,44/12,1003.3,10,175.2
3260,2018,7,新竹,28.5,36.0/8,22.1/1,71.2,6.5/280.0/21,15.2/280.0/23,73,33/12,1002.6,9,184.6
3261,2018,7,臺中,28.7,35.8/6,24.0/20,234.0,6.4/20.0/15,13.4/40.0/15,76,45/16,996.0,10,158.9
3262,2018,7,梧棲,28.1,33.2/13,22.5/2,69.5,16.0/360.0/15,25.9/350.0/15,76,46/12,1003.0,9,198.5
3263,2018,7,日月潭,22.6,31.9/5,18.7/27,427.0,5.2/290.0/27,11.5/210.0/19,80,51/9,897.4,16,106.2
3264,2018,7,嘉義,28.5,36.7/6,23.1/28,428.2,7.0/250.0/23,12.6/250.0/19,79,45/6,1002.6,18,176.0
3265,2018,7,阿里山,14.4,22.0/3,8.2/26,812.3,4.5/150.0/13,12.1/150.0/18,96,55/26,762.5,30,87.4
3266,2018,7,玉山,8.3,17.7/9,2.8/11,429.0,18.9/200.0/18,26.0/190.0/18,91,21/9,642.7,23,128.8
3267,2018,7,臺南,29.0,35.2/5,23.9/20,555.5,9.4/180.0/18,18.3/190.0/18,75,47/13,1003.3,15,195.8
3268,2018,7,高雄,29.1,34.2/8,24.5/20,835.0,10.9/180.0/14,18.8/180.0/14,75,57/13,1005.5,14,200.8
3269,2018,7,恆春,28.8,35.7/6,24.0/16,488.0,8.8/30.0/13,17.5/30.0/13,80,36/12,1003.6,12,203.6
3270,2018,7,宜蘭,27.8,34.2/9,21.8/12,245.3,7.7/110.0/14,12.7/90.0/14,79,46/12,1005.5,16,143.8
3271,2018,7,蘇澳,27.3,34.1/7,22.2/12,328.0,8.8/60.0/14,16.9/50.0/14,81,47/12,1003.6,15,155.8
3272,2018,7,花蓮,27.8,34.1/21,23.2/1,122.5,11.9/200.0/18,17.6/200.0/18,78,51/12,1004.0,16,161.1
3273,2018,7,成功,27.1,32.8/8,22.9/16,216.1,7.9/190.0/23,16.1/190.0/19,84,40/12,1001.5,16,167.1
3274,2018,7,臺東,28.3,34.3/9,23.7/16,206.2,6.4/190.0/22,14.3/200.0/22,81,41/12,1004.9,12,189.8
3275,2018,7,大武,28.2,36.7/28,23.0/16,490.5,7.3/30.0/16,12.6/30.0/16,77,46/28,1004.9,11,194.6
3276,2018,7,蘭嶼,26.0,30.6/9,21.0/12,416.0,24.3/230.0/15,36.7/220.0/14,86,56/12,970.0,21,120.3
3277,2018,7,馬祖,25.2,32.8/27,18.3/1,84.9,10.4/210.0/19,18.9/230.0/19,84,53/2,996.3,13,143.3
3278,2018,7,金門,27.1,34.1/15,21.7/2,109.5,12.5/230.0/19,22.3/230.0/18,81,41/16,1002.8,10,164.6
3279,2018,7,澎湖,28.1,34.4/5,24.6/19,116.4,8.7/190.0/18,17.9/140.0/18,83,57/12,1004.7,9,189.7
3280,2018,7,東吉島,28.1,33.4/6,24.6/19,343.0,17.0/30.0/15,23.4/220.0/19,82,65/16,1001.4,12,207.0
3281,2018,8,彭佳嶼,27.9,33.4/6,22.9/11,204.0,35.4/150.0/11,52.0/150.0/11,85,64/6,993.5,6,269.9
3282,2018,8,基隆,29.6,36.3/30,24.4/11,135.8,11.8/320.0/11,22.8/180.0/11,72,43/4,1001.4,8,227.4
3283,2018,8,臺北,30.3,38.5/6,24.9/11,190.3,8.9/310.0/10,20.9/310.0/10,65,39/6,1000.8,8,186.1
3284,2018,8,鞍部,23.1,29.4/26,19.3/12,312.0,17.9/340.0/11,35.1/340.0/11,87,58/5,914.9,9,139.6
3285,2018,8,竹子湖,24.8,31.1/6,20.9/22,350.4,5.9/200.0/11,20.6/350.0/11,82,50/31,938.1,9,169.7
3286,2018,8,淡水,28.0,35.9/9,22.7/10,167.5,7.9/280.0/11,23.0/250.0/11,80,49/2,1002.6,6,229.2
3287,2018,8,(原板橋),30.0,37.2/6,24.3/8,209.7,9.2/210.0/4,19.5/190.0/3,71,48/6,1003.2,8,227.8
3288,2018,8,新屋,29.3,36.5/18,24.9/12,57.3,15.4/230.0/11,24.4/230.0/11,77,51/9,1001.6,9,257.2
3289,2018,8,新竹,29.9,36.8/19,24.8/1,67.2,7.1/280.0/6,17.3/280.0/6,70,50/19,1001.1,7,229.7
3290,2018,8,臺中,28.6,35.4/17,23.7/1,347.0,6.0/170.0/7,11.5/30.0/10,82,56/30,995.0,15,146.1
3291,2018,8,梧棲,29.1,34.8/18,23.9/2,205.5,13.6/330.0/11,21.3/340.0/10,76,55/29,1001.9,10,214.2
3292,2018,8,日月潭,22.7,33.5/17,18.7/7,316.0,6.2/150.0/2,12.3/310.0/11,80,44/17,896.7,17,114.7
3293,2018,8,嘉義,29.0,36.5/18,23.7/8,377.9,7.4/130.0/8,13.8/150.0/8,79,50/30,1001.6,22,173.3
3294,2018,8,阿里山,14.2,22.9/20,8.9/14,625.9,4.5/360.0/10,11.4/340.0/11,93,47/16,761.9,25,82.8
3295,2018,8,玉山,7.6,18.9/18,2.1/28,342.5,18.6/90.0/17,27.6/90.0/17,90,22/28,642.1,22,145.4
3296,2018,8,臺南,29.2,35.2/17,23.7/14,406.0,7.8/170.0/11,14.2/230.0/1,75,52/18,1002.5,18,200.1
3297,2018,8,高雄,29.2,33.9/18,24.3/3,410.0,6.9/350.0/2,11.5/360.0/10,76,60/16,1004.6,14,208.6
3298,2018,8,恆春,28.7,33.2/31,24.7/7,249.5,11.3/30.0/17,22.9/30.0/17,81,51/28,1002.5,22,187.5
3299,2018,8,宜蘭,29.2,36.3/21,24.9/11,91.6,8.6/330.0/10,16.5/290.0/10,75,49/21,1004.0,9,212.3
3300,2018,8,蘇澳,28.7,33.9/31,25.1/10,99.0,9.6/160.0/11,21.6/290.0/10,76,52/31,1002.1,9,220.5
3301,2018,8,花蓮,28.8,36.3/10,24.7/10,36.5,11.3/180.0/11,16.1/170.0/11,73,45/10,1002.9,9,225.3
3302,2018,8,成功,27.6,34.1/4,23.3/10,136.1,9.0/30.0/16,13.8/40.0/16,78,52/10,1000.4,11,232.9
3303,2018,8,臺東,28.8,34.2/4,23.9/13,111.1,6.5/190.0/11,13.6/180.0/11,78,44/10,1003.7,10,219.4
3304,2018,8,大武,28.7,35.0/11,23.6/20,272.4,8.5/30.0/17,16.5/30.0/17,73,48/11,1003.7,16,213.4
3305,2018,8,蘭嶼,26.3,30.8/1,21.6/14,135.5,22.3/260.0/4,33.6/260.0/2,82,55/26,968.9,17,161.9
3306,2018,8,馬祖,27.9,35.0/29,23.3/11,120.5,20.6/190.0/11,36.2/350.0/11,85,61/31,994.5,5,242.8
3307,2018,8,金門,29.3,35.5/27,25.0/21,3.5,9.2/240.0/11,16.2/30.0/17,78,48/10,1001.4,2,256.2
3308,2018,8,澎湖,29.2,34.3/25,25.5/2,23.2,7.4/260.0/2,13.8/20.0/10,85,63/9,1003.6,6,249.9
3309,2018,8,東吉島,29.2,34.5/26,22.8/6,153.5,14.8/220.0/6,20.7/220.0/2,83,70/28,1000.5,5,249.5
3310,2018,9,彭佳嶼,28.4,33.1/11,23.1/1,211.5,20.0/160.0/27,32.1/280.0/1,80,48/7,991.6,14,211.5
3311,2018,9,基隆,28.9,36.5/1,24.7/31,92.0,7.2/340.0/12,14.5/320.0/12,74,44/1,999.6,17,192.2
3312,2018,9,臺北,29.5,37.2/2,24.3/31,186.8,8.0/90.0/3,13.8/60.0/3,70,42/2,999.2,19,128.0
3313,2018,9,鞍部,22.7,28.3/17,18.7/31,288.2,9.5/340.0/12,17.2/340.0/12,91,57/10,913.4,19,97.0
3314,2018,9,竹子湖,24.3,31.0/3,20.1/31,300.9,5.2/30.0/22,10.9/20.0/15,86,59/10,936.5,19,133.5
3315,2018,9,淡水,29.0,36.6/7,24.2/31,165.0,4.3/130.0/17,11.6/280.0/2,77,38/7,1000.8,12,165.8
3316,2018,9,(原板橋),29.0,36.6/2,23.9/30,188.4,5.8/70.0/23,14.4/90.0/23,75,51/17,1001.6,17,156.8
3317,2018,9,新屋,28.7,34.5/5,24.4/30,207.4,11.7/240.0/2,18.0/240.0/2,81,58/9,1000.2,18,190.9
3318,2018,9,新竹,29.0,35.8/5,24.1/30,264.4,5.3/280.0/17,13.3/290.0/17,73,48/7,999.7,13,175.5
3319,2018,9,臺中,27.9,35.1/1,23.6/31,408.5,5.3/180.0/28,11.0/150.0/24,83,55/11,993.3,20,112.0
3320,2018,9,梧棲,28.3,33.2/5,23.0/23,533.0,9.7/340.0/23,17.5/170.0/28,79,62/10,1000.2,20,163.6
3321,2018,9,日月潭,22.2,30.9/4,18.8/29,556.5,6.3/160.0/16,10.9/150.0/16,89,59/1,895.0,23,91.3
3322,2018,9,嘉義,28.3,35.3/5,22.8/23,858.5,8.5/220.0/24,18.8/130.0/23,78,49/11,1000.0,24,144.1
3323,2018,9,阿里山,14.1,20.2/23,10.1/8,894.2,4.9/270.0/24,14.1/310.0/24,90,50/8,760.4,29,68.2
3324,2018,9,玉山,7.2,17.9/7,3.0/7,614.0,16.5/210.0/24,27.7/220.0/24,93,30/8,640.9,24,94.0
3325,2018,9,臺南,27.8,34.4/12,22.5/23,1301.0,12.2/230.0/23,21.5/250.0/23,81,51/12,1001.0,26,119.1
3326,2018,9,高雄,28.0,34.1/16,23.0/23,1600.5,8.9/230.0/23,19.3/200.0/23,79,58/12,1003.2,26,127.7
3327,2018,9,恆春,27.8,34.3/8,23.4/26,1400.5,8.5/250.0/23,21.2/260.0/23,88,45/8,1001.1,23,118.4
3328,2018,9,宜蘭,29.1,37.6/11,24.4/31,145.1,7.6/110.0/18,13.4/130.0/13,76,47/12,1002.1,11,187.0
3329,2018,9,蘇澳,28.4,33.9/12,23.2/30,117.5,10.4/170.0/27,19.4/170.0/27,77,50/12,1000.0,13,187.7
3330,2018,9,花蓮,28.5,35.1/4,24.1/30,317.0,11.7/200.0/27,17.3/200.0/27,79,55/8,1001.0,16,189.7
3331,2018,9,成功,27.3,34.4/13,23.1/30,507.7,11.4/170.0/28,18.7/180.0/27,82,57/2,998.7,15,165.7
3332,2018,9,臺東,28.5,34.0/12,23.0/30,493.1,4.3/190.0/23,12.1/230.0/28,81,54/8,1002.0,11,170.7
3333,2018,9,大武,27.5,36.4/3,22.5/23,679.9,5.8/190.0/23,13.2/180.0/23,79,45/3,1002.0,20,156.8
3334,2018,9,蘭嶼,25.8,30.8/11,21.8/28,490.0,22.1/240.0/23,35.5/250.0/23,87,65/7,967.6,19,117.9
3335,2018,9,馬祖,28.1,36.0/12,24.4/31,129.1,9.2/90.0/24,19.0/90.0/24,84,52/13,993.1,13,233.6
3336,2018,9,金門,28.8,36.9/23,24.1/29,183.0,12.8/270.0/2,19.5/280.0/2,80,45/10,999.8,12,182.3
3337,2018,9,澎湖,28.4,34.6/2,24.2/30,611.2,12.6/300.0/23,19.2/200.0/29,86,62/11,1001.9,21,180.9
3338,2018,9,東吉島,28.5,33.9/11,23.5/28,898.5,18.5/220.0/28,25.3/200.0/28,82,68/10,998.6,16,175.3
3339,2018,10,彭佳嶼,27.2,32.6/4,23.5/10,212.8,22.0/340.0/29,30.7/340.0/29,79,52/30,998.4,8,223.3
3340,2018,10,基隆,27.9,36.3/4,21.6/30,558.4,12.3/10.0/28,22.1/100.0/15,72,45/4,1006.2,14,163.7
3341,2018,10,臺北,28.2,37.8/17,20.4/30,321.9,8.5/80.0/15,19.7/80.0/15,70,41/17,1005.8,18,148.1
3342,2018,10,鞍部,21.6,29.8/17,15.7/30,1076.5,11.9/350.0/29,28.2/180.0/16,90,62/4,918.9,16,101.9
3343,2018,10,竹子湖,23.2,31.2/17,16.8/30,885.5,8.4/20.0/10,16.1/20.0/10,85,59/2,942.2,14,134.3
3344,2018,10,淡水,27.0,34.7/18,19.6/30,391.0,6.5/20.0/9,18.5/140.0/16,81,49/30,1007.4,11,174.4
3345,2018,10,(原板橋),27.8,36.8/17,19.7/30,158.6,6.4/60.0/14,22.3/70.0/15,72,50/17,1008.1,16,134.9
3346,2018,10,新屋,27.4,34.4/16,20.3/30,103.1,12.7/50.0/25,22.9/80.0/16,80,50/30,1006.4,9,182.9
3347,2018,10,新竹,27.7,35.9/17,20.9/29,134.5,7.5/60.0/15,17.9/70.0/15,72,45/30,1005.8,11,188.9
3348,2018,10,臺中,28.3,35.2/17,22.4/30,20.0,6.3/10.0/9,16.5/350.0/28,74,40/29,998.4,7,203.3
3349,2018,10,梧棲,27.8,33.1/4,21.9/30,4.0,14.9/350.0/25,25.1/350.0/27,76,46/29,1005.6,2,218.9
3350,2018,10,日月潭,22.4,31.0/17,17.8/30,128.5,13.1/140.0/16,25.8/140.0/16,83,40/14,899.4,7,135.0
3351,2018,10,嘉義,28.1,34.6/17,20.4/30,118.5,8.3/20.0/29,14.0/10.0/29,78,52/30,1005.0,9,207.1
3352,2018,10,阿里山,14.1,21.5/14,9.5/19,258.9,6.1/130.0/16,18.8/150.0/16,93,39/14,764.0,15,110.7
3353,2018,10,玉山,7.1,18.3/20,1.4/7,227.3,21.1/120.0/16,45.3/110.0/15,83,12/26,643.6,12,166.3
3354,2018,10,臺南,28.9,34.0/14,24.3/30,31.0,11.6/350.0/29,21.0/350.0/29,73,49/30,1005.7,11,208.8
3355,2018,10,高雄,29.1,33.7/17,25.2/29,66.0,9.2/360.0/29,16.1/360.0/29,74,47/30,1007.8,10,214.0
3356,2018,10,恆春,28.1,33.0/1,24.3/11,281.0,13.1/40.0/15,27.4/40.0/15,80,47/27,1005.7,14,195.8
3357,2018,10,宜蘭,27.7,34.5/17,20.8/30,165.0,8.7/130.0/15,18.4/190.0/16,77,45/29,1008.8,13,170.0
3358,2018,10,蘇澳,27.3,32.0/7,22.3/30,432.5,11.8/130.0/15,24.2/70.0/9,77,45/29,1006.5,13,177.7
3359,2018,10,花蓮,27.7,33.3/14,21.3/30,199.0,10.4/70.0/24,20.2/50.0/24,80,58/25,1007.1,11,228.6
3360,2018,10,成功,26.9,33.0/5,22.8/27,479.4,9.9/30.0/25,20.8/210.0/15,79,59/13,1004.6,13,229.4
3361,2018,10,臺東,28.1,33.0/4,23.3/30,254.3,6.8/30.0/15,18.8/40.0/15,79,57/28,1007.9,11,230.2
3362,2018,10,大武,27.5,33.3/5,22.8/30,357.0,12.0/30.0/15,24.1/40.0/15,77,57/5,1007.5,15,207.2
3363,2018,10,蘭嶼,25.6,30.4/5,22.2/30,200.5,26.6/30.0/10,38.1/40.0/10,85,59/4,972.2,13,145.0
3364,2018,10,馬祖,26.4,32.5/20,20.5/9,14.5,10.8/70.0/16,20.0/60.0/16,80,47/29,1000.4,5,209.9
3365,2018,10,金門,27.5,33.5/19,22.6/30,29.9,9.7/50.0/15,24.1/60.0/15,75,34/29,1006.8,4,230.6
3366,2018,10,澎湖,28.1,33.3/17,25.1/30,1.5,9.0/30.0/10,23.6/40.0/15,81,53/30,1007.6,4,205.5
3367,2018,10,東吉島,28.1,32.7/17,24.0/8,30.8,18.8/40.0/10,25.0/160.0/16,80,62/30,1003.7,4,224.0
3368,2018,11,彭佳嶼,23.1,28.5/1,18.3/31,59.3,23.5/330.0/4,31.4/350.0/4,69,39/29,1004.8,14,125.7
3369,2018,11,基隆,23.3,29.3/22,16.0/29,403.5,10.6/10.0/11,21.6/360.0/4,72,40/29,1013.0,19,84.7
3370,2018,11,臺北,23.3,31.2/1,16.1/29,125.1,8.8/90.0/30,16.9/90.0/30,71,30/1,1012.6,19,103.8
3371,2018,11,鞍部,16.7,24.3/26,11.3/28,465.7,13.1/350.0/4,23.8/350.0/4,92,26/28,923.6,24,79.9
3372,2018,11,竹子湖,18.4,25.5/26,11.5/29,453.0,9.0/30.0/31,19.9/20.0/31,85,46/1,947.3,24,120.6
3373,2018,11,淡水,22.1,29.6/25,14.5/29,140.5,5.4/360.0/4,13.5/360.0/4,80,33/1,1014.4,11,44.2
3374,2018,11,(原板橋),23.1,30.7/1,17.1/29,128.7,6.9/60.0/30,14.7/70.0/30,74,37/1,1015.1,15,86.4
3375,2018,11,新屋,23.1,30.7/1,16.4/29,54.8,14.6/50.0/30,24.4/30.0/30,73,33/1,1013.0,14,157.1
3376,2018,11,新竹,23.6,31.1/1,18.4/29,40.8,7.3/40.0/30,20.0/40.0/30,69,30/1,1011.9,7,169.9
3377,2018,11,臺中,24.9,32.6/1,15.6/29,7.5,6.9/10.0/4,15.9/10.0/4,68,30/29,1003.9,2,221.8
3378,2018,11,梧棲,23.5,30.7/1,16.9/29,4.5,14.8/350.0/27,26.0/360.0/27,71,33/29,1011.3,2,240.3
3379,2018,11,日月潭,20.2,28.7/6,13.5/29,18.0,5.0/130.0/17,11.2/170.0/31,77,44/30,903.2,5,165.7
3380,2018,11,嘉義,24.6,32.9/1,14.8/29,8.8,8.7/10.0/4,15.9/10.0/4,75,42/28,1010.6,4,227.1
3381,2018,11,阿里山,11.8,19.4/7,5.9/2,60.9,3.7/70.0/28,10.5/100.0/31,89,30/28,766.0,11,133.9
3382,2018,11,玉山,4.8,18.1/6,-1.2/19,92.5,20.5/130.0/31,27.5/100.0/31,78,8/29,644.5,12,171.0
3383,2018,11,臺南,25.8,31.7/1,18.4/29,0.5,10.3/340.0/4,17.7/340.0/4,70,44/29,1011.1,1,234.9
3384,2018,11,高雄,26.8,31.2/4,21.0/29,1.5,9.3/360.0/5,17.9/350.0/5,70,39/29,1013.3,2,222.8
3385,2018,11,恆春,26.1,31.6/15,20.0/29,8.4,13.8/30.0/31,30.5/30.0/31,71,35/28,1010.9,6,192.6
3386,2018,11,宜蘭,22.8,31.3/5,14.4/29,535.1,7.3/340.0/4,12.9/290.0/4,77,32/1,1015.5,24,75.7
3387,2018,11,蘇澳,22.8,30.1/1,17.0/29,983.5,8.2/310.0/4,20.2/310.0/4,78,30/1,1013.2,20,55.7
3388,2018,11,花蓮,24.2,30.8/5,15.8/29,133.5,9.6/70.0/27,17.3/80.0/11,73,37/1,1013.3,13,117.8
3389,2018,11,成功,24.3,30.3/5,19.5/28,133.7,11.1/30.0/30,20.5/30.0/11,76,42/29,1010.3,18,137.4
3390,2018,11,臺東,25.1,30.9/6,17.8/29,37.0,6.6/40.0/30,16.0/20.0/11,74,43/28,1013.7,10,143.2
3391,2018,11,大武,25.3,31.6/6,18.2/29,111.0,8.6/30.0/30,17.4/60.0/30,70,42/1,1013.2,10,136.4
3392,2018,11,蘭嶼,23.3,28.6/16,20.0/31,170.1,25.9/30.0/31,40.4/40.0/31,87,52/4,977.0,20,115.0
3393,2018,11,馬祖,21.6,30.4/5,16.6/28,31.9,8.3/60.0/3,17.0/30.0/19,71,39/29,1007.5,9,135.8
3394,2018,11,金門,23.4,32.4/6,14.9/29,5.5,8.3/60.0/30,20.3/60.0/30,63,23/29,1013.3,3,196.7
3395,2018,11,澎湖,25.1,30.5/1,21.4/28,2.5,10.9/40.0/31,22.4/30.0/31,73,48/28,1013.4,4,206.1
3396,2018,11,東吉島,25.4,29.5/1,22.5/28,2.2,19.9/40.0/31,26.1/30.0/31,73,45/27,1009.2,2,228.8
3397,2018,12,彭佳嶼,18.7,27.8/4,11.4/29,110.4,17.0/40.0/28,24.6/30.0/28,81,47/18,1009.5,19,96.0
3398,2018,12,基隆,19.1,29.8/4,12.4/18,578.0,11.3/10.0/27,18.9/20.0/27,77,38/20,1017.8,20,83.0
3399,2018,12,臺北,19.5,30.5/2,12.3/18,54.4,7.7/80.0/15,14.9/80.0/29,75,33/3,1017.3,16,91.1
3400,2018,12,鞍部,13.5,24.2/3,5.6/29,620.1,9.1/150.0/15,19.5/130.0/24,92,21/20,926.8,23,71.9
3401,2018,12,竹子湖,15.0,25.0/3,7.0/18,632.1,9.4/30.0/9,18.1/10.0/9,87,36/18,950.9,22,100.1
3402,2018,12,淡水,18.6,28.7/4,10.0/18,265.5,5.5/20.0/11,14.4/30.0/29,85,43/19,1019.1,16,93.5
3403,2018,12,(原板橋),19.1,30.1/4,11.8/19,69.9,6.7/60.0/14,12.9/50.0/28,82,49/19,1019.6,13,59.3
3404,2018,12,新屋,18.5,30.8/4,10.8/19,78.1,14.6/60.0/30,24.3/70.0/30,82,41/18,1017.6,15,97.7
3405,2018,12,新竹,19.1,29.8/4,12.3/19,30.5,7.1/40.0/28,20.2/20.0/28,75,33/18,1016.4,5,128.8
3406,2018,12,臺中,20.8,31.7/6,13.5/18,2.0,5.6/350.0/13,12.0/350.0/29,72,30/20,1008.3,1,191.3
3407,2018,12,梧棲,19.5,29.1/4,13.2/29,8.5,16.0/350.0/28,26.2/350.0/28,77,28/18,1015.8,2,163.8
3408,2018,12,日月潭,17.8,27.7/5,10.2/29,1.0,4.1/360.0/25,6.0/210.0/20,74,37/2,905.9,1,161.2
3409,2018,12,嘉義,20.7,31.6/6,10.8/30,T,5.8/10.0/27,10.6/360.0/27,75,25/20,1014.8,0,189.4
3410,2018,12,阿里山,10.0,18.3/3,1.3/18,2.8,3.8/190.0/22,7.0/60.0/16,84,29/18,767.6,3,138.3
3411,2018,12,玉山,5.1,16.6/22,-3.3/1,8.0,11.9/210.0/24,21.4/270.0/17,65,10/29,645.5,4,265.9
3412,2018,12,臺南,21.6,30.5/4,13.4/30,0.0,8.4/350.0/27,14.5/350.0/27,74,29/20,1015.3,0,214.6
3413,2018,12,高雄,23.4,32.4/4,16.0/29,0.0,6.8/360.0/27,9.9/360.0/27,70,34/20,1017.4,0,200.4
3414,2018,12,恆春,23.6,30.9/4,17.4/20,6.0,13.3/30.0/28,27.1/40.0/29,71,37/1,1014.8,1,184.5
3415,2018,12,宜蘭,19.3,29.0/4,11.8/18,306.7,6.7/110.0/23,11.1/30.0/11,85,45/20,1020.3,17,102.9
3416,2018,12,蘇澳,19.0,28.1/4,11.2/29,1291.0,9.4/100.0/30,19.6/60.0/11,85,49/19,1017.9,19,78.2
3417,2018,12,花蓮,21.0,29.2/4,13.3/19,49.0,10.3/80.0/29,18.1/50.0/29,75,48/1,1018.1,13,107.0
3418,2018,12,成功,21.1,28.9/4,14.5/29,64.1,11.1/30.0/9,19.4/30.0/9,75,48/18,1015.0,14,110.6
3419,2018,12,臺東,22.0,29.6/4,14.9/19,54.8,6.2/40.0/9,16.8/60.0/29,74,47/19,1018.3,8,122.6
3420,2018,12,大武,22.7,29.0/11,16.4/19,18.1,8.3/30.0/11,16.9/30.0/29,70,50/18,1017.7,7,115.8
3421,2018,12,蘭嶼,20.6,25.5/3,15.3/29,331.1,27.5/30.0/9,38.8/40.0/24,92,53/19,980.7,19,57.8
3422,2018,12,馬祖,14.0,24.1/4,6.7/29,14.4,10.2/60.0/23,19.8/20.0/30,81,48/17,1012.7,10,74.4
3423,2018,12,金門,17.2,27.0/4,9.8/29,20.5,8.5/70.0/7,19.1/60.0/7,72,27/17,1018.1,5,111.2
3424,2018,12,澎湖,20.7,28.6/4,15.7/29,4.3,10.6/30.0/29,25.6/10.0/29,80,54/18,1017.8,3,115.1
3425,2018,12,東吉島,21.6,27.8/4,16.5/29,0.3,21.8/40.0/29,29.0/20.0/29,75,49/18,1013.5,1,136.0
3426,2019,1,彭佳嶼,18.3,25.2/17,12.9/07,165.2,17.2/30.0/06,24.6/40.0/06,77,43/08,1009.5,11,80.0
3427,2019,1,基隆,18.6,28.3/17,13.5/07,352.6,12.4/10.0/07,19.8/360.0/07,77,42/17,1017.8,18,57.9
3428,2019,1,臺北,19.1,29.5/17,11.6/08,136.2,7.9/100.0/12,14.9/100.0/12,77,31/08,1017.4,9,80.8
3429,2019,1,鞍部,12.8,22.6/17,6.4/02,469.0,9.2/350.0/02,23.7/350.0/06,93,54/01,926.4,20,47.5
3430,2019,1,竹子湖,14.3,23.1/17,8.5/08,532.6,8.9/20.0/18,17.0/10.0/31,88,51/01,950.9,17,87.3
3431,2019,1,淡水,18.0,26.8/17,10.1/08,195.5,5.3/20.0/06,14.4/10.0/06,82,44/08,1018.9,8,82.1
3432,2019,1,(原板橋),18.6,28.4/17,10.7/08,182.0,7.6/60.0/28,15.0/70.0/31,79,32/08,1019.9,11,57.6
3433,2019,1,新屋,18.0,27.5/17,12.0/07,186.0,13.4/50.0/04,22.6/50.0/04,75,47/08,1017.8,9,107.5
3434,2019,1,新竹,18.3,26.9/17,12.5/07,140.2,6.8/20.0/04,18.5/50.0/04,75,38/08,1016.8,9,120.4
3435,2019,1,臺中,19.3,29.5/01,12.0/09,94.5,6.3/10.0/02,14.3/30.0/02,75,38/01,1008.7,5,204.5
3436,2019,1,梧棲,18.4,27.2/17,13.3/09,135.0,17.1/350.0/07,28.7/10.0/07,77,47/08,1016.2,5,190.4
3437,2019,1,日月潭,15.9,25.4/26,9.3/08,138.0,5.1/160.0/29,7.8/120.0/31,74,41/10,905.8,8,170.6
3438,2019,1,嘉義,19.1,30.0/01,10.6/09,122.0,7.8/10.0/02,13.1/360.0/02,76,37/01,1015.1,7,167.2
3439,2019,1,阿里山,8.8,18.2/16,-1.5/08,144.5,4.3/150.0/27,9.4/120.0/20,74,17/13,766.9,8,176.6
3440,2019,1,玉山,4.4,16.5/18,-4.8/07,103.0,20.3/170.0/06,29.3/190.0/06,39,7/08,643.6,9,232.6
3441,2019,1,臺南,19.8,28.9/17,13.0/08,60.7,9.2/340.0/07,15.6/340.0/05,76,44/13,1015.7,7,182.5
3442,2019,1,高雄,21.8,29.6/17,14.6/08,22.3,6.9/350.0/30,10.4/10.0/30,71,36/10,1017.8,4,171.0
3443,2019,1,恆春,22.4,29.5/17,13.9/11,14.5,13.5/60.0/31,28.0/40.0/04,74,31/10,1015.0,6,173.4
3444,2019,1,宜蘭,18.8,27.7/22,13.1/03,162.6,8.0/110.0/26,13.4/110.0/26,80,47/08,1020.3,17,74.1
3445,2019,1,蘇澳,18.6,25.9/26,12.4/07,391.0,9.9/80.0/26,21.6/70.0/26,85,38/08,1017.9,18,71.4
3446,2019,1,花蓮,20.2,27.1/17,13.6/09,133.0,11.0/40.0/27,19.4/30.0/02,75,43/08,1018.0,16,93.5
3447,2019,1,成功,20.5,27.9/18,15.6/10,144.4,10.3/10.0/06,22.0/340.0/06,75,46/09,1015.1,17,100.7
3448,2019,1,臺東,21.1,27.8/17,14.8/09,92.0,7.5/50.0/02,16.9/40.0/02,73,41/10,1018.3,8,113.6
3449,2019,1,大武,21.8,28.5/17,15.7/08,69.4,8.0/30.0/26,15.8/20.0/05,72,42/09,1017.9,11,113.0
3450,2019,1,蘭嶼,19.9,26.4/22,15.4/07,278.6,34.4/30.0/06,49.7/40.0/06,89,41/09,980.8,19,75.8
3451,2019,1,馬祖,14.2,24.0/01,8.9/08,40.6,8.9/360.0/06,20.7/360.0/06,78,44/11,1012.6,7,135.3
3452,2019,1,金門,16.8,25.9/16,9.9/08,75.8,8.7/80.0/19,17.9/70.0/31,70,28/04,1018.6,8,155.1
3453,2019,1,澎湖,19.1,27.0/17,14.9/06,139.4,10.9/30.0/02,26.3/360.0/03,84,47/03,1018.1,5,138.4
3454,2019,1,東吉島,20.5,27.2/17,16.2/05,208.8,21.9/30.0/06,29.7/30.0/07,82,58/09,1013.7,6,160.3
3455,2019,2,彭佳嶼,17.6,25.0/11,12.9/26,150.6,15.0/160.0/4,22.8/30.0/31,77,53/18,1010.6,17,59.2
3456,2019,2,基隆,17.9,27.2/4,12.6/28,382.1,10.6/10.0/21,19.3/10.0/31,80,49/31,1018.9,20,47.5
3457,2019,2,臺北,18.5,28.6/4,11.9/23,45.0,8.1/80.0/31,15.2/70.0/31,74,43/30,1018.5,10,78.0
3458,2019,2,鞍部,12.3,21.8/4,5.5/26,301.1,8.9/70.0/9,21.6/150.0/2,93,53/30,927.5,20,61.7
3459,2019,2,竹子湖,13.9,23.9/10,7.1/22,238.4,8.8/30.0/7,19.5/40.0/31,88,54/31,951.8,20,99.6
3460,2019,2,淡水,17.6,27.3/4,9.2/23,79.5,6.0/360.0/31,13.7/40.0/31,83,49/18,1020.3,10,102.5
3461,2019,2,(原板橋),18.2,27.7/4,10.6/28,48.8,6.5/60.0/9,13.4/80.0/18,82,50/30,1020.7,12,53.5
3462,2019,2,新屋,17.1,24.0/31,10.8/28,49.5,13.9/50.0/1,21.7/60.0/1,81,49/18,1019.0,10,102.3
3463,2019,2,新竹,17.7,25.1/31,10.3/28,25.5,6.9/30.0/1,18.8/30.0/1,76,46/18,1017.9,5,107.8
3464,2019,2,臺中,19.3,31.0/31,11.1/23,13.0,4.8/350.0/17,10.9/360.0/21,75,35/31,1010.1,4,172.9
3465,2019,2,梧棲,17.3,24.2/31,11.5/23,18.0,17.1/350.0/26,27.1/340.0/26,81,55/31,1017.6,5,135.0
3466,2019,2,日月潭,16.3,26.0/10,9.6/28,9.0,5.2/170.0/20,7.8/280.0/28,73,35/25,907.0,5,143.5
3467,2019,2,嘉義,19.2,30.9/31,10.1/23,5.0,5.9/360.0/21,10.3/360.0/21,77,38/31,1016.6,3,165.9
3468,2019,2,阿里山,7.4,15.6/4,-0.3/25,82.2,4.1/140.0/18,8.0/280.0/31,80,20/30,767.6,8,128.3
3469,2019,2,玉山,2.8,16.0/30,-7.0/24,31.8,14.7/200.0/16,23.2/260.0/24,61,10/31,644.6,7,238.8
3470,2019,2,臺南,19.7,28.9/5,11.9/23,T,8.3/340.0/22,13.3/340.0/17,77,39/29,1017.1,0,176.4
3471,2019,2,高雄,21.9,28.8/31,14.6/23,2.5,6.7/310.0/25,10.3/360.0/25,71,43/30,1019.2,4,154.5
3472,2019,2,恆春,22.6,29.8/11,17.3/22,28.7,12.4/30.0/1,26.7/30.0/1,75,43/28,1016.6,9,131.4
3473,2019,2,宜蘭,18.4,28.0/11,12.8/28,447.4,10.0/60.0/31,14.7/60.0/31,84,51/31,1021.5,19,62.0
3474,2019,2,蘇澳,18.2,27.3/31,12.4/27,1101.0,8.5/70.0/20,18.7/60.0/31,85,50/31,1019.0,20,43.8
3475,2019,2,花蓮,20.0,26.8/5,14.6/28,71.0,9.4/60.0/26,17.6/80.0/26,77,51/18,1019.4,18,57.9
3476,2019,2,成功,20.3,27.5/12,14.2/28,72.1,9.4/30.0/1,15.9/20.0/1,76,53/18,1016.3,15,68.2
3477,2019,2,臺東,21.1,28.3/12,15.2/23,35.5,5.4/30.0/26,13.8/30.0/8,75,50/19,1019.7,9,87.5
3478,2019,2,大武,21.9,31.5/31,15.2/28,62.1,8.0/170.0/31,14.5/40.0/2,71,43/31,1019.1,17,85.0
3479,2019,2,蘭嶼,19.7,27.0/11,15.0/27,245.7,25.6/40.0/1,37.1/50.0/1,91,51/18,982.4,21,68.0
3480,2019,2,馬祖,11.5,24.2/31,6.6/27,5.6,8.4/60.0/21,17.2/10.0/1,81,53/27,1014.0,7,108.2
3481,2019,2,金門,15.5,23.8/31,9.1/23,4.4,10.1/80.0/31,20.5/80.0/31,71,38/24,1019.6,2,122.3
3482,2019,2,澎湖,18.0,26.8/31,14.6/22,12.0,10.1/20.0/26,21.3/50.0/21,82,50/23,1019.6,4,81.7
3483,2019,2,東吉島,19.6,25.8/31,15.9/27,6.4,18.7/40.0/26,25.8/20.0/21,73,52/22,1015.3,3,99.1
3484,2019,3,彭佳嶼,16.9,24.5/7,12.5/23,72.1,16.6/160.0/3,23.4/150.0/3,87,65/7,1007.9,12,38.6
3485,2019,3,基隆,17.4,30.0/7,13.3/23,292.4,8.7/360.0/16,14.1/10.0/16,89,33/7,1016.4,22,33.8
3486,2019,3,臺北,18.8,31.3/7,13.7/23,64.1,7.8/70.0/26,14.2/60.0/26,79,28/7,1016.0,9,55.5
3487,2019,3,鞍部,13.5,23.1/20,7.0/23,103.7,7.5/70.0/24,17.2/60.0/17,95,46/7,925.4,19,54.7
3488,2019,3,竹子湖,14.9,25.2/7,8.3/23,72.4,8.7/30.0/4,19.9/20.0/4,91,40/7,949.5,10,68.1
3489,2019,3,淡水,17.7,28.6/7,12.7/1,57.0,5.8/10.0/21,12.5/20.0/11,87,41/7,1017.6,5,61.5
3490,2019,3,(原板橋),18.6,30.7/7,13.6/2,69.1,6.3/60.0/17,12.5/80.0/17,78,35/7,1018.2,9,42.1
3491,2019,3,新屋,17.5,29.1/7,13.4/23,72.9,11.7/50.0/1,19.2/20.0/21,85,41/7,1016.8,10,47.3
3492,2019,3,新竹,18.0,30.1/7,12.8/2,67.9,5.4/20.0/1,12.7/20.0/23,80,28/7,1016.0,5,57.0
3493,2019,3,臺中,20.5,31.7/3,14.3/2,11.0,4.7/360.0/22,11.1/320.0/19,75,26/7,1008.2,1,173.4
3494,2019,3,梧棲,18.9,30.2/7,14.0/1,16.0,12.7/350.0/1,21.7/350.0/1,80,29/7,1015.7,2,148.8
3495,2019,3,日月潭,17.7,27.4/20,11.6/2,6.5,5.2/290.0/3,10.2/290.0/3,72,36/3,905.8,1,161.0
3496,2019,3,嘉義,21.2,32.8/3,14.5/2,8.0,7.8/240.0/3,13.1/240.0/3,75,28/7,1014.7,2,181.9
3497,2019,3,阿里山,8.2,15.5/20,2.0/6,7.1,4.5/150.0/7,8.5/140.0/18,75,19/7,767.2,3,136.8
3498,2019,3,玉山,4.1,17.3/10,-3.6/6,3.0,17.5/120.0/18,26.0/260.0/7,46,9/7,643.9,2,258.6
3499,2019,3,臺南,22.0,31.0/7,15.7/1,1.5,7.7/350.0/23,12.9/330.0/23,76,36/7,1015.3,2,211.3
3500,2019,3,高雄,23.8,31.3/7,18.7/25,12.5,7.3/320.0/22,12.2/310.0/22,71,32/7,1017.4,3,221.1
3501,2019,3,恆春,23.8,30.0/19,18.1/8,20.3,9.9/30.0/23,20.6/30.0/23,78,33/7,1014.9,4,175.6
3502,2019,3,宜蘭,19.4,28.2/7,14.0/2,56.3,6.1/70.0/23,9.4/80.0/22,85,56/7,1018.6,9,66.4
3503,2019,3,蘇澳,18.9,26.7/3,13.8/23,94.5,7.9/160.0/2,16.8/80.0/22,86,54/3,1016.3,18,51.6
3504,2019,3,花蓮,21.0,27.9/20,16.0/2,52.5,8.2/70.0/11,13.9/60.0/1,80,58/20,1016.7,16,76.6
3505,2019,3,成功,21.8,28.4/19,16.7/1,83.7,8.2/30.0/11,15.6/220.0/19,80,62/19,1013.8,15,107.5
3506,2019,3,臺東,22.8,29.2/19,17.5/2,12.9,5.4/40.0/17,13.3/50.0/17,77,54/16,1017.2,8,132.8
3507,2019,3,大武,22.9,33.9/19,18.2/9,66.4,6.8/30.0/22,14.3/30.0/1,73,37/19,1016.8,9,135.6
3508,2019,3,蘭嶼,21.2,27.1/16,17.0/1,320.4,18.8/40.0/24,26.6/30.0/17,93,54/16,980.9,19,96.2
3509,2019,3,馬祖,10.9,22.2/7,6.4/17,86.0,9.7/60.0/7,19.2/50.0/7,89,64/4,1011.2,16,31.0
3510,2019,3,金門,15.4,25.1/3,9.4/23,37.5,9.5/80.0/4,17.5/60.0/4,77,51/12,1017.0,5,59.1
3511,2019,3,澎湖,20.3,28.1/19,16.5/24,28.5,9.2/40.0/1,20.1/50.0/1,84,67/8,1017.3,4,85.1
3512,2019,3,東吉島,21.8,28.3/7,18.3/1,27.1,17.4/40.0/1,22.8/40.0/1,70,61/7,1013.4,5,117.8
3513,2019,4,彭佳嶼,18.6,27.9/28,11.4/7,127.7,17.6/150.0/14,24.2/160.0/14,78,33/16,1005.2,17,87.0
3514,2019,4,基隆,19.1,30.2/28,12.4/7,209.1,9.8/10.0/29,15.2/10.0/29,80,42/16,1013.3,18,57.1
3515,2019,4,臺北,19.8,32.9/28,12.1/7,184.2,8.5/80.0/4,15.9/100.0/31,75,34/12,1012.9,16,76.3
3516,2019,4,鞍部,13.8,25.6/21,5.8/7,263.8,11.0/360.0/29,21.8/350.0/29,92,40/15,922.9,19,69.1
3517,2019,4,竹子湖,15.4,27.1/21,7.3/7,213.8,9.5/20.0/31,19.2/20.0/7,86,43/15,947.0,18,99.3
3518,2019,4,淡水,19.1,28.9/21,11.3/7,172.5,6.2/160.0/31,18.3/140.0/31,81,39/16,1013.6,15,90.0
3519,2019,4,(原板橋),19.5,31.9/21,12.1/7,197.8,6.6/60.0/31,14.5/60.0/31,78,31/12,1015.1,17,73.7
3520,2019,4,新屋,18.8,27.9/13,11.7/7,229.7,13.9/50.0/31,21.6/30.0/31,81,44/16,1013.5,17,89.8
3521,2019,4,新竹,19.3,29.6/28,12.0/7,279.7,6.3/280.0/28,15.9/80.0/31,78,22/15,1012.7,15,96.8
3522,2019,4,臺中,21.1,32.3/21,12.3/8,179.5,5.0/350.0/5,13.3/180.0/29,79,39/21,1005.3,13,141.6
3523,2019,4,梧棲,19.9,28.9/28,11.0/8,174.0,13.1/350.0/31,20.9/350.0/31,79,32/16,1012.7,12,144.3
3524,2019,4,日月潭,17.3,29.3/21,11.8/8,171.5,7.5/330.0/10,16.8/330.0/10,80,35/21,903.3,13,127.6
3525,2019,4,嘉義,21.6,32.5/21,13.0/8,107.9,6.8/360.0/3,12.8/10.0/3,77,45/21,1011.8,13,156.6
3526,2019,4,阿里山,8.9,17.8/21,1.5/12,230.9,4.8/250.0/10,12.4/210.0/10,78,18/3,765.4,15,127.5
3527,2019,4,玉山,2.3,14.4/28,-6.6/12,135.0,15.7/270.0/9,28.9/270.0/7,80,10/5,641.9,11,141.3
3528,2019,4,臺南,22.5,30.7/19,13.8/8,74.5,8.1/340.0/15,14.4/340.0/15,77,52/16,1012.5,11,188.8
3529,2019,4,高雄,24.1,31.5/5,17.4/8,44.0,7.7/350.0/3,13.2/160.0/5,73,43/5,1014.7,7,206.1
3530,2019,4,恆春,24.1,30.7/20,19.0/8,44.0,12.1/30.0/7,25.2/30.0/7,74,36/16,1012.2,2,199.9
3531,2019,4,宜蘭,19.9,30.1/21,12.8/8,132.5,9.2/340.0/5,14.7/360.0/6,81,45/6,1015.7,19,79.7
3532,2019,4,蘇澳,19.8,30.3/21,12.7/7,206.0,11.1/80.0/6,17.6/100.0/10,80,42/15,1013.3,18,68.5
3533,2019,4,花蓮,20.9,29.0/29,14.3/8,92.5,8.9/70.0/23,15.2/70.0/23,75,41/15,1013.9,19,85.4
3534,2019,4,成功,21.7,29.7/3,15.0/8,58.0,9.7/10.0/3,16.4/20.0/6,78,42/16,1011.2,19,94.9
3535,2019,4,臺東,22.6,31.8/3,14.9/8,36.0,5.9/40.0/3,13.3/30.0/3,75,42/16,1014.5,10,117.8
3536,2019,4,大武,23.2,33.8/21,17.6/7,40.7,8.3/160.0/18,13.9/190.0/28,70,26/21,1014.2,10,145.5
3537,2019,4,蘭嶼,21.2,26.4/9,16.0/8,121.1,22.2/40.0/31,34.2/50.0/31,91,47/16,978.2,18,92.0
3538,2019,4,馬祖,13.1,24.6/28,6.2/8,156.6,11.5/210.0/20,19.7/220.0/20,86,54/23,1007.6,19,101.5
3539,2019,4,金門,16.7,25.8/13,8.9/7,201.7,8.5/70.0/31,17.3/70.0/31,79,40/16,1013.7,14,102.3
3540,2019,4,澎湖,21.5,28.5/28,15.8/8,111.5,9.1/30.0/23,21.5/50.0/23,82,38/16,1014.3,11,130.9
3541,2019,4,東吉島,22.5,28.2/29,17.3/8,144.4,18.0/40.0/23,22.9/50.0/23,67,42/16,1010.6,11,143.8
3542,2019,5,彭佳嶼,22.4,29.9/30,14.2/1,104.4,17.5/60.0/3,25.4/60.0/3,83,55/15,1001.5,13,142.0
3543,2019,5,基隆,23.0,32.2/10,15.3/1,140.0,11.2/20.0/10,18.2/10.0/10,82,45/17,1009.4,19,131.6
3544,2019,5,臺北,24.2,35.9/25,15.2/1,115.1,8.2/80.0/10,14.3/70.0/27,76,34/25,1009.1,13,105.0
3545,2019,5,鞍部,18.1,27.3/25,9.4/1,154.9,10.0/360.0/11,17.2/160.0/27,91,48/10,920.8,20,89.6
3546,2019,5,竹子湖,19.5,29.0/25,10.8/1,141.9,7.8/30.0/27,16.8/340.0/11,86,47/25,944.5,15,113.8
3547,2019,5,淡水,23.1,32.1/25,14.6/1,220.0,5.8/10.0/11,13.6/320.0/11,84,48/17,1010.5,10,127.7
3548,2019,5,(原板橋),23.7,34.8/25,15.4/1,115.4,6.0/80.0/12,13.5/60.0/1,77,41/10,1011.3,13,121.8
3549,2019,5,新屋,23.1,30.1/23,14.8/1,115.0,13.5/250.0/25,22.1/260.0/25,82,57/25,1009.9,14,140.0
3550,2019,5,新竹,23.6,32.1/25,15.4/1,217.0,7.6/280.0/25,16.0/290.0/30,77,53/17,1009.2,11,147.5
3551,2019,5,臺中,24.7,33.3/26,16.7/1,115.5,5.1/170.0/30,11.8/230.0/21,79,51/25,1002.4,10,169.3
3552,2019,5,梧棲,23.7,31.0/23,15.2/1,94.0,10.9/350.0/27,17.4/340.0/12,80,57/25,1009.6,10,181.6
3553,2019,5,日月潭,20.3,30.3/10,14.3/19,135.0,6.6/170.0/19,11.8/170.0/19,78,26/10,902.0,9,156.4
3554,2019,5,嘉義,25.1,34.1/9,17.1/2,74.0,11.7/260.0/19,23.5/240.0/19,75,47/9,1008.9,6,199.1
3555,2019,5,阿里山,11.8,20.6/25,5.9/17,155.4,5.2/80.0/26,13.5/250.0/19,81,20/18,765.6,11,159.3
3556,2019,5,玉山,4.9,17.6/18,-1.2/1,171.5,13.8/270.0/19,25.5/270.0/19,83,10/18,643.0,12,169.6
3557,2019,5,臺南,26.0,32.9/20,18.7/2,88.0,8.2/340.0/3,18.3/250.0/19,73,48/20,1009.7,3,206.6
3558,2019,5,高雄,26.9,33.3/20,21.0/2,63.2,7.6/320.0/19,15.0/290.0/19,74,47/20,1012.0,4,237.5
3559,2019,5,恆春,26.6,33.1/29,21.2/3,15.5,10.8/40.0/1,21.8/20.0/1,76,40/20,1009.5,4,203.0
3560,2019,5,宜蘭,23.8,32.2/22,15.4/1,180.3,8.4/110.0/10,12.3/130.0/17,84,55/17,1011.8,15,143.5
3561,2019,5,蘇澳,23.4,31.9/30,15.4/1,677.5,9.2/150.0/29,17.9/90.0/10,84,54/17,1009.5,13,123.9
3562,2019,5,花蓮,24.5,32.2/24,17.7/2,73.5,8.5/60.0/11,14.7/200.0/9,76,55/8,1010.4,14,155.6
3563,2019,5,成功,24.4,32.3/30,19.1/3,55.2,9.1/20.0/10,17.4/30.0/10,81,54/10,1007.8,13,120.8
3564,2019,5,臺東,25.8,34.8/30,19.1/2,28.3,7.5/190.0/30,15.1/190.0/30,76,38/30,1011.1,12,157.3
3565,2019,5,大武,26.0,38.9/25,19.9/3,34.0,7.0/180.0/9,13.8/200.0/25,71,17/10,1010.9,9,184.5
3566,2019,5,蘭嶼,23.6,28.9/29,18.3/1,167.5,22.3/40.0/1,34.4/60.0/1,93,62/28,975.6,13,129.0
3567,2019,5,馬祖,17.8,27.5/24,9.6/1,120.1,12.1/200.0/9,23.5/220.0/9,86,60/17,1003.3,15,104.7
3568,2019,5,金門,20.6,28.7/30,12.6/1,113.1,10.5/300.0/22,17.2/310.0/22,82,53/18,1009.6,15,122.0
3569,2019,5,澎湖,24.3,30.9/29,19.3/16,114.8,9.6/280.0/19,19.6/290.0/19,85,66/18,1011.3,7,170.0
3570,2019,5,東吉島,25.0,30.8/30,20.6/1,67.2,24.8/300.0/19,40.0/290.0/19,69,59/20,1007.8,4,197.7
3571,2019,6,彭佳嶼,23.4,29.9/19,17.1/7,211.6,15.3/40.0/6,21.4/360.0/1,79,49/21,999.4,13,100.2
3572,2019,6,基隆,24.1,32.4/19,17.6/7,404.2,8.9/30.0/7,15.3/30.0/6,79,47/21,1007.3,17,84.9
3573,2019,6,臺北,25.0,35.1/19,17.9/7,335.8,7.3/80.0/11,12.7/60.0/3,77,33/21,1006.9,17,80.3
3574,2019,6,鞍部,18.8,26.9/31,12.1/2,518.3,12.8/360.0/20,21.6/10.0/20,90,21/22,919.1,17,65.0
3575,2019,6,竹子湖,20.4,29.3/31,13.5/7,500.0,8.0/30.0/20,16.8/20.0/2,85,39/21,942.5,16,80.4
3576,2019,6,淡水,24.2,33.4/12,17.4/2,488.0,5.3/20.0/20,12.0/10.0/20,82,39/21,1008.2,13,97.6
3577,2019,6,(原板橋),24.7,34.8/19,17.9/7,388.7,6.6/60.0/3,13.3/250.0/16,74,39/21,1009.1,14,97.1
3578,2019,6,新屋,24.1,31.8/25,17.4/7,500.7,12.2/230.0/19,19.8/240.0/19,81,51/21,1007.5,18,103.7
3579,2019,6,新竹,24.7,32.8/16,17.9/7,515.0,5.7/20.0/6,13.9/50.0/7,77,45/21,1006.7,15,100.9
3580,2019,6,臺中,25.4,33.7/15,18.9/3,524.0,5.1/170.0/27,14.2/10.0/20,82,52/13,999.8,18,87.2
3581,2019,6,梧棲,24.7,31.1/19,17.8/2,272.0,11.9/350.0/3,20.0/360.0/3,81,51/22,1007.0,15,124.7
3582,2019,6,日月潭,20.4,30.0/12,16.2/3,674.0,10.7/350.0/20,19.4/300.0/18,88,59/5,900.0,26,54.4
3583,2019,6,嘉義,25.9,34.6/14,19.6/8,239.7,10.2/70.0/20,15.6/70.0/20,78,49/26,1006.3,18,109.4
3584,2019,6,阿里山,12.5,19.5/14,8.1/5,1105.5,5.4/250.0/18,13.8/300.0/18,96,46/14,764.1,26,49.1
3585,2019,6,玉山,6.2,15.7/19,1.8/5,807.5,12.9/290.0/1,25.2/270.0/1,95,33/14,642.0,26,69.3
3586,2019,6,臺南,26.9,33.9/14,20.2/8,168.0,8.3/340.0/20,21.2/320.0/20,75,53/14,1007.1,12,134.4
3587,2019,6,高雄,27.5,33.0/26,22.2/2,196.3,6.7/160.0/26,11.4/360.0/20,79,56/26,1009.3,14,143.4
3588,2019,6,恆春,26.7,32.5/18,21.2/22,134.7,10.7/30.0/3,22.4/30.0/3,80,48/8,1006.9,15,86.1
3589,2019,6,宜蘭,23.9,32.5/27,18.0/2,360.2,5.9/110.0/11,11.1/360.0/1,84,55/21,1009.9,21,56.9
3590,2019,6,蘇澳,23.6,31.3/19,17.8/3,372.5,7.9/80.0/1,18.1/70.0/1,87,47/21,1007.7,21,55.1
3591,2019,6,花蓮,24.4,32.5/19,18.8/2,218.0,8.7/80.0/20,15.3/100.0/20,80,50/21,1008.5,21,82.4
3592,2019,6,成功,24.7,31.8/19,19.3/3,118.8,8.4/30.0/7,16.1/350.0/7,81,55/22,1005.8,19,71.7
3593,2019,6,臺東,25.6,31.9/20,19.6/4,165.7,5.7/40.0/7,13.3/30.0/1,80,57/22,1009.1,22,89.0
3594,2019,6,大武,25.6,35.0/20,19.7/2,279.1,5.7/40.0/7,11.9/10.0/7,79,49/1,1008.8,22,103.2
3595,2019,6,蘭嶼,23.9,29.1/31,17.4/7,273.6,17.4/260.0/19,26.6/250.0/17,92,58/22,973.5,22,91.9
3596,2019,6,馬祖,20.5,29.8/27,13.0/8,64.0,9.5/60.0/20,18.3/30.0/20,83,57/22,1001.3,16,100.0
3597,2019,6,金門,22.8,30.0/18,15.4/3,190.0,11.6/90.0/20,21.8/70.0/20,78,33/3,1007.1,17,89.7
3598,2019,6,澎湖,25.8,32.0/19,20.6/6,77.9,8.5/30.0/7,17.6/30.0/7,85,52/22,1008.7,9,119.1
3599,2019,6,東吉島,26.2,31.3/31,22.0/2,136.0,16.3/30.0/6,21.5/10.0/7,68,54/3,1005.2,13,139.6
3600,2019,7,彭佳嶼,26.4,32.4/30,21.1/13,345.5,19.9/290.0/22,25.3/260.0/9,86,62/15,995.1,13,151.0
3601,2019,7,基隆,27.6,36.4/21,21.8/15,431.1,9.8/250.0/7,24.8/220.0/7,78,46/21,1002.9,19,127.6
3602,2019,7,臺北,28.5,36.9/20,22.3/15,419.5,7.0/280.0/9,16.1/270.0/9,77,36/15,1002.7,16,91.4
3603,2019,7,鞍部,22.2,28.8/29,15.0/15,542.9,7.9/360.0/14,16.3/120.0/23,90,32/15,916.5,15,80.3
3604,2019,7,竹子湖,23.8,30.3/28,16.9/15,445.3,5.3/360.0/14,13.6/360.0/14,84,38/15,939.6,15,97.5
3605,2019,7,淡水,27.4,34.2/20,20.0/15,460.0,5.3/10.0/23,13.9/270.0/9,85,43/15,1004.0,14,127.5
3606,2019,7,(原板橋),28.1,36.1/20,21.6/15,452.3,6.8/230.0/9,14.8/210.0/9,76,41/16,1004.9,16,127.9
3607,2019,7,新屋,27.7,33.8/28,21.2/16,454.6,14.3/230.0/23,23.3/240.0/23,82,58/15,1003.5,13,157.6
3608,2019,7,新竹,28.3,34.4/28,22.3/12,482.7,6.2/280.0/20,15.9/290.0/19,74,48/15,1003.0,12,161.2
3609,2019,7,臺中,28.2,35.6/28,22.5/24,480.0,4.5/170.0/2,12.3/320.0/24,79,47/15,997.1,15,123.2
3610,2019,7,梧棲,28.0,33.3/22,22.8/24,284.5,9.6/350.0/15,16.6/190.0/23,78,59/22,1003.9,12,179.0
3611,2019,7,日月潭,22.5,31.9/28,18.2/24,754.5,6.5/220.0/11,17.5/280.0/14,84,56/7,898.6,17,89.8
3612,2019,7,嘉義,28.9,35.7/18,23.1/5,316.5,9.3/230.0/4,16.9/240.0/4,73,46/3,1003.6,17,166.2
3613,2019,7,阿里山,13.8,20.4/6,9.4/15,866.3,4.9/280.0/14,15.1/250.0/13,92,55/19,763.7,20,84.9
3614,2019,7,玉山,7.5,19.3/29,1.4/3,537.5,17.2/250.0/15,27.8/280.0/13,87,11/21,642.2,21,116.4
3615,2019,7,臺南,29.3,34.6/18,24.5/10,273.5,8.0/170.0/30,16.5/220.0/10,74,50/3,1004.6,14,183.5
3616,2019,7,高雄,29.5,34.3/18,24.4/12,357.5,9.2/350.0/10,14.7/150.0/13,79,58/22,1006.8,17,201.1
3617,2019,7,恆春,28.9,33.8/6,24.6/26,215.5,7.4/270.0/21,15.4/30.0/15,84,51/18,1004.4,15,94.5
3618,2019,7,宜蘭,27.5,34.8/30,21.0/16,180.8,6.4/120.0/15,10.4/140.0/25,83,59/15,1005.5,15,118.5
3619,2019,7,蘇澳,27.3,33.6/6,21.0/16,106.5,8.8/150.0/28,13.0/150.0/28,83,51/15,1003.4,14,132.7
3620,2019,7,花蓮,27.7,33.3/7,21.5/16,164.5,8.1/160.0/7,11.9/170.0/7,81,62/22,1004.3,14,148.8
3621,2019,7,成功,27.5,33.4/20,22.4/16,95.0,5.8/10.0/15,11.3/180.0/7,84,65/15,1001.8,15,154.4
3622,2019,7,臺東,28.8,35.9/9,23.9/5,132.9,4.8/30.0/19,10.1/180.0/7,79,40/9,1005.1,11,172.6
3623,2019,7,大武,29.0,37.3/21,24.0/16,112.3,6.7/160.0/18,11.3/200.0/7,74,43/22,1005.2,9,184.0
3624,2019,7,蘭嶼,26.5,30.7/30,22.3/25,179.1,20.1/250.0/22,29.1/250.0/22,93,61/24,970.9,8,127.3
3625,2019,7,馬祖,24.4,31.2/27,19.7/13,337.2,10.3/210.0/9,18.9/230.0/9,90,64/15,996.1,13,103.2
3626,2019,7,金門,26.5,33.2/29,20.8/16,117.1,9.4/240.0/3,17.0/250.0/3,87,50/16,1002.6,14,132.7
3627,2019,7,澎湖,28.5,33.6/6,25.0/26,92.7,8.1/260.0/14,13.6/250.0/14,88,61/15,1005.6,16,173.7
3628,2019,7,東吉島,29.0,32.7/7,25.7/26,106.4,14.7/260.0/14,17.4/260.0/14,67,57/15,1002.4,15,196.9
3629,2019,8,彭佳嶼,28.8,33.2/9,24.9/11,37.3,22.9/270.0/5,30.0/270.0/5,83,65/10,994.2,9,252.4
3630,2019,8,基隆,29.7,36.4/14,25.0/23,102.3,9.2/230.0/6,18.5/270.0/5,73,44/5,1001.9,12,199.9
3631,2019,8,臺北,30.3,37.4/13,24.8/23,439.3,8.0/90.0/12,16.5/290.0/5,73,37/13,1001.6,16,145.5
3632,2019,8,鞍部,23.5,29.2/7,19.3/23,315.2,8.8/360.0/18,23.4/160.0/17,90,65/6,916.0,16,115.9
3633,2019,8,竹子湖,25.2,31.1/30,20.3/22,317.0,4.0/10.0/12,13.9/280.0/5,82,60/16,938.9,15,150.2
3634,2019,8,淡水,29.6,35.8/16,24.6/21,116.5,5.4/150.0/2,14.7/150.0/2,79,42/16,1003.2,9,199.3
3635,2019,8,(原板橋),29.9,36.9/20,24.0/23,362.7,7.4/220.0/5,16.3/220.0/5,73,40/20,1003.9,16,195.3
3636,2019,8,新屋,29.7,35.1/17,24.9/23,52.4,14.5/230.0/6,24.8/230.0/5,76,57/16,1002.4,9,234.5
3637,2019,8,新竹,30.2,37.3/17,24.6/23,48.5,7.6/280.0/13,21.4/70.0/17,68,42/16,1001.9,6,236.0
3638,2019,8,臺中,29.4,36.6/17,23.1/27,177.5,6.5/190.0/10,15.4/160.0/10,79,53/4,996.2,13,165.2
3639,2019,8,梧棲,29.3,35.3/17,24.2/3,109.5,9.4/230.0/13,18.8/200.0/2,76,58/21,1002.9,8,221.2
3640,2019,8,日月潭,23.3,34.0/17,18.8/22,216.5,5.0/290.0/31,13.8/290.0/10,84,40/17,897.9,16,118.7
3641,2019,8,嘉義,29.2,35.6/17,23.6/31,335.5,9.0/240.0/23,17.1/240.0/23,74,48/4,1002.8,21,172.1
3642,2019,8,阿里山,14.3,23.9/17,9.9/31,267.2,4.6/150.0/20,11.4/260.0/9,95,48/15,763.1,20,96.6
3643,2019,8,玉山,8.1,20.3/16,1.9/10,155.5,15.5/110.0/31,24.1/210.0/3,88,29/16,642.0,20,160.9
3644,2019,8,臺南,29.2,35.4/17,24.5/4,573.0,8.0/170.0/10,14.6/140.0/2,76,52/29,1003.8,20,174.2
3645,2019,8,高雄,29.3,35.2/31,23.7/19,500.0,7.5/180.0/3,14.8/190.0/2,81,55/31,1006.0,18,170.2
3646,2019,8,恆春,28.9,33.3/17,23.0/22,587.5,9.5/20.0/17,21.8/40.0/17,86,53/24,1003.7,23,87.1
3647,2019,8,宜蘭,29.5,35.1/21,25.1/24,67.1,7.3/140.0/31,13.4/140.0/31,79,57/14,1004.6,12,204.3
3648,2019,8,蘇澳,29.1,34.4/14,25.4/13,88.5,8.9/150.0/23,15.3/160.0/29,78,43/14,1002.5,10,224.6
3649,2019,8,花蓮,29.3,34.7/17,24.4/21,66.5,11.6/180.0/2,17.6/180.0/2,77,56/17,1003.5,12,236.3
3650,2019,8,成功,28.5,34.1/10,23.3/22,89.0,9.6/20.0/17,19.9/210.0/3,80,50/16,1001.0,13,237.8
3651,2019,8,臺東,29.8,34.2/6,25.1/27,136.9,6.5/50.0/17,16.4/30.0/17,77,54/14,1004.3,10,241.1
3652,2019,8,大武,29.2,35.9/13,23.7/22,216.7,7.8/30.0/17,18.3/30.0/17,78,48/13,1004.6,16,195.7
3653,2019,8,蘭嶼,26.6,30.8/15,22.5/22,346.8,23.2/220.0/18,37.7/40.0/17,93,62/22,970.0,18,128.2
3654,2019,8,馬祖,27.3,33.5/19,23.4/11,192.4,14.0/210.0/9,22.9/230.0/9,86,68/23,994.6,11,190.6
3655,2019,8,金門,28.5,35.5/17,25.2/22,45.3,8.8/260.0/10,14.3/170.0/22,83,53/17,1001.9,8,209.8
3656,2019,8,澎湖,29.1,34.3/30,24.6/21,178.5,8.0/180.0/2,17.6/10.0/17,85,57/31,1004.7,12,203.9
3657,2019,8,東吉島,29.3,33.0/31,24.9/27,261.7,17.7/200.0/2,23.3/200.0/2,69,60/22,1001.4,16,201.7
3658,2019,9,彭佳嶼,28.5,32.9/15,23.8/19,124.6,30.6/230.0/9,40.8/220.0/9,84,64/6,992.2,10,273.1
3659,2019,9,基隆,29.8,37.4/10,25.1/18,173.3,12.7/240.0/9,25.8/260.0/9,73,41/10,V,16,209.2
3660,2019,9,臺北,30.5,37.8/10,25.1/20,212.4,8.7/90.0/24,21.7/270.0/9,72,37/10,999.5,15,186.8
3661,2019,9,鞍部,23.3,29.4/27,19.8/19,379.6,14.3/350.0/9,28.0/360.0/9,92,61/19,913.9,18,117.6
3662,2019,9,竹子湖,25.1,31.3/27,20.7/19,397.3,6.1/20.0/3,21.7/20.0/9,82,56/13,936.9,18,162.9
3663,2019,9,淡水,29.4,36.0/4,24.3/20,192.0,6.6/230.0/9,18.9/130.0/24,77,46/2,1001.6,9,215.7
3664,2019,9,(原板橋),30.0,37.1/10,24.3/22,210.0,10.2/220.0/9,21.1/220.0/9,71,37/2,1001.8,12,212.2
3665,2019,9,新屋,29.3,37.4/31,24.3/20,172.6,16.4/230.0/10,27.7/70.0/24,78,52/31,1000.2,10,222.0
3666,2019,9,新竹,29.5,36.5/23,24.1/20,211.4,9.0/60.0/24,21.8/60.0/24,74,45/13,999.7,15,212.7
3667,2019,9,臺中,28.4,36.0/28,23.8/3,768.0,5.3/350.0/8,12.9/340.0/8,86,49/24,993.5,24,93.0
3668,2019,9,梧棲,28.7,33.9/25,23.7/19,544.5,13.8/330.0/9,22.7/340.0/8,81,53/24,1000.4,14,169.2
3669,2019,9,日月潭,22.7,32.5/28,19.1/3,664.5,11.8/140.0/24,29.5/150.0/24,85,45/24,895.4,23,87.8
3670,2019,9,嘉義,28.5,35.4/28,23.7/31,631.5,7.8/250.0/15,15.3/10.0/8,81,58/28,1000.1,25,114.9
3671,2019,9,阿里山,14.5,24.3/28,9.4/27,1128.8,7.4/90.0/24,22.6/70.0/24,95,38/27,760.9,27,73.7
3672,2019,9,玉山,8.3,20.1/4,3.6/31,602.0,27.6/110.0/24,46.4/100.0/24,91,28/4,640.2,22,111.1
3673,2019,9,臺南,28.7,34.6/4,23.8/13,758.0,12.3/180.0/2,25.2/130.0/24,79,56/5,1001.0,22,122.0
3674,2019,9,高雄,28.8,33.2/11,25.0/17,726.2,12.0/160.0/24,22.3/160.0/24,84,63/2,1003.2,21,129.6
3675,2019,9,恆春,28.3,34.1/5,24.0/21,839.6,10.2/270.0/9,20.9/250.0/9,88,47/7,1000.9,26,69.4
3676,2019,9,宜蘭,29.0,36.9/10,23.6/20,218.0,10.1/130.0/24,18.6/140.0/24,81,53/9,1002.6,18,193.1
3677,2019,9,蘇澳,28.8,35.2/10,24.6/20,219.5,14.1/130.0/24,26.2/160.0/24,80,45/10,1000.6,16,194.9
3678,2019,9,花蓮,28.9,35.6/8,24.1/19,289.0,10.9/180.0/25,19.7/180.0/25,78,54/8,1001.6,13,218.8
3679,2019,9,成功,28.0,34.8/11,23.9/19,437.4,13.1/160.0/24,23.1/10.0/24,82,56/7,998.8,23,187.3
3680,2019,9,臺東,29.1,35.7/10,23.5/21,216.4,13.0/50.0/24,26.3/40.0/24,79,46/9,1002.2,16,192.1
3681,2019,9,大武,28.2,35.9/9,23.7/21,616.2,12.1/30.0/24,30.5/40.0/24,88,57/9,1002.1,24,154.8
3682,2019,9,蘭嶼,26.3,31.5/30,22.1/16,278.3,27.9/180.0/24,44.8/30.0/24,94,59/30,967.3,22,102.3
3683,2019,9,馬祖,28.2,34.5/29,24.5/22,27.3,11.8/70.0/25,22.4/60.0/25,83,59/10,993.8,12,226.0
3684,2019,9,金門,29.4,37.2/8,25.0/19,112.7,17.2/280.0/11,25.3/50.0/24,77,49/24,1000.2,10,240.9
3685,2019,9,澎湖,28.5,34.8/6,24.8/15,169.6,12.8/140.0/25,27.0/150.0/25,88,65/9,1002.1,10,177.2
3686,2019,9,東吉島,28.7,32.7/6,25.3/19,169.2,23.2/160.0/25,32.4/170.0/25,83,74/9,998.7,14,178.9
3687,2019,10,彭佳嶼,26.6,31.1/7,22.3/21,80.5,35.1/340.0/30,52.1/350.0/30,80,51/25,998.2,14,221.1
3688,2019,10,基隆,26.8,33.9/6,20.5/21,659.1,17.3/10.0/30,28.6/20.0/30,76,50/10,1006.4,20,115.8
3689,2019,10,臺北,27.3,36.1/11,19.8/21,377.1,9.0/310.0/30,22.4/320.0/30,79,37/10,1006.0,15,139.7
3690,2019,10,鞍部,20.7,27.9/11,16.1/20,1333.8,17.1/350.0/30,34.2/350.0/30,94,62/9,918.9,20,86.4
3691,2019,10,竹子湖,22.4,30.2/11,16.8/22,1182.7,6.6/20.0/30,25.3/30.0/30,84,63/22,942.2,19,118.1
3692,2019,10,淡水,26.3,37.0/6,19.5/22,657.0,6.7/330.0/30,19.2/320.0/30,83,50/11,1007.6,17,147.0
3693,2019,10,(原板橋),27.0,35.9/2,19.6/21,291.4,7.6/60.0/30,16.5/70.0/30,76,39/10,1008.3,14,134.2
3694,2019,10,新屋,26.8,36.6/3,19.1/21,221.4,14.1/40.0/30,23.1/30.0/30,75,51/3,1006.6,13,176.8
3695,2019,10,新竹,27.2,35.2/12,20.2/21,92.0,6.6/20.0/17,16.2/60.0/30,71,46/12,1005.9,11,196.1
3696,2019,10,臺中,27.7,35.6/2,21.8/24,133.5,6.9/10.0/20,17.6/20.0/20,78,49/23,998.4,7,150.5
3697,2019,10,梧棲,27.4,33.6/12,21.6/20,9.0,15.5/350.0/30,27.3/10.0/18,75,54/22,1005.6,4,258.9
3698,2019,10,日月潭,22.1,29.9/15,15.8/21,92.0,6.4/290.0/1,13.9/290.0/1,79,51/30,899.2,5,107.4
3699,2019,10,嘉義,27.8,35.0/9,21.3/24,132.2,8.1/10.0/30,14.5/360.0/30,75,45/23,1004.9,9,190.9
3700,2019,10,阿里山,13.3,20.9/12,7.6/9,115.3,4.6/100.0/30,15.0/70.0/30,92,45/18,763.7,14,110.6
3701,2019,10,玉山,8.0,20.2/14,2.4/15,133.5,15.6/110.0/1,23.2/80.0/30,77,12/9,642.2,12,193.9
3702,2019,10,臺南,28.4,33.9/1,23.3/24,180.0,10.4/340.0/20,18.6/350.0/21,71,47/23,1005.6,8,202.6
3703,2019,10,高雄,28.7,32.8/20,24.5/24,247.0,10.0/360.0/20,18.5/340.0/21,76,50/22,1007.8,8,198.9
3704,2019,10,恆春,27.6,32.9/13,22.6/22,356.5,9.3/10.0/30,19.0/340.0/30,81,43/26,1005.5,14,84.3
3705,2019,10,宜蘭,26.8,33.9/14,21.9/25,514.6,13.5/90.0/30,22.9/100.0/30,79,49/22,1008.8,21,127.7
3706,2019,10,蘇澳,26.8,31.7/12,21.1/26,472.0,16.6/280.0/30,29.8/10.0/30,78,49/22,1006.5,16,128.3
3707,2019,10,花蓮,27.4,34.2/18,21.7/26,228.0,13.4/20.0/30,26.3/20.0/30,75,44/18,1007.0,13,180.3
3708,2019,10,成功,26.9,32.9/13,21.5/26,158.7,13.4/10.0/30,26.2/360.0/30,77,52/18,1004.1,16,164.0
3709,2019,10,臺東,27.5,32.5/29,22.5/23,202.1,8.3/40.0/30,19.0/50.0/30,77,50/19,1007.7,11,159.3
3710,2019,10,大武,27.4,34.6/20,21.9/26,243.7,7.5/30.0/30,15.3/40.0/18,81,48/30,1007.2,16,140.7
3711,2019,10,蘭嶼,25.1,30.0/21,21.2/23,390.7,32.9/30.0/30,52.3/40.0/30,92,54/20,971.7,20,99.0
3712,2019,10,馬祖,26.5,33.6/6,21.9/26,50.1,9.5/50.0/18,19.5/360.0/30,74,43/21,1000.8,12,239.2
3713,2019,10,金門,28.5,36.1/12,22.1/26,2.7,8.2/70.0/18,17.4/40.0/30,67,25/21,1007.0,4,257.1
3714,2019,10,澎湖,27.8,33.6/11,24.2/22,0.6,11.0/40.0/18,22.9/30.0/19,79,48/21,1007.6,2,216.4
3715,2019,10,東吉島,28.0,33.4/11,24.1/22,7.8,20.8/40.0/18,28.7/10.0/30,79,62/21,1003.9,3,239.0
3716,2019,11,彭佳嶼,24.2,29.6/4,19.7/29,9.0,35.4/340.0/1,49.2/340.0/1,73,52/22,1004.2,7,200.4
3717,2019,11,基隆,24.6,32.2/1,18.8/22,152.3,10.9/230.0/1,22.8/320.0/1,72,47/1,1012.4,16,128.0
3718,2019,11,臺北,25.3,34.8/2,19.9/22,27.1,7.9/90.0/8,17.1/320.0/1,74,37/5,1011.9,8,159.0
3719,2019,11,鞍部,18.3,27.3/4,14.2/20,232.4,17.1/360.0/1,31.8/360.0/1,90,55/11,923.5,17,97.3
3720,2019,11,竹子湖,20.0,28.8/4,15.8/22,214.8,8.2/30.0/30,21.4/350.0/1,85,46/2,947.2,17,147.0
3721,2019,11,淡水,24.3,35.5/1,17.2/22,32.5,5.6/330.0/1,18.4/340.0/1,84,51/25,1013.5,8,183.8
3722,2019,11,(原板橋),24.9,34.8/2,18.6/18,33.5,7.8/220.0/1,16.9/200.0/1,71,38/2,1014.3,7,126.9
3723,2019,11,新屋,24.4,32.9/5,20.0/29,8.8,14.0/40.0/31,21.8/50.0/31,70,48/14,1012.4,6,222.7
3724,2019,11,新竹,25.2,33.2/2,20.5/29,11.5,6.8/60.0/15,16.9/30.0/15,71,49/25,1011.4,2,238.6
3725,2019,11,臺中,26.1,33.6/2,20.4/22,11.5,4.8/350.0/19,10.9/340.0/19,71,44/18,1003.9,1,214.2
3726,2019,11,梧棲,25.0,32.2/6,19.4/22,4.0,13.9/350.0/15,23.0/360.0/15,73,47/15,1011.1,1,266.4
3727,2019,11,日月潭,20.8,29.1/2,15.8/22,9.5,4.1/180.0/28,8.6/340.0/1,76,52/24,903.5,1,134.8
3728,2019,11,嘉義,25.9,34.5/2,18.8/22,5.5,5.8/10.0/1,10.1/360.0/1,74,46/18,1010.3,2,235.0
3729,2019,11,阿里山,11.6,18.7/5,5.9/22,22.0,4.2/150.0/29,7.8/360.0/1,91,40/23,766.5,6,126.2
3730,2019,11,玉山,7.2,20.0/17,0.8/13,45.5,13.8/100.0/6,20.0/100.0/6,61,7/22,644.1,3,235.1
3731,2019,11,臺南,27.1,33.0/3,21.5/20,0.0,8.0/330.0/1,14.6/340.0/1,69,50/21,1011.0,0,173.5
3732,2019,11,高雄,27.7,31.9/3,23.3/29,52.5,10.5/350.0/1,19.1/330.0/1,72,55/29,1013.3,3,232.7
3733,2019,11,恆春,26.5,32.0/3,22.5/28,28.0,12.1/20.0/15,23.4/20.0/15,75,45/28,1010.9,5,99.0
3734,2019,11,宜蘭,24.4,34.9/1,18.5/18,228.7,7.8/290.0/1,13.5/280.0/1,78,48/1,1014.8,15,127.8
3735,2019,11,蘇澳,24.2,31.3/1,19.9/22,355.5,10.3/90.0/31,16.7/80.0/31,80,46/22,1012.6,13,134.8
3736,2019,11,花蓮,25.3,31.6/2,20.7/23,157.0,10.1/40.0/15,18.8/70.0/15,73,49/20,1013.0,7,130.2
3737,2019,11,成功,25.1,31.9/1,20.7/21,117.0,11.1/20.0/15,18.8/20.0/15,74,51/15,1010.2,16,153.9
3738,2019,11,臺東,25.8,31.9/2,21.7/21,25.3,8.4/50.0/15,18.7/60.0/15,74,52/15,1013.7,5,171.2
3739,2019,11,大武,25.9,34.0/1,20.2/19,71.1,7.6/40.0/15,16.1/40.0/15,76,50/1,1013.2,11,162.4
3740,2019,11,蘭嶼,23.8,30.2/1,21.1/26,122.2,20.4/260.0/1,32.7/240.0/1,87,57/23,977.2,12,141.1
3741,2019,11,馬祖,23.2,32.3/2,17.9/28,6.1,9.0/60.0/14,17.0/20.0/15,73,47/29,1006.7,7,199.1
3742,2019,11,金門,25.3,36.7/3,18.8/22,5.0,8.4/80.0/19,17.8/70.0/15,66,29/20,1012.8,1,207.6
3743,2019,11,澎湖,25.7,32.3/4,22.6/22,0.0,10.2/30.0/15,22.2/30.0/15,76,51/15,1013.1,0,241.0
3744,2019,11,東吉島,26.4,33.2/3,23.4/29,0.0,19.9/30.0/14,25.7/40.0/14,79,67/17,1009.2,0,267.8
3745,2019,12,彭佳嶼,18.3,25.2/17,12.9/07,165.2,17.2/30.0/06,24.6/40.0/06,77,43/08,1009.5,11,80.0
3746,2019,12,基隆,18.6,28.3/17,13.5/07,352.6,12.4/10.0/07,19.8/360.0/07,77,42/17,1017.8,18,57.9
3747,2019,12,臺北,19.1,29.5/17,11.6/08,136.2,7.9/100.0/12,14.9/100.0/12,77,31/08,1017.4,9,80.8
3748,2019,12,鞍部,12.8,22.6/17,6.4/02,469.0,9.2/350.0/02,23.7/350.0/06,93,54/01,926.4,20,47.5
3749,2019,12,竹子湖,14.3,23.1/17,8.5/08,532.6,8.9/20.0/18,17.0/10.0/31,88,51/01,950.9,17,87.3
3750,2019,12,淡水,18.0,26.8/17,10.1/08,195.5,5.3/20.0/06,14.4/10.0/06,82,44/08,1018.9,8,82.1
3751,2019,12,(原板橋),18.6,28.4/17,10.7/08,182.0,7.6/60.0/28,15.0/70.0/31,79,32/08,1019.9,11,57.6
3752,2019,12,新屋,18.0,27.5/17,12.0/07,186.0,13.4/50.0/04,22.6/50.0/04,75,47/08,1017.8,9,107.5
3753,2019,12,新竹,18.3,26.9/17,12.5/07,140.2,6.8/20.0/04,18.5/50.0/04,75,38/08,1016.8,9,120.4
3754,2019,12,臺中,19.3,29.5/01,12.0/09,94.5,6.3/10.0/02,14.3/30.0/02,75,38/01,1008.7,5,204.5
3755,2019,12,梧棲,18.4,27.2/17,13.3/09,135.0,17.1/350.0/07,28.7/10.0/07,77,47/08,1016.2,5,190.4
3756,2019,12,日月潭,15.9,25.4/26,9.3/08,138.0,5.1/160.0/29,7.8/120.0/31,74,41/10,905.8,8,170.6
3757,2019,12,嘉義,19.1,30.0/01,10.6/09,122.0,7.8/10.0/02,13.1/360.0/02,76,37/01,1015.1,7,167.2
3758,2019,12,阿里山,8.8,18.2/16,-1.5/08,144.5,4.3/150.0/27,9.4/120.0/20,74,17/13,766.9,8,176.6
3759,2019,12,玉山,4.4,16.5/18,-4.8/07,103.0,20.3/170.0/06,29.3/190.0/06,39,7/08,643.6,9,232.6
3760,2019,12,臺南,19.8,28.9/17,13.0/08,60.7,9.2/340.0/07,15.6/340.0/05,76,44/13,1015.7,7,182.5
3761,2019,12,高雄,21.8,29.6/17,14.6/08,22.3,6.9/350.0/30,10.4/10.0/30,71,36/10,1017.8,4,171.0
3762,2019,12,恆春,22.4,29.5/17,13.9/11,14.5,13.5/60.0/31,28.0/40.0/04,74,31/10,1015.0,6,173.4
3763,2019,12,宜蘭,18.8,27.7/22,13.1/03,162.6,8.0/110.0/26,13.4/110.0/26,80,47/08,1020.3,17,74.1
3764,2019,12,蘇澳,18.6,25.9/26,12.4/07,391.0,9.9/80.0/26,21.6/70.0/26,85,38/08,1017.9,18,71.4
3765,2019,12,花蓮,20.2,27.1/17,13.6/09,133.0,11.0/40.0/27,19.4/30.0/02,75,43/08,1018.0,16,93.5
3766,2019,12,成功,20.5,27.9/18,15.6/10,144.4,10.3/10.0/06,22.0/340.0/06,75,46/09,1015.1,17,100.7
3767,2019,12,臺東,21.1,27.8/17,14.8/09,92.0,7.5/50.0/02,16.9/40.0/02,73,41/10,1018.3,8,113.6
3768,2019,12,大武,21.8,28.5/17,15.7/08,69.4,8.0/30.0/26,15.8/20.0/05,72,42/09,1017.9,11,113.0
3769,2019,12,蘭嶼,19.9,26.4/22,15.4/07,278.6,34.4/30.0/06,49.7/40.0/06,89,41/09,980.8,19,75.8
3770,2019,12,馬祖,14.2,24.0/01,8.9/08,40.6,8.9/360.0/06,20.7/360.0/06,78,44/11,1012.6,7,135.3
3771,2019,12,金門,16.8,25.9/16,9.9/08,75.8,8.7/80.0/19,17.9/70.0/31,70,28/04,1018.6,8,155.1
3772,2019,12,澎湖,19.1,27.0/17,14.9/06,139.4,10.9/30.0/02,26.3/360.0/03,84,47/03,1018.1,5,138.4
3773,2019,12,東吉島,20.5,27.2/17,16.2/05,208.8,21.9/30.0/06,29.7/30.0/07,82,58/09,1013.7,6,160.3
3774,2020,1,彭佳嶼,18.3,25.2/17,12.9/07,165.2,17.2/30.0/06,24.6/40.0/06,77,43/08,1009.5,11,80.0
3775,2020,1,基隆,18.6,28.3/17,13.5/07,352.6,12.4/10.0/07,19.8/360.0/07,77,42/17,1017.8,18,57.9
3776,2020,1,臺北,19.1,29.5/17,11.6/08,136.2,7.9/100.0/12,14.9/100.0/12,77,31/08,1017.4,9,80.8
3777,2020,1,鞍部,12.8,22.6/17,6.4/02,469.0,9.2/350.0/02,23.7/350.0/06,93,54/01,926.4,20,47.5
3778,2020,1,竹子湖,14.3,23.1/17,8.5/08,532.6,8.9/20.0/18,17.0/10.0/31,88,51/01,950.9,17,87.3
3779,2020,1,淡水,18.0,26.8/17,10.1/08,195.5,5.3/20.0/06,14.4/10.0/06,82,44/08,1018.9,8,82.1
3780,2020,1,(原板橋),18.6,28.4/17,10.7/08,182.0,7.6/60.0/28,15.0/70.0/31,79,32/08,1019.9,11,57.6
3781,2020,1,新屋,18.0,27.5/17,12.0/07,186.0,13.4/50.0/04,22.6/50.0/04,75,47/08,1017.8,9,107.5
3782,2020,1,新竹,18.3,26.9/17,12.5/07,140.2,6.8/20.0/04,18.5/50.0/04,75,38/08,1016.8,9,120.4
3783,2020,1,臺中,19.3,29.5/01,12.0/09,94.5,6.3/10.0/02,14.3/30.0/02,75,38/01,1008.7,5,204.5
3784,2020,1,梧棲,18.4,27.2/17,13.3/09,135.0,17.1/350.0/07,28.7/10.0/07,77,47/08,1016.2,5,190.4
3785,2020,1,日月潭,15.9,25.4/26,9.3/08,138.0,5.1/160.0/29,7.8/120.0/31,74,41/10,905.8,8,170.6
3786,2020,1,嘉義,19.1,30.0/01,10.6/09,122.0,7.8/10.0/02,13.1/360.0/02,76,37/01,1015.1,7,167.2
3787,2020,1,阿里山,8.8,18.2/16,-1.5/08,144.5,4.3/150.0/27,9.4/120.0/20,74,17/13,766.9,8,176.6
3788,2020,1,玉山,4.4,16.5/18,-4.8/07,103.0,20.3/170.0/06,29.3/190.0/06,39,7/08,643.6,9,232.6
3789,2020,1,臺南,19.8,28.9/17,13.0/08,60.7,9.2/340.0/07,15.6/340.0/05,76,44/13,1015.7,7,182.5
3790,2020,1,高雄,21.8,29.6/17,14.6/08,22.3,6.9/350.0/30,10.4/10.0/30,71,36/10,1017.8,4,171.0
3791,2020,1,恆春,22.4,29.5/17,13.9/11,14.5,13.5/60.0/31,28.0/40.0/04,74,31/10,1015.0,6,173.4
3792,2020,1,宜蘭,18.8,27.7/22,13.1/03,162.6,8.0/110.0/26,13.4/110.0/26,80,47/08,1020.3,17,74.1
3793,2020,1,蘇澳,18.6,25.9/26,12.4/07,391.0,9.9/80.0/26,21.6/70.0/26,85,38/08,1017.9,18,71.4
3794,2020,1,花蓮,20.2,27.1/17,13.6/09,133.0,11.0/40.0/27,19.4/30.0/02,75,43/08,1018.0,16,93.5
3795,2020,1,成功,20.5,27.9/18,15.6/10,144.4,10.3/10.0/06,22.0/340.0/06,75,46/09,1015.1,17,100.7
3796,2020,1,臺東,21.1,27.8/17,14.8/09,92.0,7.5/50.0/02,16.9/40.0/02,73,41/10,1018.3,8,113.6
3797,2020,1,大武,21.8,28.5/17,15.7/08,69.4,8.0/30.0/26,15.8/20.0/05,72,42/09,1017.9,11,113.0
3798,2020,1,蘭嶼,19.9,26.4/22,15.4/07,278.6,34.4/30.0/06,49.7/40.0/06,89,41/09,980.8,19,75.8
3799,2020,1,馬祖,14.2,24.0/01,8.9/08,40.6,8.9/360.0/06,20.7/360.0/06,78,44/11,1012.6,7,135.3
3800,2020,1,金門,16.8,25.9/16,9.9/08,75.8,8.7/80.0/19,17.9/70.0/31,70,28/04,1018.6,8,155.1
3801,2020,1,澎湖,19.1,27.0/17,14.9/06,139.4,10.9/30.0/02,26.3/360.0/03,84,47/03,1018.1,5,138.4
3802,2020,1,東吉島,20.5,27.2/17,16.2/05,208.8,21.9/30.0/06,29.7/30.0/07,82,58/09,1013.7,6,160.3
3803,2020,2,彭佳嶼,17.0,24.4/22,10.3/29,101.6,15.3/360.0/12,22.5/310.0/26,77,45/30,1008.5,13,94.6
3804,2020,2,基隆,17.2,26.5/07,8.3/31,189.0,10.0/10.0/12,16.0/360.0/12,77,40/30,1016.8,14,83.3
3805,2020,2,臺北,17.9,29.4/23,7.1/31,38.6,8.2/100.0/08,16.5/70.0/08,75,29/30,1016.5,10,113.2
3806,2020,2,鞍部,11.7,22.1/22,2.6/30,149.1,11.4/360.0/26,19.3/360.0/26,92,52/21,925.1,16,93.9
3807,2020,2,竹子湖,13.1,23.6/23,3.0/31,72.0,9.6/20.0/08,20.5/360.0/08,87,50/02,949.8,13,114.0
3808,2020,2,淡水,16.8,26.8/23,7.3/31,71.0,5.0/340.0/26,13.4/330.0/26,82,43/30,1018.1,9,124.8
3809,2020,2,(原板橋),17.3,27.6/23,6.3/31,47.6,7.3/60.0/08,15.3/90.0/08,79,33/30,1018.9,11,78.0
3810,2020,2,新屋,18.3,24.6/05,13.6/03,0.0,13.3/50.0/08,20.9/40.0/08,82,57/09,1016.4,0,48.0
3811,2020,2,新竹,16.7,27.5/23,8.1/31,36.0,5.9/20.0/08,15.9/20.0/08,78,42/30,1016.4,4,134.4
3812,2020,2,臺中,18.0,29.0/23,6.9/31,20.0,5.3/350.0/26,12.5/30.0/28,76,34/31,1008.7,1,225.1
3813,2020,2,梧棲,17.1,26.4/23,9.8/31,24.0,12.9/330.0/26,20.5/340.0/08,78,31/24,1016.2,1,193.9
3814,2020,2,日月潭,14.8,24.7/22,3.5/31,11.5,6.8/160.0/28,10.4/160.0/28,72,29/14,905.3,2,200.3
3815,2020,2,嘉義,18.2,29.9/23,5.8/31,14.0,6.9/10.0/30,12.6/360.0/30,76,34/14,1015.2,2,217.6
3816,2020,2,阿里山,6.8,16.7/07,-4.3/31,38.2,4.7/150.0/22,13.1/210.0/28,70,20/23,766.0,2,217.0
3817,2020,2,玉山,1.8,18.9/06,-12.2/30,7.7,20.3/200.0/26,29.8/210.0/26,35,8/24,642.1,2,279.3
3818,2020,2,臺南,19.0,29.4/23,9.2/31,27.5,9.2/360.0/30,18.8/360.0/26,75,40/31,1015.7,2,244.5
3819,2020,2,高雄,20.9,29.0/23,11.7/31,26.5,8.9/340.0/26,14.7/360.0/26,70,33/14,1017.8,4,228.0
3820,2020,2,恆春,21.9,29.3/24,15.3/20,57.2,10.2/60.0/01,20.9/60.0/01,76,35/16,1015.0,5,196.7
3821,2020,2,宜蘭,18.3,27.9/07,8.0/30,31.9,11.8/350.0/27,18.7/350.0/27,76,41/30,1019.1,6,94.8
3822,2020,2,蘇澳,18.1,26.0/07,10.5/30,90.0,8.3/90.0/12,23.3/80.0/12,80,32/30,1016.7,10,79.6
3823,2020,2,花蓮,19.5,27.2/24,11.6/31,50.7,8.6/180.0/22,14.4/50.0/12,77,46/31,1017.2,15,90.5
3824,2020,2,成功,19.8,27.5/25,13.4/30,66.1,9.2/30.0/08,17.6/10.0/08,76,47/31,1014.5,16,93.9
3825,2020,2,臺東,20.5,27.2/24,13.4/31,34.6,7.3/50.0/08,16.9/60.0/08,74,46/31,1017.8,9,114.4
3826,2020,2,大武,21.3,28.8/07,13.2/31,74.4,7.1/30.0/08,14.9/40.0/08,71,49/31,1017.4,11,122.1
3827,2020,2,蘭嶼,19.6,25.9/23,14.2/31,198.4,19.7/20.0/29,27.3/40.0/29,86,36/31,981.0,20,118.0
3828,2020,2,馬祖,12.9,21.4/06,7.6/30,31.2,8.4/200.0/07,15.4/10.0/15,80,45/30,1011.5,7,89.1
3829,2020,2,金門,15.6,25.5/23,7.5/31,37.7,8.0/50.0/26,16.0/50.0/26,73,32/30,1017.9,2,135.7
3830,2020,2,澎湖,18.4,27.3/23,13.2/31,8.4,8.7/20.0/08,19.1/20.0/08,82,40/31,1017.9,2,138.3
3831,2020,2,東吉島,19.7,26.9/23,14.7/31,5.2,16.4/360.0/26,21.2/30.0/30,84,60/30,1013.8,2,161.6
3832,2020,3,彭佳嶼,17.7,24.7/12,9.3/16,81.1,18.6/360.0/16,25.2/360.0/16,76,49/18,1010.5,11,99.9
3833,2020,3,基隆,17.7,27.4/21,8.6/01,161.7,9.7/10.0/16,15.4/10.0/16,76,34/18,1018.7,13,93.6
3834,2020,3,臺北,18.7,31.6/26,8.5/01,29.6,7.4/100.0/22,16.3/110.0/22,72,30/12,1018.4,8,126.0
3835,2020,3,鞍部,12.4,22.7/26,2.5/16,160.0,8.1/70.0/16,18.3/120.0/23,90,55/12,927.1,14,93.8
3836,2020,3,竹子湖,13.9,24.9/26,3.5/18,119.6,8.7/30.0/16,18.9/40.0/16,84,39/12,951.8,14,126.8
3837,2020,3,淡水,17.3,27.6/13,7.1/01,50.5,5.7/160.0/06,14.9/50.0/16,85,47/18,1019.9,6,156.1
3838,2020,3,(原板橋),18.1,29.6/25,9.7/18,37.5,7.5/70.0/22,14.4/80.0/18,76,31/02,1020.8,5,96.9
3839,2020,3,新屋,16.9,26.1/26,9.3/18,53.7,13.5/50.0/22,20.9/50.0/22,83,52/18,1019.8,5,138.6
3840,2020,3,新竹,17.6,28.7/15,8.3/01,55.0,6.3/20.0/17,15.1/60.0/18,74,46/01,1018.1,6,150.7
3841,2020,3,臺中,19.0,30.2/26,8.4/01,4.5,5.3/350.0/07,11.7/350.0/08,72,28/18,1010.5,2,212.5
3842,2020,3,梧棲,17.7,26.9/25,8.3/01,9.5,14.6/350.0/17,24.0/10.0/16,77,27/17,1018.0,4,190.7
3843,2020,3,日月潭,15.7,27.2/26,5.7/01,70.5,6.3/300.0/13,17.0/290.0/13,71,37/12,906.9,2,195.3
3844,2020,3,嘉義,19.2,30.1/29,8.3/01,10.0,8.1/240.0/13,13.3/250.0/13,76,41/12,1016.9,1,201.4
3845,2020,3,阿里山,6.7,16.3/15,-2.2/01,40.5,4.5/130.0/11,12.5/270.0/13,79,20/01,767.4,3,164.8
3846,2020,3,玉山,1.4,17.8/24,-10.4/01,11.5,14.8/270.0/16,26.4/250.0/16,54,8/28,643.1,3,216.4
3847,2020,3,臺南,20.0,30.3/29,11.1/17,1.5,9.7/360.0/17,15.3/10.0/17,70,31/18,1017.5,1,226.4
3848,2020,3,高雄,21.8,29.9/25,13.0/17,0.5,7.5/170.0/15,12.2/180.0/15,69,39/02,1019.7,1,218.7
3849,2020,3,恆春,21.9,29.4/25,15.4/18,53.0,10.9/60.0/18,23.8/50.0/05,79,43/04,1017.1,8,162.9
3850,2020,3,宜蘭,18.4,29.3/26,8.9/18,40.0,8.1/110.0/22,12.9/120.0/22,77,52/17,1021.3,11,76.6
3851,2020,3,蘇澳,18.2,27.1/26,9.7/01,243.5,8.3/30.0/17,20.1/60.0/16,83,45/18,1018.9,17,57.2
3852,2020,3,花蓮,19.6,27.8/26,12.1/01,18.6,10.7/40.0/16,18.7/40.0/16,74,51/18,1019.5,9,83.7
3853,2020,3,成功,20.0,27.9/14,11.8/01,69.8,9.1/20.0/05,16.9/10.0/16,77,54/02,1016.6,18,68.5
3854,2020,3,臺東,20.5,28.4/14,12.9/17,32.2,7.9/50.0/16,18.0/50.0/16,75,51/02,1020.0,10,86.5
3855,2020,3,大武,20.9,29.4/13,12.2/01,109.1,8.5/30.0/16,16.2/40.0/16,74,51/01,1019.6,17,98.8
3856,2020,3,蘭嶼,19.6,26.2/16,13.2/17,103.2,18.0/20.0/16,27.5/30.0/17,84,40/02,983.2,13,91.1
3857,2020,3,馬祖,12.5,23.5/25,6.7/18,90.6,7.5/60.0/16,15.4/350.0/06,80,50/18,1013.4,9,117.8
3858,2020,3,金門,15.5,27.9/26,7.5/19,47.6,9.0/70.0/22,20.0/30.0/15,72,38/18,1019.6,6,163.6
3859,2020,3,澎湖,18.8,27.6/29,13.1/18,7.1,9.6/20.0/08,18.9/30.0/16,82,41/01,1019.7,4,149.5
3860,2020,3,東吉島,20.3,27.9/15,14.8/17,2.4,18.2/20.0/17,25.6/20.0/17,84,68/18,1015.6,1,168.7
3861,2020,4,彭佳嶼,19.0,27.6/22,12.9/05,131.5,17.8/290.0/10,23.5/270.0/10,80,36/16,1004.9,17,80.8
3862,2020,4,基隆,19.7,31.2/26,12.4/15,202.7,10.0/10.0/28,15.7/20.0/28,81,32/16,1013.1,20,81.0
3863,2020,4,臺北,20.8,34.2/26,13.0/15,245.5,7.5/80.0/02,14.7/120.0/16,75,24/16,1012.7,17,87.1
3864,2020,4,鞍部,14.6,26.5/26,7.2/15,266.0,9.7/350.0/10,20.3/190.0/27,91,47/17,922.6,22,79.7
3865,2020,4,竹子湖,16.0,27.7/26,7.4/15,204.9,8.5/30.0/04,19.7/360.0/05,89,39/17,947.0,20,100.8
3866,2020,4,淡水,19.6,30.8/26,10.5/15,139.5,6.7/320.0/10,16.9/310.0/10,86,33/16,1014.3,14,95.0
3867,2020,4,(原板橋),20.3,32.8/26,13.9/15,307.0,5.9/60.0/11,12.2/90.0/02,79,26/16,1015.0,17,78.5
3868,2020,4,新屋,19.3,28.9/26,11.9/16,167.8,12.1/40.0/02,19.2/40.0/04,87,36/16,1014.2,12,105.7
3869,2020,4,新竹,20.0,31.1/26,13.0/16,105.0,5.5/30.0/05,14.0/80.0/02,79,37/16,1012.7,12,109.6
3870,2020,4,臺中,22.3,33.2/26,14.5/15,55.0,5.3/340.0/10,11.4/320.0/04,70,35/17,1005.3,6,178.0
3871,2020,4,梧棲,20.7,29.6/26,12.9/05,67.0,12.4/350.0/04,22.4/20.0/04,77,41/16,1012.7,5,174.4
3872,2020,4,日月潭,18.0,29.4/27,9.3/16,90.0,8.0/170.0/27,13.4/290.0/09,76,37/01,903.2,5,139.0
3873,2020,4,嘉義,22.4,33.4/26,13.9/15,58.0,8.2/240.0/09,13.3/230.0/09,76,41/17,1011.7,5,187.2
3874,2020,4,阿里山,9.7,18.1/23,2.2/15,136.5,5.1/340.0/17,15.3/250.0/14,82,27/16,765.4,8,136.6
3875,2020,4,玉山,2.7,15.5/25,-3.1/15,89.0,18.0/270.0/28,26.2/210.0/29,76,10/01,642.4,7,137.6
3876,2020,4,臺南,23.3,31.7/26,15.5/05,29.5,8.8/360.0/28,16.2/20.0/10,72,46/03,1012.4,3,230.2
3877,2020,4,高雄,24.7,32.0/26,18.1/15,29.0,8.0/350.0/10,11.4/170.0/26,71,47/17,1014.6,3,227.8
3878,2020,4,恆春,24.0,31.6/27,18.3/16,12.0,11.4/60.0/05,23.2/40.0/05,80,43/17,1012.1,3,211.8
3879,2020,4,宜蘭,20.5,30.5/26,13.0/15,68.7,7.7/30.0/28,12.9/30.0/28,79,38/16,1015.5,14,98.6
3880,2020,4,蘇澳,20.0,28.7/26,13.4/16,161.5,9.8/80.0/10,20.5/60.0/10,84,29/16,1013.1,17,99.2
3881,2020,4,花蓮,21.4,29.5/22,15.1/15,119.1,14.3/130.0/27,19.4/130.0/27,80,46/16,1013.8,17,91.7
3882,2020,4,成功,21.6,29.1/22,15.5/15,128.3,8.7/10.0/28,16.8/190.0/09,80,48/16,1011.1,20,70.0
3883,2020,4,臺東,22.7,30.9/09,15.9/15,41.2,7.6/50.0/28,15.7/50.0/28,78,39/09,1014.3,10,115.2
3884,2020,4,大武,23.2,34.6/22,15.2/16,88.4,8.1/30.0/28,14.9/30.0/28,75,46/22,1014.2,10,144.2
3885,2020,4,蘭嶼,21.3,27.8/31,15.4/15,268.2,16.5/30.0/10,29.0/40.0/05,91,48/16,978.3,17,77.7
3886,2020,4,馬祖,14.1,25.4/27,8.1/05,193.7,8.6/210.0/09,16.8/30.0/27,86,60/24,1007.4,20,80.4
3887,2020,4,金門,17.6,26.7/10,10.1/05,39.0,8.7/70.0/10,17.7/60.0/28,77,35/16,1013.8,11,103.2
3888,2020,4,澎湖,21.8,29.7/27,17.2/05,29.1,9.1/20.0/04,19.4/360.0/05,81,25/16,1014.3,5,172.7
3889,2020,4,東吉島,22.8,29.4/27,18.5/14,33.8,18.1/30.0/05,23.5/30.0/05,80,58/16,1010.5,4,204.7
3890,2020,5,彭佳嶼,19.9,28.3/19,14.6/23,46.5,15.7/360.0/12,22.6/20.0/12,73,32/13,1005.7,16,112.3
3891,2020,5,基隆,19.8,30.5/30,11.1/13,223.8,8.1/30.0/22,14.1/40.0/22,80,30/13,1013.8,20,101.3
3892,2020,5,臺北,20.9,33.6/30,10.3/13,87.9,8.1/100.0/22,15.9/70.0/22,73,22/16,1013.5,15,93.6
3893,2020,5,鞍部,14.5,24.9/19,6.1/12,134.8,10.1/360.0/12,20.3/160.0/22,88,36/15,923.4,19,82.5
3894,2020,5,竹子湖,16.1,26.6/30,7.3/13,99.7,8.9/20.0/23,19.2/30.0/23,85,34/30,947.7,16,100.7
3895,2020,5,淡水,20.1,30.5/29,9.7/13,70.0,5.6/20.0/21,12.1/150.0/28,79,36/13,1015.2,13,113.6
3896,2020,5,(原板橋),20.4,32.1/30,9.9/13,97.1,7.3/50.0/22,14.1/30.0/22,76,24/16,1015.4,15,102.2
3897,2020,5,新屋,20.0,27.7/29,9.4/13,71.3,12.7/50.0/22,21.7/50.0/22,81,30/14,1014.8,14,119.8
3898,2020,5,新竹,20.5,29.6/29,9.5/13,72.5,5.7/20.0/22,13.4/10.0/28,74,28/13,1013.2,10,116.7
3899,2020,5,臺中,22.2,32.8/19,12.8/13,59.5,5.7/360.0/12,13.2/340.0/13,70,20/13,1005.7,9,154.5
3900,2020,5,梧棲,21.1,28.9/19,14.7/13,36.5,12.8/350.0/12,20.9/20.0/22,74,40/13,1013.1,10,166.0
3901,2020,5,日月潭,18.0,29.1/20,7.4/13,72.0,6.7/340.0/02,13.3/350.0/02,75,31/16,903.7,9,118.1
3902,2020,5,嘉義,22.4,33.8/19,11.6/13,37.0,7.4/10.0/12,12.6/360.0/12,75,29/13,1012.1,6,175.1
3903,2020,5,阿里山,9.9,19.4/17,-0.8/13,101.3,4.7/80.0/02,9.9/60.0/02,79,21/14,765.7,11,123.6
3904,2020,5,玉山,3.0,20.1/17,-6.8/12,85.4,11.7/280.0/23,22.0/280.0/26,83,10/10,643.1,11,136.1
3905,2020,5,臺南,23.4,32.0/18,15.6/13,23.0,9.5/360.0/12,17.4/360.0/12,69,32/16,1012.8,3,203.8
3906,2020,5,高雄,25.0,31.0/19,17.1/13,34.5,8.3/350.0/12,13.3/360.0/12,69,36/13,1014.9,2,218.3
3907,2020,5,恆春,24.7,32.4/19,17.2/15,6.0,10.4/60.0/28,21.5/50.0/24,73,31/13,1012.4,2,205.5
3908,2020,5,宜蘭,20.4,30.9/19,10.8/13,124.2,9.1/90.0/13,14.6/360.0/13,78,32/13,1016.3,14,81.4
3909,2020,5,蘇澳,20.3,30.7/19,11.9/13,327.0,8.7/70.0/01,19.5/100.0/01,82,21/13,1014.0,16,77.0
3910,2020,5,花蓮,21.5,30.1/18,15.0/13,57.0,9.2/180.0/19,15.3/30.0/12,79,44/13,1014.4,14,66.9
3911,2020,5,成功,22.0,29.5/18,15.6/12,58.6,8.2/30.0/23,14.1/40.0/22,78,38/13,1011.7,14,59.1
3912,2020,5,臺東,22.9,31.2/19,16.3/12,48.2,7.8/200.0/19,14.8/180.0/19,74,36/13,1015.0,6,80.2
3913,2020,5,大武,23.6,34.2/19,17.0/15,46.5,6.4/30.0/28,13.6/50.0/24,71,38/19,1014.7,10,117.7
3914,2020,5,蘭嶼,21.6,28.5/18,15.9/12,99.2,16.5/20.0/22,28.4/20.0/24,87,33/13,978.7,15,116.2
3915,2020,5,馬祖,16.3,26.9/30,9.1/06,41.2,9.2/200.0/17,17.2/20.0/22,79,43/13,1008.1,8,161.6
3916,2020,5,金門,19.2,32.1/27,12.3/08,41.6,9.3/70.0/28,17.0/70.0/28,70,23/27,1014.4,8,151.8
3917,2020,5,澎湖,21.7,30.1/18,16.5/07,45.1,8.0/20.0/04,17.2/20.0/22,80,19/13,1014.8,8,136.9
3918,2020,5,東吉島,22.9,30.0/18,19.0/12,39.8,15.7/20.0/22,22.8/40.0/22,77,47/13,1011.0,6,172.5
3919,2020,6,彭佳嶼,24.4,30.6/30,19.9/19,327.0,26.2/260.0/18,37.9/240.0/18,90,54/13,998.0,15,136.0
3920,2020,6,基隆,25.9,34.4/09,21.6/12,475.7,8.6/10.0/06,16.6/80.0/21,84,43/09,1005.8,18,120.3
3921,2020,6,臺北,26.9,36.6/09,21.8/19,405.8,7.1/70.0/13,13.9/290.0/18,77,32/01,1005.5,15,107.2
3922,2020,6,鞍部,21.2,28.3/10,16.3/01,428.4,7.3/350.0/06,16.2/10.0/18,88,34/02,918.3,16,70.6
3923,2020,6,竹子湖,22.4,29.7/09,17.8/12,391.0,5.8/20.0/22,14.7/360.0/06,88,46/02,941.9,16,93.4
3924,2020,6,淡水,25.9,34.2/09,20.9/13,316.0,4.7/160.0/13,12.1/60.0/13,84,25/13,1007.4,14,122.9
3925,2020,6,(原板橋),26.6,35.6/09,20.2/01,427.6,6.6/220.0/26,19.1/210.0/26,78,35/04,1007.7,15,127.4
3926,2020,6,新屋,25.8,31.6/17,19.5/01,413.4,12.1/230.0/05,18.9/220.0/18,86,48/13,1007.2,13,155.8
3927,2020,6,新竹,26.6,33.5/10,20.4/01,353.2,5.7/270.0/05,16.9/280.0/05,78,36/13,1005.8,13,159.5
3928,2020,6,臺中,27.5,36.9/10,21.8/20,306.5,5.7/180.0/16,10.8/190.0/16,75,34/01,999.4,11,167.2
3929,2020,6,梧棲,27.0,33.4/10,22.1/13,172.5,10.6/340.0/13,17.6/150.0/16,78,50/02,1006.4,9,197.8
3930,2020,6,日月潭,21.9,32.8/16,17.3/20,508.0,6.3/160.0/25,13.3/270.0/21,86,50/05,900.1,17,109.7
3931,2020,6,嘉義,27.8,35.6/08,20.7/01,287.3,8.3/250.0/05,14.4/250.0/20,76,37/01,1005.9,15,190.5
3932,2020,6,阿里山,13.5,21.7/09,8.8/01,726.9,4.3/260.0/26,14.2/270.0/22,87,39/03,764.4,21,104.8
3933,2020,6,玉山,6.8,20.0/09,0.3/18,609.5,13.1/280.0/19,25.6/280.0/18,95,30/14,644.0,19,98.0
3934,2020,6,臺南,28.1,34.7/16,23.0/19,470.5,9.2/190.0/16,17.0/200.0/16,76,37/01,1006.8,10,222.0
3935,2020,6,高雄,28.6,34.5/16,23.3/20,748.0,7.4/280.0/22,15.1/280.0/22,79,50/01,1009.1,9,221.0
3936,2020,6,恆春,28.0,34.2/15,23.7/20,220.8,8.7/70.0/13,18.5/70.0/12,86,43/14,1006.8,15,196.9
3937,2020,6,宜蘭,25.8,33.6/15,21.0/01,342.3,8.4/50.0/21,13.8/180.0/17,85,66/15,1008.3,17,88.8
3938,2020,6,蘇澳,25.5,31.4/15,21.7/13,212.0,11.0/170.0/17,19.7/90.0/19,88,53/17,1006.1,21,96.8
3939,2020,6,花蓮,26.1,32.8/31,22.0/01,171.5,12.1/160.0/17,17.6/180.0/17,83,59/13,1007.1,21,118.2
3940,2020,6,成功,26.2,32.7/10,22.1/01,194.4,7.4/30.0/06,14.0/210.0/17,86,62/13,1004.6,21,132.9
3941,2020,6,臺東,27.1,33.9/30,23.4/18,291.8,6.1/50.0/12,15.2/20.0/12,84,57/05,1007.8,18,146.8
3942,2020,6,大武,27.6,37.3/03,22.6/14,336.5,7.1/30.0/12,16.0/210.0/22,77,41/06,1007.9,13,184.7
3943,2020,6,蘭嶼,25.3,30.2/06,21.5/20,211.4,19.4/260.0/06,32.3/260.0/22,93,58/06,973.1,16,112.0
3944,2020,6,馬祖,22.8,32.7/16,17.7/21,126.3,10.6/200.0/09,19.4/200.0/09,87,57/13,999.2,19,135.4
3945,2020,6,金門,25.0,36.8/17,19.3/01,61.1,9.0/70.0/13,16.0/70.0/13,81,27/13,1005.9,13,135.3
3946,2020,6,澎湖,26.7,33.8/16,22.1/01,273.1,7.0/140.0/21,14.2/40.0/13,88,38/02,1008.0,9,189.3
3947,2020,6,東吉島,27.2,33.9/16,23.9/20,243.3,16.6/240.0/22,22.0/240.0/21,82,63/01,1004.7,10,210.1
3948,2020,7,彭佳嶼,28.1,33.7/28,23.2/09,56.0,17.0/270.0/22,21.9/280.0/04,86,61/18,996.6,7,243.0
3949,2020,7,基隆,29.7,37.6/23,24.9/09,91.7,9.3/230.0/22,16.1/240.0/22,73,37/18,1004.3,9,225.8
3950,2020,7,臺北,30.5,38.9/29,24.8/02,117.9,7.5/90.0/26,14.5/70.0/26,68,33/28,1004.1,8,150.6
3951,2020,7,鞍部,23.7,29.7/24,19.2/08,111.5,6.1/360.0/07,13.5/210.0/24,85,57/04,918.0,8,134.9
3952,2020,7,竹子湖,25.1,31.5/24,20.2/09,118.4,3.8/10.0/13,12.1/300.0/06,82,60/17,941.4,9,175.7
3953,2020,7,淡水,29.1,35.2/29,23.5/08,49.0,3.7/230.0/22,12.8/270.0/21,73,34/30,1006.1,7,220.6
3954,2020,7,(原板橋),30.0,37.3/23,24.0/09,108.3,7.3/220.0/21,14.8/200.0/21,71,38/28,1006.5,6,222.5
3955,2020,7,新屋,28.7,32.4/26,23.8/08,36.4,13.2/240.0/21,20.2/240.0/21,82,66/07,1005.9,4,261.5
3956,2020,7,新竹,29.7,35.6/23,23.6/08,46.0,7.0/280.0/22,16.3/290.0/22,70,41/28,1004.7,4,261.5
3957,2020,7,臺中,29.1,35.1/29,22.0/10,183.5,5.3/180.0/07,15.5/260.0/09,70,53/29,999.1,5,211.9
3958,2020,7,梧棲,29.2,33.7/26,22.8/08,42.5,10.0/230.0/21,16.1/230.0/06,74,57/03,1005.8,6,271.0
3959,2020,7,田中,29.5,36.0/26,23.5/08,40.5,5.4/210.0/06,13.4/240.0/08,79,46/26,1003.9,6,222.8
3960,2020,7,日月潭,23.2,31.4/28,18.2/08,330.0,8.0/160.0/26,15.9/170.0/26,83,52/10,900.5,15,133.8
3961,2020,7,嘉義,29.8,36.2/28,23.8/08,124.3,8.3/250.0/27,15.6/260.0/07,71,46/28,1005.6,11,245.4
3962,2020,7,阿里山,14.1,21.3/12,9.3/04,208.3,4.7/140.0/30,9.7/240.0/08,90,51/18,765.0,15,142.1
3963,2020,7,玉山,9.0,23.5/20,0.4/09,115.0,15.7/120.0/13,22.6/280.0/08,85,30/18,645.3,10,183.9
3964,2020,7,臺南,30.1,35.9/13,24.2/08,58.5,8.3/190.0/14,17.9/200.0/08,71,45/13,1006.5,10,271.8
3965,2020,7,高雄,30.3,35.9/12,25.2/09,163.0,7.9/310.0/07,16.9/180.0/29,75,51/12,1008.9,6,287.6
3966,2020,7,恆春,29.6,33.9/11,24.1/09,80.0,6.5/300.0/21,13.3/290.0/21,86,55/27,1006.4,10,260.2
3967,2020,7,宜蘭,29.0,35.8/27,24.2/10,116.0,6.1/80.0/17,10.3/180.0/13,79,57/13,1007.1,8,216.6
3968,2020,7,蘇澳,28.8,34.7/27,24.1/08,224.5,8.8/180.0/13,17.9/260.0/13,78,47/22,1004.9,7,220.1
3969,2020,7,花蓮,29.3,34.7/25,24.6/07,53.5,10.6/170.0/13,14.6/170.0/13,75,54/04,1006.0,6,254.7
3970,2020,7,成功,28.5,34.2/22,23.8/28,188.4,7.6/330.0/28,15.8/220.0/13,79,54/18,1003.6,8,258.6
3971,2020,7,臺東,29.6,34.2/19,25.3/12,78.8,7.7/200.0/30,17.5/210.0/30,77,53/19,1006.8,7,277.4
3972,2020,7,大武,29.4,37.6/25,24.0/09,74.8,6.1/170.0/10,11.9/210.0/25,72,45/19,1007.1,6,281.7
3973,2020,7,蘭嶼,27.1,30.5/27,23.9/08,27.7,17.3/250.0/22,26.3/260.0/22,89,60/11,972.8,5,208.7
3974,2020,7,馬祖,26.7,33.0/13,21.3/02,76.1,11.6/200.0/29,20.7/220.0/17,86,65/13,996.5,10,203.9
3975,2020,7,金門,27.9,34.2/30,23.8/09,107.0,9.1/250.0/09,14.3/210.0/03,85,66/29,1004.3,7,228.0
3976,2020,7,澎湖,28.6,33.8/30,23.2/08,51.6,8.9/260.0/07,17.5/260.0/07,87,60/13,1007.6,4,277.9
3977,2020,7,東吉島,29.4,34.5/28,23.2/08,28.1,16.7/210.0/08,23.6/220.0/08,79,69/28,1004.3,7,293.2
3978,2020,8,彭佳嶼,29.2,34.3/23,22.9/02,56.4,20.4/260.0/02,25.8/260.0/02,87,58/10,996.7,4,278.1
3979,2020,8,基隆,30.1,36.5/17,25.2/25,134.0,8.5/130.0/31,18.2/170.0/10,73,39/10,1004.4,7,234.7
3980,2020,8,臺北,30.9,39.7/24,24.6/02,133.5,7.2/130.0/30,14.3/150.0/29,67,31/10,1004.0,9,160.3
3981,2020,8,鞍部,24.3,30.9/13,20.0/02,140.5,7.5/190.0/30,21.3/150.0/31,83,56/16,918.1,7,150.1
3982,2020,8,竹子湖,25.7,32.7/18,21.1/02,112.0,4.1/20.0/28,11.0/110.0/30,81,59/24,941.4,4,181.1
3983,2020,8,淡水,29.9,36.7/31,24.4/03,129.5,5.8/150.0/31,14.0/150.0/31,62,16/10,1005.9,6,226.1
3984,2020,8,(原板橋),30.4,38.2/13,24.3/02,256.0,6.5/80.0/28,14.3/230.0/16,70,39/18,1006.4,8,220.5
3985,2020,8,新屋,30.0,36.2/31,25.9/21,5.5,12.6/230.0/09,20.3/250.0/09,78,54/16,1005.8,3,262.7
3986,2020,8,新竹,30.8,37.7/31,26.0/28,0.7,6.8/270.0/08,15.9/280.0/17,65,36/10,1004.5,2,256.2
3987,2020,8,臺中,29.6,36.3/31,24.0/21,93.5,5.7/230.0/10,15.3/250.0/10,74,56/01,998.7,12,215.1
3988,2020,8,梧棲,30.0,35.0/31,24.4/01,26.5,9.3/230.0/08,15.9/220.0/09,72,55/17,1005.4,4,260.7
3989,2020,8,田中,30.0,36.9/19,24.9/16,70.0,6.8/210.0/01,15.5/170.0/20,77,39/20,1003.5,7,195.3
3990,2020,8,日月潭,23.6,32.3/13,18.7/11,239.0,9.1/150.0/30,19.6/160.0/30,81,45/30,900.2,15,121.7
3991,2020,8,嘉義,30.2,37.2/13,24.2/21,128.0,8.5/230.0/02,14.4/240.0/01,69,43/13,1005.1,11,227.6
3992,2020,8,阿里山,14.4,22.3/15,10.4/13,377.0,4.7/150.0/03,9.9/250.0/01,93,46/10,764.8,24,131.9
3993,2020,8,玉山,8.6,23.8/13,0.8/30,198.0,28.3/120.0/30,35.8/110.0/30,87,28/03,645.4,20,178.8
3994,2020,8,臺南,30.2,35.2/23,24.7/29,141.0,9.4/220.0/29,14.5/220.0/29,72,41/13,1006.0,14,232.9
3995,2020,8,高雄,30.5,34.5/23,25.3/28,146.5,5.5/310.0/12,10.2/310.0/16,76,58/21,1008.3,14,244.2
3996,2020,8,恆春,29.8,34.8/23,25.3/30,246.5,9.2/60.0/30,20.2/60.0/30,85,37/13,1005.9,13,248.2
3997,2020,8,宜蘭,29.6,36.2/20,24.3/03,56.0,7.2/130.0/29,13.8/150.0/31,77,58/24,1007.2,12,230.8
3998,2020,8,蘇澳,29.4,34.3/20,24.5/02,77.5,10.5/160.0/31,17.9/170.0/31,77,49/26,1005.0,8,235.8
3999,2020,8,花蓮,29.5,35.3/16,24.6/20,105.0,8.5/160.0/05,13.0/160.0/05,76,51/13,1006.0,10,273.5
4000,2020,8,成功,28.7,34.0/10,23.8/30,104.0,6.9/30.0/10,11.6/20.0/10,82,58/10,1003.7,11,268.8
4001,2020,8,臺東,30.1,35.3/16,24.7/31,86.0,6.5/200.0/01,13.6/200.0/01,76,52/10,1006.9,7,293.0
4002,2020,8,大武,30.5,40.2/25,24.6/29,73.0,7.0/110.0/29,13.2/210.0/16,68,40/10,1007.1,10,285.3
4003,2020,8,蘭嶼,27.3,31.5/23,23.5/30,172.5,17.2/250.0/10,25.8/250.0/09,89,57/20,972.3,14,208.3
4004,2020,8,馬祖,28.1,34.7/23,24.2/25,33.0,10.7/200.0/06,20.0/210.0/10,84,58/23,996.6,4,233.1
4005,2020,8,金門,29.0,39.1/31,25.4/15,19.5,9.6/280.0/15,14.0/100.0/30,81,48/30,1004.4,2,265.8
4006,2020,8,澎湖,29.8,35.3/24,26.7/05,8.5,6.8/180.0/02,12.4/200.0/02,83,55/24,1007.1,4,284.4
4007,2020,8,東吉島,30.3,34.7/27,25.3/02,106.5,11.2/210.0/09,19.3/210.0/02,78,68/27,1003.8,12,258.2
4008,2020,9,彭佳嶼,28.8,33.7/27,24.6/23,126.5,23.1/270.0/03,30.8/270.0/03,84,X/,996.0,10,260.7
4009,2020,9,基隆,29.9,38.5/25,25.1/23,212.0,9.8/230.0/03,18.8/240.0/03,73,37/25,1003.8,9,228.1
4010,2020,9,臺北,30.2,38.5/25,25.1/04,322.5,7.1/90.0/18,15.4/140.0/21,70,33/19,1003.3,13,193.5
4011,2020,9,鞍部,23.4,29.3/25,20.3/05,537.5,9.6/350.0/03,19.7/190.0/21,86,46/19,917.2,13,149.5
4012,2020,9,竹子湖,24.8,31.5/25,21.2/05,554.0,6.2/10.0/11,14.5/250.0/23,84,48/19,940.6,12,172.5
4013,2020,9,淡水,29.2,36.1/01,24.8/05,296.5,5.2/150.0/01,14.6/110.0/21,72,37/01,1005.3,13,212.0
4014,2020,9,(原板橋),29.6,37.5/25,24.8/04,342.0,7.3/220.0/03,14.4/200.0/03,72,35/19,1005.6,13,213.2
4015,2020,9,新屋,29.2,35.7/20,24.7/31,153.0,12.4/240.0/04,20.8/240.0/04,80,50/20,1005.2,8,239.1
4016,2020,9,新竹,29.6,37.1/25,24.6/17,219.5,5.3/280.0/25,12.3/280.0/26,72,39/25,1003.8,13,217.2
4017,2020,9,臺中,28.5,35.2/25,23.2/16,278.5,5.6/200.0/27,17.5/170.0/27,75,57/25,997.5,16,174.5
4018,2020,9,梧棲,29.3,34.7/25,24.8/03,75.5,10.8/350.0/31,18.6/230.0/27,75,55/25,1004.4,12,235.8
4019,2020,9,田中,28.5,35.1/01,23.4/15,360.6,6.3/20.0/01,14.0/220.0/11,88,51/01,1002.3,18,180.0
4020,2020,9,日月潭,23.1,32.2/19,18.9/15,249.0,6.3/300.0/01,12.8/270.0/01,85,55/18,898.9,20,118.7
4021,2020,9,嘉義,28.8,36.2/18,24.1/16,262.2,9.1/240.0/15,13.8/290.0/15,75,48/18,1003.9,23,179.9
4022,2020,9,阿里山,13.9,22.4/22,9.9/21,376.0,4.4/140.0/28,11.3/120.0/11,96,67/17,763.5,27,94.1
4023,2020,9,玉山,6.7,21.7/19,0.3/13,179.5,19.3/130.0/11,26.6/120.0/11,89,20/09,643.9,18,137.6
4024,2020,9,臺南,28.8,35.0/06,23.9/16,663.5,9.7/160.0/11,18.1/150.0/11,79,48/19,1004.8,19,177.7
4025,2020,9,高雄,29.1,34.9/10,24.5/14,915.0,8.1/150.0/10,19.2/160.0/27,82,59/10,1007.1,22,182.5
4026,2020,9,恆春,28.5,34.6/08,24.4/26,463.5,7.6/70.0/18,15.4/40.0/17,89,38/08,1004.9,23,164.4
4027,2020,9,宜蘭,29.4,35.7/10,24.7/24,194.5,7.8/350.0/23,14.9/190.0/10,76,51/23,1006.5,9,231.4
4028,2020,9,蘇澳,29.1,34.0/23,24.3/22,152.5,10.4/170.0/10,17.4/160.0/10,76,45/23,1004.2,11,211.5
4029,2020,9,花蓮,29.1,34.1/15,24.0/22,101.5,9.3/190.0/03,14.6/180.0/03,75,53/09,1005.2,10,254.6
4030,2020,9,成功,27.9,34.0/31,23.7/15,132.8,7.6/230.0/11,19.1/220.0/04,81,58/31,1002.9,16,209.0
4031,2020,9,臺東,29.0,33.9/03,24.9/14,190.5,6.6/200.0/03,16.7/200.0/03,79,54/25,1006.2,13,226.1
4032,2020,9,大武,28.4,35.0/02,24.4/05,379.0,6.7/30.0/21,13.6/220.0/24,76,50/25,1006.4,21,186.1
4033,2020,9,蘭嶼,26.4,31.2/09,22.8/14,221.5,21.1/250.0/25,31.5/250.0/26,92,53/02,971.1,27,126.7
4034,2020,9,馬祖,28.4,36.1/23,24.3/11,32.5,10.1/190.0/26,18.4/240.0/11,85,50/23,997.2,5,247.8
4035,2020,9,金門,29.5,39.1/31,24.1/11,44.5,15.1/160.0/11,27.7/160.0/11,76,41/31,1004.1,6,242.4
4036,2020,9,澎湖,29.0,34.7/02,23.9/11,225.5,11.5/150.0/11,23.9/170.0/11,87,50/02,1006.0,11,252.3
4037,2020,9,東吉島,29.3,35.0/01,25.0/04,207.5,19.5/180.0/11,31.2/190.0/11,80,68/01,1002.6,7,261.1
4038,2020,10,彭佳嶼,26.8,32.3/02,20.5/27,150.5,17.4/270.0/02,22.7/260.0/03,81,53/22,998.7,11,173.1
4039,2020,10,基隆,27.2,37.0/02,21.0/27,485.4,7.7/360.0/20,14.5/210.0/02,79,32/07,1006.7,15,137.4
4040,2020,10,臺北,27.8,37.6/02,20.5/30,129.5,6.5/80.0/04,12.7/130.0/04,73,24/07,1006.3,15,133.1
4041,2020,10,鞍部,21.2,28.2/02,15.2/30,450.0,9.0/360.0/01,20.0/340.0/01,88,48/06,919.2,17,94.4
4042,2020,10,竹子湖,22.6,30.9/02,16.3/30,438.0,7.6/20.0/26,13.6/20.0/27,86,47/05,942.4,16,127.0
4043,2020,10,淡水,26.6,33.7/29,20.2/27,106.5,4.6/10.0/14,10.5/330.0/03,78,33/07,1008.3,10,157.3
4044,2020,10,(原板橋),27.2,36.7/02,20.1/30,164.0,5.1/70.0/22,11.4/50.0/04,75,25/07,1008.7,13,138.5
4045,2020,10,新屋,26.7,33.0/18,20.3/30,105.5,9.7/40.0/21,15.1/50.0/26,81,46/06,1008.0,8,158.2
4046,2020,10,新竹,27.5,35.2/02,20.3/30,80.5,5.1/360.0/21,12.0/10.0/04,73,26/06,1006.6,7,171.8
4047,2020,10,臺中,28.1,35.1/07,21.7/07,74.0,4.5/360.0/19,11.1/20.0/21,71,42/06,999.5,4,198.6
4048,2020,10,梧棲,27.9,33.5/02,22.0/30,2.5,12.4/340.0/21,20.0/350.0/21,73,44/07,1006.6,1,224.3
4049,2020,10,田中,28.2,34.5/07,21.9/07,4.5,5.8/320.0/06,11.0/320.0/20,75,28/06,1004.3,3,206.2
4050,2020,10,日月潭,23.0,31.7/18,18.2/07,81.0,5.5/320.0/03,17.3/270.0/03,82,42/07,900.4,3,127.4
4051,2020,10,嘉義,28.5,36.1/18,20.4/07,31.0,6.8/110.0/03,11.6/120.0/03,73,38/06,1005.9,2,235.9
4052,2020,10,阿里山,13.6,20.6/15,6.9/07,155.5,3.5/320.0/03,10.3/80.0/01,94,37/07,764.6,15,123.0
4053,2020,10,玉山,6.9,21.6/19,-2.4/06,155.5,15.3/120.0/17,18.6/120.0/17,83,9/06,644.8,18,139.8
4054,2020,10,臺南,29.3,34.4/14,24.1/28,56.3,8.6/190.0/18,13.4/180.0/18,70,34/06,1006.6,3,239.1
4055,2020,10,高雄,29.7,35.0/06,24.4/07,27.5,7.7/320.0/01,13.0/320.0/01,75,35/06,1008.9,6,263.3
4056,2020,10,恆春,28.6,34.2/14,24.2/30,69.5,8.6/50.0/27,17.1/60.0/30,80,39/09,1006.5,6,236.3
4057,2020,10,宜蘭,27.0,35.3/02,20.8/30,168.5,10.8/330.0/06,17.6/350.0/06,76,34/06,1009.2,13,128.3
4058,2020,10,蘇澳,27.0,34.4/18,21.4/27,66.0,8.8/80.0/05,17.1/300.0/06,78,28/06,1006.9,12,122.5
4059,2020,10,花蓮,27.4,34.0/03,22.4/27,107.0,8.6/170.0/17,13.0/170.0/17,76,55/02,1007.6,13,155.5
4060,2020,10,成功,27.7,33.5/18,23.4/25,7.8,7.8/30.0/21,13.1/10.0/21,76,50/07,1005.2,9,181.1
4061,2020,10,臺東,28.2,34.8/02,23.4/30,103.0,5.8/50.0/21,12.7/70.0/21,76,48/02,1008.4,7,184.7
4062,2020,10,大武,28.0,35.1/02,23.3/26,41.5,6.4/160.0/06,12.4/40.0/06,74,54/08,1008.4,11,187.3
4063,2020,10,蘭嶼,26.2,31.2/12,22.2/30,191.5,16.5/250.0/02,26.1/240.0/02,89,47/12,973.0,19,168.2
4064,2020,10,馬祖,25.5,35.9/01,18.3/26,198.0,7.5/60.0/12,16.8/230.0/10,82,36/06,1000.8,12,126.1
4065,2020,10,金門,27.8,38.2/03,20.8/27,48.0,7.9/90.0/04,14.9/70.0/20,72,44/03,1007.4,7,156.6
4066,2020,10,澎湖,28.3,34.6/18,24.6/27,32.0,7.8/20.0/30,15.1/10.0/30,79,35/07,1008.4,1,233.3
4067,2020,10,東吉島,28.8,34.1/18,25.3/30,0.5,13.9/30.0/30,17.9/30.0/30,76,54/06,1004.9,1,266.7
4068,2020,11,彭佳嶼,24.1,29.6/03,19.3/22,44.0,17.3/360.0/22,24.1/10.0/22,76,51/24,1003.9,8,141.1
4069,2020,11,基隆,24.5,31.8/03,19.2/22,505.0,10.3/10.0/23,16.1/20.0/05,80,47/03,1011.9,19,57.9
4070,2020,11,臺北,24.5,35.9/04,18.7/23,25.5,8.8/80.0/24,16.3/80.0/24,77,33/04,1011.2,11,83.0
4071,2020,11,鞍部,17.9,27.6/04,12.4/23,995.0,8.8/360.0/22,21.8/180.0/15,92,65/04,922.7,23,42.9
4072,2020,11,竹子湖,19.3,29.1/04,13.2/23,881.0,9.2/20.0/19,17.6/10.0/19,90,52/04,945.9,24,89.6
4073,2020,11,淡水,24.0,32.8/04,18.1/22,46.5,5.8/20.0/21,13.4/110.0/24,76,39/02,1013.0,9,102.5
4074,2020,11,(原板橋),24.4,35.3/04,18.5/23,30.0,7.1/70.0/20,14.9/90.0/20,76,32/04,1013.5,9,70.6
4075,2020,11,新屋,24.0,31.6/03,19.0/22,28.0,14.7/50.0/20,25.0/50.0/20,75,51/31,1012.1,9,149.3
4076,2020,11,新竹,24.9,32.2/04,18.9/23,5.0,7.2/40.0/15,20.6/360.0/20,71,37/31,1010.0,2,202.3
4077,2020,11,臺中,26.1,34.8/04,19.7/23,T,6.1/10.0/22,15.4/10.0/22,69,53/04,1002.0,0,220.1
4078,2020,11,梧棲,24.7,31.0/04,18.1/23,2.0,14.8/350.0/22,25.8/360.0/23,73,53/08,1009.4,1,245.7
4079,2020,11,田中,25.8,34.2/04,19.8/31,0.5,7.2/360.0/22,13.5/360.0/22,75,42/04,1006.8,1,209.7
4080,2020,11,日月潭,21.7,31.8/04,16.3/31,T,4.2/190.0/30,7.6/270.0/28,82,46/04,901.9,0,138.5
4081,2020,11,嘉義,26.0,34.7/04,19.5/31,1.5,7.3/360.0/22,13.5/360.0/22,74,47/04,1008.5,1,210.3
4082,2020,11,阿里山,13.0,20.2/12,7.0/03,51.5,3.7/80.0/14,9.6/90.0/14,91,46/15,765.4,9,146.2
4083,2020,11,玉山,7.6,23.2/04,-0.5/01,89.0,15.2/100.0/14,19.9/100.0/21,66,6/03,645.6,11,220.2
4084,2020,11,臺南,26.8,32.7/05,20.2/23,1.0,9.4/360.0/22,16.9/360.0/22,70,45/15,1009.1,2,225.6
4085,2020,11,高雄,27.9,33.4/22,21.4/23,9.5,7.3/360.0/22,10.9/360.0/22,74,55/31,1011.4,3,178.9
4086,2020,11,恆春,26.9,32.4/04,22.0/24,48.0,13.8/40.0/23,29.5/50.0/05,71,33/02,1009.0,12,200.4
4087,2020,11,宜蘭,23.7,31.6/03,18.1/25,621.0,9.0/80.0/13,15.4/90.0/13,80,54/31,1014.4,21,41.4
4088,2020,11,蘇澳,23.7,30.3/02,18.6/23,982.0,11.9/90.0/13,17.2/90.0/13,87,49/02,1012.0,24,43.9
4089,2020,11,花蓮,25.3,32.0/12,19.3/31,259.0,9.7/40.0/06,16.3/40.0/23,74,47/31,1012.2,15,77.9
4090,2020,11,成功,25.5,33.3/13,19.7/24,178.0,9.8/30.0/06,17.3/20.0/23,74,46/31,1009.3,17,106.4
4091,2020,11,臺東,26.0,31.8/03,20.5/23,94.0,7.4/50.0/20,16.4/50.0/20,74,43/31,1012.4,7,126.9
4092,2020,11,大武,26.7,32.4/04,22.0/23,102.0,7.5/40.0/20,15.4/20.0/20,66,42/31,1012.1,14,124.1
4093,2020,11,蘭嶼,24.1,29.1/04,20.4/23,190.0,22.1/20.0/22,34.4/40.0/19,88,38/31,975.4,22,93.5
4094,2020,11,馬祖,21.6,29.4/04,16.9/22,0.5,9.9/60.0/04,17.9/10.0/15,74,44/23,1006.9,1,158.1
4095,2020,11,金門,24.8,34.4/04,18.7/31,0.5,9.3/80.0/30,20.5/70.0/23,57,29/23,1012.4,1,193.9
4096,2020,11,澎湖,25.1,31.3/04,21.3/22,T,10.6/20.0/23,22.9/20.0/22,75,41/30,1011.6,0,153.5
4097,2020,11,東吉島,26.2,30.5/02,21.3/23,0.5,22.1/30.0/22,29.3/30.0/22,75,62/31,1007.4,1,218.8
4098,2020,12,彭佳嶼,17.8,24.6/29,6.5/31,216.0,22.2/10.0/30,31.0/10.0/30,86,54/13,1008.8,24,17.0
4099,2020,12,基隆,18.0,23.1/29,7.7/31,936.5,13.7/360.0/30,22.2/350.0/30,92,53/31,1017.2,28,14.2
4100,2020,12,臺北,18.1,26.4/29,7.6/31,145.0,7.9/90.0/28,15.0/100.0/28,88,44/26,1016.8,24,16.9
4101,2020,12,鞍部,12.3,20.3/29,-0.7/31,1088.5,9.5/350.0/30,21.9/320.0/30,98,56/27,925.6,28,10.0
4102,2020,12,竹子湖,13.4,21.8/29,1.4/31,1188.5,8.4/20.0/22,17.4/360.0/22,97,68/27,950.0,28,27.9
4103,2020,12,淡水,17.4,23.6/26,6.4/31,102.5,6.1/20.0/30,15.2/110.0/28,88,52/22,1018.5,15,22.3
4104,2020,12,(原板橋),17.9,25.8/29,7.5/31,142.0,6.8/70.0/17,15.0/80.0/22,86,47/26,1019.1,22,12.8
4105,2020,12,新屋,17.4,22.7/26,6.9/31,101.0,13.7/40.0/30,21.9/40.0/30,83,54/31,1017.8,21,25.1
4106,2020,12,新竹,18.0,24.0/22,6.9/31,44.5,7.4/20.0/06,19.0/360.0/20,82,48/31,1015.7,12,62.4
4107,2020,12,臺中,19.5,28.5/28,9.1/31,41.5,6.9/10.0/30,15.6/10.0/30,77,54/26,1007.3,6,156.2
4108,2020,12,梧棲,18.3,23.6/01,7.5/31,29.0,16.2/30.0/30,32.2/30.0/30,79,55/31,1014.8,6,107.3
4109,2020,12,田中,19.2,28.6/28,9.5/31,27.5,8.9/360.0/30,14.9/360.0/30,82,39/26,1012.1,6,124.9
4110,2020,12,日月潭,16.8,28.2/07,7.1/31,51.0,5.8/170.0/09,8.2/160.0/09,81,41/13,904.4,6,127.6
4111,2020,12,嘉義,19.8,29.8/13,9.9/31,23.5,9.1/10.0/30,16.5/20.0/30,75,41/26,1013.7,7,128.3
4112,2020,12,阿里山,9.0,17.0/08,-2.1/31,81.0,4.0/170.0/31,9.4/260.0/24,94,27/26,765.8,8,101.3
4113,2020,12,玉山,0.9,16.1/07,-6.6/17,113.5,13.8/270.0/13,25.4/280.0/31,75,9/01,643.1,8,192.6
4114,2020,12,臺南,20.1,29.4/13,10.2/31,6.0,12.6/360.0/30,21.0/360.0/30,76,40/27,1014.2,3,153.3
4115,2020,12,高雄,22.3,28.6/29,13.3/31,7.5,8.3/350.0/30,12.5/350.0/30,71,40/26,1016.3,3,134.8
4116,2020,12,恆春,22.6,28.7/10,14.2/31,2.0,12.5/40.0/04,32.0/20.0/21,69,45/29,1013.3,2,97.0
4117,2020,12,宜蘭,18.0,26.6/29,8.3/31,562.5,8.7/100.0/30,14.5/90.0/30,88,51/27,1019.7,27,24.6
4118,2020,12,蘇澳,17.8,23.9/10,8.4/31,1793.0,10.7/90.0/01,25.6/30.0/30,94,54/26,1017.1,26,19.4
4119,2020,12,花蓮,20.2,26.8/10,11.4/31,84.0,13.1/40.0/30,22.2/30.0/30,81,57/18,1017.1,18,31.1
4120,2020,12,成功,20.3,27.7/10,10.1/31,141.5,10.0/10.0/03,19.4/20.0/03,79,60/18,1013.8,21,57.1
4121,2020,12,臺東,21.1,27.2/11,11.6/31,12.0,8.3/50.0/30,18.0/50.0/30,76,55/26,1017.0,10,70.9
4122,2020,12,大武,22.0,27.9/11,13.4/31,19.5,8.5/40.0/30,18.2/70.0/30,65,50/31,1016.7,10,62.0
4123,2020,12,蘭嶼,19.7,25.1/14,11.9/31,353.0,22.2/20.0/08,37.6/10.0/03,95,58/14,978.9,27,18.1
4124,2020,12,馬祖,12.9,21.4/29,3.8/31,28.0,9.4/60.0/30,20.4/30.0/04,80,43/31,1012.7,9,56.2
4125,2020,12,金門,16.7,26.5/07,6.2/31,25.0,9.4/80.0/30,18.0/80.0/16,65,29/31,1018.2,3,113.3
4126,2020,12,澎湖,18.5,23.9/13,10.9/31,15.5,11.3/10.0/30,23.4/30.0/30,83,52/30,1017.0,4,47.2
4127,2020,12,東吉島,20.2,25.2/13,12.1/31,9.5,23.6/40.0/30,31.5/50.0/30,84,72/27,1012.3,4,66.2
4128,2021,1,彭佳嶼,17.6,25.0/16,11.3/27,163.0,15.0/60.0/05,24.1/10.0/25,79,40/03,1010.4,14,49.8
4129,2021,1,基隆,18.0,25.8/15,12.4/27,328.0,12.5/360.0/25,20.3/360.0/25,77,39/03,1018.9,20,44.6
4130,2021,1,臺北,18.3,27.2/15,12.3/27,54.0,5.9/100.0/04,14.5/30.0/17,77,39/03,1018.5,9,83.0
4131,2021,1,鞍部,11.5,20.2/15,5.8/18,467.5,9.1/350.0/01,20.4/340.0/01,98,64/16,927.1,25,45.1
4132,2021,1,竹子湖,13.5,22.9/16,7.6/27,460.0,8.6/30.0/07,17.2/40.0/22,91,53/03,951.5,24,80.9
4133,2021,1,淡水,17.3,26.9/15,10.5/03,101.5,5.5/20.0/17,13.9/130.0/19,82,41/03,1019.9,14,80.5
4134,2021,1,(原板橋),18.1,27.9/16,10.8/03,70.5,6.1/60.0/04,13.5/80.0/26,77,33/03,1020.7,11,59.1
4135,2021,1,新屋,17.6,25.4/14,11.2/03,84.0,14.4/50.0/17,25.9/40.0/17,79,41/03,1019.0,10,119.1
4136,2021,1,新竹,17.9,26.5/14,11.9/27,54.5,6.9/30.0/26,19.2/50.0/07,75,39/04,1017.6,5,144.1
4137,2021,1,臺中,18.8,28.2/15,10.9/04,19.0,5.6/360.0/17,12.0/350.0/17,71,28/04,1009.5,3,199.9
4138,2021,1,梧棲,17.9,24.9/10,12.8/04,17.0,15.6/30.0/01,25.3/30.0/01,74,47/03,1016.1,2,116.0
4139,2021,1,田中,18.3,27.3/14,9.5/04,23.0,6.1/340.0/06,11.9/340.0/17,77,30/04,1014.2,2,199.8
4140,2021,1,日月潭,15.5,24.4/16,10.2/02,26.0,4.1/180.0/17,6.2/280.0/29,81,22/04,906.2,5,180.9
4141,2021,1,嘉義,18.4,28.3/16,9.5/04,22.5,6.4/360.0/17,11.4/350.0/17,79,30/04,1016.0,5,186.6
4142,2021,1,阿里山,7.2,14.6/22,-0.7/03,88.0,3.3/160.0/25,12.8/110.0/21,82,13/02,766.5,5,162.8
4143,2021,1,玉山,2.7,15.3/09,-5.4/06,124.5,13.8/220.0/21,26.7/240.0/21,47,12/15,646.3,4,240.3
4144,2021,1,臺南,19.3,26.7/14,12.8/04,11.5,8.5/350.0/01,16.5/360.0/01,75,34/03,1016.4,2,203.5
4145,2021,1,高雄,21.2,28.1/24,15.2/28,1.0,5.7/160.0/21,10.4/360.0/01,71,42/05,1017.9,2,184.8
4146,2021,1,恆春,22.0,28.1/24,18.5/06,5.5,12.4/50.0/17,30.0/310.0/17,70,41/05,1015.8,5,166.3
4147,2021,1,宜蘭,17.7,26.6/16,11.5/03,115.5,7.7/310.0/24,12.7/310.0/24,85,45/03,1021.4,18,54.1
4148,2021,1,蘇澳,18.0,27.8/16,11.9/04,398.0,9.3/10.0/01,21.8/360.0/01,85,40/03,1018.9,18,46.1
4149,2021,1,花蓮,19.5,26.1/24,12.5/04,40.0,13.4/50.0/01,24.7/40.0/01,75,42/04,1019.1,11,75.1
4150,2021,1,成功,20.0,26.2/23,15.7/26,72.0,9.9/30.0/18,20.0/30.0/17,76,41/04,1016.0,16,85.2
4151,2021,1,臺東,20.6,26.6/24,15.6/04,77.5,8.1/40.0/01,19.4/60.0/17,70,36/04,1019.0,10,92.2
4152,2021,1,大武,21.5,27.0/16,14.7/02,37.5,9.0/30.0/17,19.2/50.0/01,69,35/05,1018.9,15,102.8
4153,2021,1,蘭嶼,19.4,25.6/24,15.1/27,218.0,18.5/30.0/01,32.8/20.0/17,86,50/04,981.6,21,60.2
4154,2021,1,馬祖,13.5,23.0/16,6.4/27,66.0,9.4/60.0/25,19.2/60.0/25,74,39/01,1013.8,3,100.8
4155,2021,1,金門,16.1,26.4/10,8.7/26,32.5,10.4/60.0/17,19.7/70.0/17,65,20/03,1019.4,2,190.8
4156,2021,1,澎湖,19.2,25.1/16,15.0/27,13.5,10.9/20.0/18,24.7/40.0/17,76,43/03,1019.0,2,106.2
4157,2021,1,東吉島,20.1,24.6/16,16.0/27,14.0,22.1/30.0/18,31.7/20.0/18,75,45/03,1014.5,2,137.8
4158,2021,2,彭佳嶼,15.3,22.9/21,6.0/08,117.5,14.8/160.0/31,23.1/360.0/07,77,47/12,1009.5,7,71.3
4159,2021,2,基隆,15.6,28.1/21,6.6/13,342.0,10.3/20.0/07,19.7/10.0/08,76,45/14,1017.8,17,87.0
4160,2021,2,臺北,16.0,29.8/21,6.8/13,41.0,6.9/110.0/20,16.4/130.0/29,75,28/15,1017.4,10,124.5
4161,2021,2,鞍部,9.0,22.7/21,-0.4/08,292.0,8.4/350.0/28,19.0/350.0/17,95,40/21,925.4,19,70.8
4162,2021,2,竹子湖,11.0,24.8/21,1.6/08,347.0,8.0/10.0/02,16.0/20.0/05,87,38/14,950.1,18,111.5
4163,2021,2,淡水,15.0,28.0/21,5.3/13,86.5,5.9/150.0/20,15.0/130.0/20,79,39/14,1019.0,11,116.2
4164,2021,2,(原板橋),15.8,30.3/21,6.8/08,53.5,7.0/70.0/16,15.1/80.0/29,75,25/15,1019.7,8,84.4
4165,2021,2,新屋,14.6,26.2/20,6.3/08,42.0,14.5/40.0/29,22.5/40.0/16,78,39/30,1018.1,9,135.3
4166,2021,2,新竹,15.3,27.9/22,5.6/13,4.5,7.1/40.0/16,18.4/360.0/16,74,33/14,1016.8,3,148.6
4167,2021,2,臺中,16.0,30.4/21,6.7/13,5.0,5.3/10.0/28,12.2/20.0/28,71,27/31,1008.8,3,225.9
4168,2021,2,梧棲,14.8,21.2/16,7.3/13,1.5,17.6/30.0/17,29.0/40.0/17,76,50/09,1016.3,2,202.4
4169,2021,2,田中,15.4,26.9/21,6.2/13,4.0,7.4/350.0/28,13.0/350.0/28,79,32/13,1013.7,3,201.6
4170,2021,2,日月潭,12.9,24.8/21,5.2/08,10.5,5.6/170.0/22,8.3/160.0/22,79,35/16,904.7,6,189.6
4171,2021,2,嘉義,15.7,29.6/21,5.8/13,5.0,7.6/10.0/28,12.9/350.0/28,79,33/13,1015.3,5,190.9
4172,2021,2,阿里山,5.7,14.9/21,-2.4/12,24.5,4.7/150.0/24,9.9/240.0/07,71,2/13,764.0,4,192.8
4173,2021,2,玉山,-0.6,17.9/21,-14.4/09,18.5,14.8/260.0/15,28.1/260.0/19,52,8/15,640.3,1,282.6
4174,2021,2,臺南,16.5,27.3/21,8.4/10,2.5,9.5/10.0/12,17.9/10.0/12,73,34/14,1015.9,1,202.0
4175,2021,2,高雄,18.3,26.3/04,10.3/09,1.0,7.6/350.0/12,11.9/340.0/11,69,38/03,1017.8,1,204.1
4176,2021,2,恆春,19.8,27.1/26,12.8/15,2.5,11.7/60.0/29,26.2/80.0/29,67,39/26,1015.0,2,198.1
4177,2021,2,宜蘭,15.3,25.2/21,7.0/08,46.0,8.7/40.0/16,15.1/40.0/16,81,48/14,1020.6,15,76.4
4178,2021,2,蘇澳,15.4,24.3/21,6.8/08,372.0,10.3/60.0/16,22.3/70.0/16,85,46/15,1017.9,19,57.8
4179,2021,2,花蓮,16.6,23.8/22,8.9/13,54.5,12.5/50.0/17,21.6/120.0/17,79,47/29,1018.3,14,70.8
4180,2021,2,成功,17.3,25.3/23,9.9/13,66.0,10.3/10.0/17,18.9/230.0/17,76,48/10,1015.2,15,73.5
4181,2021,2,臺東,18.2,25.4/23,11.2/14,7.5,6.8/40.0/05,16.6/60.0/17,69,44/10,1018.2,3,117.7
4182,2021,2,大武,19.2,26.0/23,11.2/13,14.5,7.8/30.0/28,16.3/40.0/17,67,46/02,1018.2,5,126.2
4183,2021,2,蘭嶼,17.1,23.1/23,11.0/08,86.5,19.9/30.0/07,33.4/40.0/17,87,59/31,980.5,15,67.9
4184,2021,2,馬祖,10.3,20.1/22,3.3/09,0.5,9.7/60.0/16,20.8/20.0/16,77,24/12,1012.7,1,151.6
4185,2021,2,金門,13.3,28.5/22,3.9/13,T,9.9/70.0/17,18.2/70.0/17,66,12/12,1018.6,0,244.8
4186,2021,2,澎湖,15.5,19.9/21,10.5/08,0.5,10.3/10.0/17,22.5/20.0/17,80,53/08,1018.6,1,128.5
4187,2021,2,東吉島,16.1,20.1/16,10.8/08,T,21.3/30.0/17,30.5/20.0/17,86,55/08,1014.0,0,136.0
4188,2021,3,彭佳嶼,18.7,23.8/22,10.9/20,179.5,21.8/70.0/11,32.0/70.0/11,80,42/20,1006.3,9,128.1
4189,2021,3,基隆,18.4,25.8/05,11.0/20,127.5,10.8/360.0/11,16.9/10.0/11,78,36/22,1014.6,12,128.5
4190,2021,3,臺北,19.1,28.4/25,11.9/20,46.5,6.6/110.0/04,13.9/110.0/09,74,25/20,1014.2,7,150.6
4191,2021,3,鞍部,12.6,21.5/25,4.5/19,245.5,8.9/360.0/17,19.9/150.0/09,89,30/22,923.6,13,110.4
4192,2021,3,竹子湖,14.6,22.9/22,5.4/18,230.5,7.8/10.0/09,16.8/10.0/09,83,26/01,947.9,12,135.7
4193,2021,3,淡水,17.8,28.0/24,8.9/19,66.5,5.6/130.0/10,17.3/130.0/10,80,38/18,1015.8,8,146.4
4194,2021,3,(原板橋),18.8,29.5/25,9.7/20,35.0,6.5/60.0/23,13.2/60.0/15,73,23/20,1016.5,7,118.1
4195,2021,3,新屋,16.7,24.4/03,9.5/20,62.0,14.0/40.0/23,20.9/40.0/23,82,39/18,1015.1,7,157.7
4196,2021,3,新竹,17.9,26.4/23,10.7/20,51.5,6.2/20.0/02,16.1/30.0/08,76,35/18,1013.9,4,178.4
4197,2021,3,臺中,19.0,28.5/26,12.0/19,23.5,5.4/20.0/17,12.4/320.0/17,70,20/21,1006.6,2,229.9
4198,2021,3,梧棲,17.1,24.4/22,11.7/19,44.5,14.8/30.0/18,24.8/30.0/18,78,34/18,1014.0,3,183.0
4199,2021,3,田中,18.5,27.6/26,11.1/01,23.5,6.4/360.0/17,11.8/330.0/17,79,20/21,1011.4,2,226.2
4200,2021,3,日月潭,15.8,25.2/23,8.0/19,24.5,4.8/280.0/25,9.9/260.0/19,75,34/02,903.9,2,209.8
4201,2021,3,嘉義,18.7,28.5/26,10.0/01,0.5,6.4/360.0/11,11.4/10.0/11,81,25/01,1013.1,1,218.0
4202,2021,3,阿里山,7.3,17.5/22,-1.2/19,40.5,4.2/80.0/11,11.1/100.0/10,71,3/07,764.3,4,177.7
4203,2021,3,玉山,2.7,20.5/22,-10.2/18,43.0,19.2/200.0/10,26.1/210.0/11,59,13/04,641.5,2,254.7
4204,2021,3,臺南,19.7,27.5/26,13.8/18,13.5,8.2/340.0/11,14.9/10.0/11,74,17/01,1013.8,1,224.3
4205,2021,3,高雄,20.8,27.3/26,15.0/20,27.9,9.1/330.0/11,15.9/330.0/11,72,18/01,1015.9,3,228.6
4206,2021,3,恆春,21.5,28.4/26,13.8/21,20.0,11.2/40.0/18,23.6/10.0/18,72,39/19,1013.2,4,195.7
4207,2021,3,宜蘭,18.7,26.3/25,10.1/19,69.5,6.8/40.0/18,12.6/120.0/10,79,35/18,1017.3,8,122.8
4208,2021,3,蘇澳,18.7,25.2/25,11.3/19,315.0,8.6/160.0/10,18.5/30.0/17,82,39/19,1014.8,11,98.5
4209,2021,3,花蓮,19.5,26.2/25,12.1/20,35.0,11.2/40.0/17,19.2/40.0/17,78,42/19,1015.6,10,114.5
4210,2021,3,成功,19.6,26.9/26,11.1/19,121.0,8.8/50.0/23,15.3/360.0/17,80,45/19,1012.9,18,116.3
4211,2021,3,臺東,20.8,26.4/26,13.2/19,54.0,6.7/50.0/17,15.6/70.0/17,72,36/19,1016.0,8,133.3
4212,2021,3,大武,21.0,27.0/26,14.6/20,44.0,7.3/30.0/08,15.3/30.0/02,73,37/19,1016.1,9,145.5
4213,2021,3,蘭嶼,19.2,24.6/26,14.4/19,92.5,19.0/30.0/23,25.8/40.0/17,87,57/19,979.3,12,115.2
4214,2021,3,馬祖,13.4,21.9/22,8.0/19,83.5,13.2/10.0/10,23.5/360.0/10,84,37/18,1009.1,6,133.5
4215,2021,3,金門,16.6,25.9/15,10.0/19,40.0,10.2/70.0/08,19.3/60.0/08,78,26/18,1015.4,3,191.5
4216,2021,3,澎湖,17.7,24.5/22,13.8/20,28.0,10.6/350.0/11,21.8/180.0/11,83,44/18,1016.1,2,151.5
4217,2021,3,東吉島,18.4,26.0/06,15.0/19,21.5,19.6/40.0/18,27.1/30.0/18,87,44/19,1011.9,2,156.8
4218,2021,4,彭佳嶼,18.9,26.8/28,12.5/22,61.0,18.2/360.0/02,25.2/20.0/02,89,54/16,1005.1,10,94.6
4219,2021,4,基隆,18.6,28.9/28,12.0/22,242.0,9.6/360.0/02,17.6/10.0/02,90,50/15,1013.5,17,79.6
4220,2021,4,臺北,20.3,30.4/30,11.9/22,77.5,9.2/320.0/06,19.5/320.0/06,83,39/16,1013.1,8,110.1
4221,2021,4,鞍部,14.4,23.5/29,5.6/22,153.5,11.8/350.0/06,19.4/160.0/23,96,63/16,923.1,18,81.7
4222,2021,4,竹子湖,16.2,25.9/29,7.2/22,141.5,9.5/20.0/21,20.3/20.0/21,90,51/24,947.2,15,120.3
4223,2021,4,淡水,18.5,27.1/30,10.9/22,78.5,7.0/20.0/02,14.7/350.0/02,88,51/16,1014.8,7,99.8
4224,2021,4,(原板橋),20.2,30.6/30,11.4/25,88.5,5.9/70.0/12,14.5/70.0/10,79,35/16,1015.3,7,97.3
4225,2021,4,新屋,17.9,26.5/31,10.7/22,91.0,13.5/40.0/21,24.9/50.0/21,88,52/16,1014.1,7,102.0
4226,2021,4,新竹,19.2,28.6/30,11.1/22,100.0,6.0/20.0/10,17.4/30.0/02,84,46/16,1013.0,8,139.2
4227,2021,4,臺中,21.5,31.4/28,12.7/22,29.0,5.1/10.0/21,12.6/10.0/21,73,41/16,1005.6,3,213.1
4228,2021,4,梧棲,19.3,28.5/28,11.5/22,25.5,15.4/30.0/02,25.2/40.0/21,80,56/16,1012.9,3,179.0
4229,2021,4,田中,21.1,32.0/28,13.0/22,10.5,7.1/350.0/21,11.5/360.0/21,80,44/16,1010.4,2,200.9
4230,2021,4,日月潭,18.3,28.9/31,11.8/24,19.5,4.5/280.0/04,9.5/260.0/06,84,43/20,903.8,5,187.3
4231,2021,4,嘉義,21.4,32.0/28,12.6/25,8.0,6.5/360.0/12,10.9/320.0/12,82,46/16,1012.0,1,214.2
4232,2021,4,阿里山,9.9,17.7/31,2.7/24,52.0,4.3/160.0/27,9.1/250.0/24,83,10/25,765.5,6,171.0
4233,2021,4,玉山,3.7,20.9/20,-6.4/14,27.5,14.4/230.0/25,25.6/270.0/24,85,20/19,640.8,4,183.2
4234,2021,4,臺南,22.4,30.7/17,14.7/22,5.0,8.7/360.0/21,15.3/10.0/21,74,41/25,1012.6,1,248.0
4235,2021,4,高雄,23.6,30.2/17,17.5/22,0.0,6.5/330.0/21,10.3/350.0/21,73,43/25,1014.6,0,239.4
4236,2021,4,恆春,24.2,31.1/17,18.3/23,2.0,10.3/40.0/22,25.6/350.0/22,74,42/26,1012.0,1,209.2
4237,2021,4,宜蘭,20.3,28.3/28,12.4/22,37.0,8.5/320.0/06,14.8/310.0/24,85,46/24,1016.0,8,106.2
4238,2021,4,蘇澳,20.2,27.8/28,12.6/22,124.5,8.6/10.0/02,20.3/70.0/02,86,48/25,1013.5,15,84.7
4239,2021,4,花蓮,21.5,28.7/28,14.4/23,23.5,11.7/40.0/02,19.5/50.0/02,84,47/26,1014.1,11,103.6
4240,2021,4,成功,21.7,29.3/30,15.7/23,38.5,10.1/40.0/02,20.2/50.0/02,84,52/26,1011.4,15,86.4
4241,2021,4,臺東,23.0,30.3/28,16.7/23,1.0,7.9/50.0/02,20.8/30.0/02,75,43/26,1014.5,2,123.2
4242,2021,4,大武,23.4,34.1/28,18.1/14,25.5,8.5/30.0/02,17.7/30.0/02,76,42/28,1014.6,8,146.8
4243,2021,4,蘭嶼,21.1,27.8/31,16.0/23,79.5,17.8/30.0/02,31.0/30.0/21,94,64/15,978.4,16,73.6
4244,2021,4,馬祖,14.2,23.0/15,9.4/21,67.0,10.0/220.0/27,17.4/220.0/27,88,54/24,1007.6,11,93.0
4245,2021,4,金門,17.4,27.8/12,10.8/22,20.0,10.3/70.0/02,18.6/60.0/02,83,39/25,1014.0,6,158.1
4246,2021,4,澎湖,19.7,27.7/30,15.4/22,4.0,10.1/20.0/02,22.0/20.0/02,84,59/25,1014.9,2,155.6
4247,2021,4,東吉島,20.3,31.2/28,16.1/22,2.5,19.6/40.0/02,26.7/40.0/02,89,57/25,1010.8,1,169.8
4248,2021,5,彭佳嶼,20.5,27.5/01,14.3/09,62.5,13.9/120.0/11,20.5/110.0/11,88,49/18,1003.4,9,124.6
4249,2021,5,基隆,21.0,28.5/22,15.1/09,185.5,8.9/360.0/08,13.8/10.0/08,86,50/05,1011.6,18,85.0
4250,2021,5,臺北,22.4,30.9/02,15.9/30,60.0,6.5/90.0/18,18.4/70.0/18,77,35/30,1011.1,4,133.1
4251,2021,5,鞍部,15.7,24.8/02,7.6/05,74.0,8.9/150.0/18,19.2/140.0/18,94,26/29,921.6,14,104.8
4252,2021,5,竹子湖,17.6,26.5/22,9.8/05,45.0,9.0/20.0/09,21.9/20.0/04,88,43/05,945.6,11,132.2
4253,2021,5,淡水,21.5,32.4/22,13.9/07,16.5,5.6/20.0/04,14.9/140.0/20,78,37/17,1012.6,3,148.3
4254,2021,5,(原板橋),22.3,31.3/02,15.3/30,76.5,7.1/70.0/26,15.5/80.0/18,74,35/30,1013.1,6,130.0
4255,2021,5,新屋,21.2,29.8/21,15.6/05,61.0,12.7/50.0/04,21.8/40.0/18,81,40/20,1011.8,4,132.7
4256,2021,5,新竹,22.1,31.6/21,16.0/05,62.5,5.5/60.0/17,19.6/80.0/17,76,35/17,1010.6,3,131.1
4257,2021,5,臺中,23.9,32.5/02,17.3/06,8.0,5.5/10.0/08,11.6/360.0/23,70,34/05,1003.3,2,175.7
4258,2021,5,梧棲,22.4,28.8/02,16.6/06,20.0,13.8/30.0/17,21.6/30.0/17,75,37/18,1010.6,2,174.9
4259,2021,5,田中,23.5,32.7/02,16.8/10,25.5,6.6/320.0/23,12.0/340.0/08,77,39/05,1008.1,2,173.1
4260,2021,5,日月潭,19.7,29.4/02,14.6/07,67.0,3.9/180.0/06,8.9/210.0/26,85,44/02,902.2,5,139.9
4261,2021,5,嘉義,23.7,33.2/02,16.1/06,16.5,6.4/250.0/26,11.0/360.0/23,79,48/05,1009.7,3,179.9
4262,2021,5,阿里山,11.2,19.6/07,3.4/30,95.0,3.4/80.0/06,8.1/120.0/06,89,24/03,764.8,8,119.4
4263,2021,5,玉山,6.1,23.2/07,-1.7/29,37.5,9.5/340.0/23,14.8/290.0/09,79,11/24,640.0,8,168.5
4264,2021,5,臺南,24.6,31.3/17,17.8/10,20.0,8.3/360.0/08,14.6/350.0/08,73,44/05,1010.4,4,222.3
4265,2021,5,高雄,25.4,30.5/23,20.0/10,36.0,6.9/310.0/23,12.0/330.0/23,75,51/10,1012.5,5,191.1
4266,2021,5,恆春,25.1,31.6/03,20.9/06,0.5,11.6/40.0/18,26.1/40.0/18,72,37/18,1010.2,1,148.0
4267,2021,5,宜蘭,21.6,29.1/02,14.0/05,72.0,6.2/80.0/24,9.9/30.0/23,84,50/17,1014.1,13,92.5
4268,2021,5,蘇澳,21.7,28.4/02,15.2/06,108.5,9.2/150.0/27,17.1/60.0/23,84,48/05,1011.6,16,64.9
4269,2021,5,花蓮,22.7,29.7/02,17.2/06,99.5,8.7/40.0/04,15.4/30.0/04,82,48/19,1012.4,11,82.7
4270,2021,5,成功,22.9,29.9/22,18.7/06,101.0,8.7/50.0/18,17.2/60.0/18,82,35/18,1009.6,20,72.5
4271,2021,5,臺東,24.0,30.4/02,18.8/19,29.5,6.3/60.0/18,15.0/40.0/17,76,45/18,1012.6,8,99.4
4272,2021,5,大武,24.1,32.0/02,20.0/06,77.0,7.5/30.0/17,14.2/40.0/18,77,25/18,1012.8,12,104.0
4273,2021,5,蘭嶼,21.7,27.2/03,18.2/05,125.5,18.0/30.0/15,27.6/30.0/09,91,62/18,976.6,15,103.4
4274,2021,5,馬祖,16.7,27.0/30,11.8/08,43.0,8.6/190.0/30,15.6/180.0/30,88,45/09,1005.9,9,110.7
4275,2021,5,金門,20.7,31.6/24,14.2/09,50.0,10.1/70.0/09,18.3/50.0/21,74,19/07,1011.9,7,144.0
4276,2021,5,澎湖,22.9,28.4/02,19.0/09,12.0,8.7/20.0/05,18.5/30.0/05,80,37/18,1012.6,2,154.1
4277,2021,5,東吉島,23.2,31.6/02,19.7/09,2.5,17.6/40.0/05,22.5/40.0/05,84,42/30,1008.6,1,188.8
4278,2021,6,彭佳嶼,25.5,32.7/27,17.1/05,202.0,16.3/160.0/04,31.6/190.0/20,95,62/01,998.7,7,177.6
4279,2021,6,基隆,26.6,35.4/27,19.5/05,224.0,8.9/10.0/05,15.7/30.0/28,88,43/12,1006.6,9,154.4
4280,2021,6,臺北,28.2,38.2/28,19.8/05,119.5,6.4/290.0/28,14.6/80.0/05,74,36/27,1006.3,6,141.3
4281,2021,6,鞍部,21.6,29.0/28,12.9/05,223.0,7.7/360.0/24,15.4/190.0/27,92,27/01,919.2,6,101.5
4282,2021,6,竹子湖,23.6,31.6/28,14.8/05,169.0,7.9/20.0/05,18.1/20.0/05,86,27/01,942.6,5,146.0
4283,2021,6,淡水,27.0,35.2/28,18.3/05,205.0,6.0/20.0/05,13.5/20.0/05,82,49/27,1008.0,6,176.0
4284,2021,6,(原板橋),28.1,38.3/28,19.6/01,108.5,6.3/230.0/28,13.9/210.0/28,74,34/27,1008.3,6,158.2
4285,2021,6,新屋,26.6,31.4/24,19.4/05,88.0,12.6/240.0/28,20.9/240.0/28,85,56/04,1007.4,5,197.5
4286,2021,6,新竹,27.5,35.3/28,19.8/01,123.8,7.1/280.0/28,15.3/260.0/27,78,45/28,1006.6,6,186.7
4287,2021,6,臺中,28.8,37.0/16,19.9/02,235.0,5.1/20.0/05,10.9/200.0/29,70,38/20,1000.5,2,223.8
4288,2021,6,梧棲,27.9,34.0/28,19.7/06,162.0,10.6/30.0/05,16.4/30.0/05,76,52/01,1007.3,5,256.1
4289,2021,6,田中,28.6,36.9/16,19.9/02,144.0,5.5/280.0/19,11.0/280.0/19,75,42/20,1005.2,4,225.5
4290,2021,6,日月潭,23.2,31.8/19,17.0/01,264.5,5.1/270.0/31,14.9/260.0/30,83,29/01,901.2,7,173.5
4291,2021,6,嘉義,28.9,37.2/15,19.3/02,121.5,7.6/250.0/29,13.9/280.0/16,74,39/11,1006.8,3,262.8
4292,2021,6,阿里山,14.3,22.1/16,7.5/01,229.0,4.5/290.0/30,14.3/260.0/30,77,10/15,765.7,11,178.7
4293,2021,6,玉山,7.2,20.5/14,1.3/02,37.5,12.3/280.0/29,18.8/300.0/28,59,13/02,644.8,7,216.1
4294,2021,6,臺南,29.0,34.1/15,22.0/06,79.5,8.7/170.0/04,14.4/170.0/04,74,45/01,1007.7,3,288.9
4295,2021,6,高雄,29.1,33.6/14,23.0/01,31.0,6.3/190.0/19,11.1/140.0/15,76,50/14,1009.9,3,282.1
4296,2021,6,恆春,29.0,34.1/24,22.8/02,4.0,6.6/70.0/03,14.5/70.0/03,77,38/01,1007.6,2,241.1
4297,2021,6,宜蘭,26.6,33.0/16,19.1/01,164.0,7.4/40.0/24,13.4/50.0/05,87,36/01,1009.3,10,176.0
4298,2021,6,蘇澳,26.9,33.7/28,19.1/05,140.0,9.4/70.0/28,16.4/10.0/05,83,48/01,1006.9,12,152.7
4299,2021,6,花蓮,26.9,32.4/27,19.3/02,127.0,10.2/190.0/04,17.1/30.0/05,84,52/02,1008.1,6,199.5
4300,2021,6,成功,26.7,32.1/28,21.2/01,256.0,8.0/20.0/05,16.5/30.0/05,89,60/15,1005.6,12,212.3
4301,2021,6,臺東,27.9,33.2/28,22.6/02,59.5,6.1/40.0/21,13.7/60.0/05,81,45/02,1008.9,9,225.4
4302,2021,6,大武,28.3,38.8/24,21.8/02,13.5,7.3/30.0/17,14.3/180.0/20,78,37/10,1009.0,4,270.4
4303,2021,6,蘭嶼,25.6,30.0/25,22.0/01,1.0,17.6/250.0/28,26.6/260.0/30,95,61/14,974.4,1,114.3
4304,2021,6,馬祖,22.3,29.9/14,15.0/05,193.0,13.2/60.0/05,24.0/70.0/05,91,53/01,999.7,14,114.7
4305,2021,6,金門,25.5,34.8/28,18.0/06,50.5,11.0/60.0/05,23.2/60.0/05,92,43/06,1006.9,11,194.0
4306,2021,6,澎湖,27.5,33.2/23,21.4/02,119.5,7.5/20.0/05,15.6/30.0/05,85,59/20,1009.0,1,275.8
4307,2021,6,東吉島,27.9,36.9/23,22.3/01,27.0,13.6/40.0/05,18.4/30.0/05,85,48/24,1005.7,2,282.3
4308,2021,7,彭佳嶼,28.2,34.4/26,24.8/24,81.5,22.8/270.0/25,29.5/310.0/24,93,59/26,993.4,6,291.1
4309,2021,7,基隆,29.6,37.7/25,25.0/21,179.0,12.0/360.0/21,23.6/150.0/06,83,41/25,1001.3,7,233.8
4310,2021,7,臺北,30.3,37.8/25,24.9/24,288.0,7.2/120.0/06,17.5/300.0/24,72,37/25,1001.2,13,217.2
4311,2021,7,鞍部,23.2,30.1/27,19.4/03,564.0,15.2/350.0/24,26.6/360.0/24,94,62/09,914.9,12,131.8
4312,2021,7,竹子湖,25.1,31.7/27,21.1/13,683.0,5.9/20.0/18,21.7/360.0/23,87,53/09,938.1,15,175.5
4313,2021,7,淡水,29.5,37.6/15,24.7/24,256.0,6.9/340.0/24,15.7/330.0/24,79,42/15,1002.8,10,222.6
4314,2021,7,(原板橋),30.0,37.9/27,24.4/13,421.5,7.3/230.0/25,16.1/210.0/25,72,36/03,1003.3,15,221.5
4315,2021,7,新屋,29.1,34.4/19,25.2/21,81.0,12.6/230.0/26,20.0/220.0/26,81,52/19,1002.3,6,274.9
4316,2021,7,新竹,29.8,36.3/19,24.9/24,142.0,6.5/280.0/01,16.3/290.0/01,75,44/19,1001.5,7,223.2
4317,2021,7,臺中,29.0,35.0/05,22.5/13,132.0,5.8/20.0/21,15.3/40.0/23,77,44/05,995.5,11,179.2
4318,2021,7,梧棲,29.4,34.1/29,24.0/31,102.0,13.4/30.0/21,21.9/40.0/21,77,58/05,1002.2,9,252.1
4319,2021,7,田中,29.0,35.3/27,23.8/31,138.0,8.8/330.0/23,18.1/320.0/23,79,49/05,1000.1,16,223.7
4320,2021,7,日月潭,23.1,30.5/27,18.8/13,301.0,5.9/180.0/13,14.0/160.0/15,91,53/01,896.8,16,134.6
4321,2021,7,嘉義,28.9,35.0/13,23.5/16,246.0,8.7/250.0/15,16.1/340.0/23,81,51/05,1001.7,19,202.5
4322,2021,7,阿里山,14.6,21.8/06,10.1/14,414.0,4.4/350.0/23,19.1/340.0/23,94,41/02,762.2,20,107.5
4323,2021,7,玉山,8.7,21.7/03,2.8/01,283.5,16.1/120.0/06,23.9/110.0/06,74,22/08,642.4,19,178.5
4324,2021,7,臺南,29.1,34.0/05,24.2/31,458.0,10.6/330.0/23,19.1/320.0/23,79,54/05,1002.6,15,199.9
4325,2021,7,高雄,29.1,34.3/04,24.7/31,476.5,7.2/150.0/07,14.9/300.0/23,81,55/04,1004.4,17,215.5
4326,2021,7,恆春,28.8,33.7/14,24.0/31,402.0,7.6/30.0/05,19.5/310.0/23,83,50/14,1002.4,18,214.7
4327,2021,7,宜蘭,29.0,35.5/26,25.2/23,197.5,8.5/310.0/24,19.1/300.0/24,82,51/24,1004.0,10,249.6
4328,2021,7,蘇澳,29.4,34.8/26,25.3/23,160.5,10.4/260.0/24,18.8/310.0/23,77,48/26,1001.8,9,220.7
4329,2021,7,花蓮,29.2,35.4/21,24.7/06,18.5,9.1/40.0/22,18.8/50.0/22,77,46/21,1002.7,5,286.8
4330,2021,7,成功,28.3,34.3/30,23.5/09,47.0,6.7/40.0/20,11.0/40.0/06,84,57/14,1000.4,10,268.4
4331,2021,7,臺東,29.6,36.3/25,25.0/06,62.5,5.8/50.0/05,13.4/60.0/06,77,49/25,1003.7,10,275.4
4332,2021,7,大武,29.0,35.8/25,24.3/09,135.5,6.8/30.0/06,16.2/40.0/06,78,37/24,1003.9,9,252.1
4333,2021,7,蘭嶼,26.2,30.4/21,22.1/16,257.5,21.4/260.0/24,33.5/280.0/24,94,68/21,969.1,15,166.9
4334,2021,7,馬祖,28.1,35.0/26,24.0/22,23.0,10.1/210.0/03,17.9/220.0/02,87,52/26,994.3,3,287.1
4335,2021,7,金門,29.2,37.2/22,25.7/19,10.0,8.8/70.0/21,16.1/60.0/21,85,39/22,1002.0,5,264.5
4336,2021,7,澎湖,28.9,33.2/27,24.8/31,104.0,8.9/350.0/22,18.0/350.0/22,87,63/17,1003.9,4,286.8
4337,2021,7,東吉島,29.0,34.8/08,24.0/31,159.5,17.4/360.0/22,26.7/240.0/31,81,52/18,1000.7,5,277.8
4338,2021,8,彭佳嶼,28.2,34.4/26,24.8/24,81.5,22.8/270.0/25,29.5/310.0/24,93,59/26,993.4,6,291.1
4339,2021,8,基隆,29.6,37.7/25,25.0/21,179.0,12.0/360.0/21,23.6/150.0/06,83,41/25,1001.3,7,233.8
4340,2021,8,臺北,30.3,37.8/25,24.9/24,288.0,7.2/120.0/06,17.5/300.0/24,72,37/25,1001.2,13,217.2
4341,2021,8,鞍部,23.2,30.1/27,19.4/03,564.0,15.2/350.0/24,26.6/360.0/24,94,62/09,914.9,12,131.8
4342,2021,8,竹子湖,25.1,31.7/27,21.1/13,683.0,5.9/20.0/18,21.7/360.0/23,87,53/09,938.1,15,175.5
4343,2021,8,淡水,29.5,37.6/15,24.7/24,256.0,6.9/340.0/24,15.7/330.0/24,79,42/15,1002.8,10,222.6
4344,2021,8,(原板橋),30.0,37.9/27,24.4/13,421.5,7.3/230.0/25,16.1/210.0/25,72,36/03,1003.3,15,221.5
4345,2021,8,新屋,29.1,34.4/19,25.2/21,81.0,12.6/230.0/26,20.0/220.0/26,81,52/19,1002.3,6,274.9
4346,2021,8,新竹,29.8,36.3/19,24.9/24,142.0,6.5/280.0/01,16.3/290.0/01,75,44/19,1001.5,7,223.2
4347,2021,8,臺中,29.0,35.0/05,22.5/13,132.0,5.8/20.0/21,15.3/40.0/23,77,44/05,995.5,11,179.2
4348,2021,8,梧棲,29.4,34.1/29,24.0/31,102.0,13.4/30.0/21,21.9/40.0/21,77,58/05,1002.2,9,252.1
4349,2021,8,田中,29.0,35.3/27,23.8/31,138.0,8.8/330.0/23,18.1/320.0/23,79,49/05,1000.1,16,223.7
4350,2021,8,日月潭,23.1,30.5/27,18.8/13,301.0,5.9/180.0/13,14.0/160.0/15,91,53/01,896.8,16,134.6
4351,2021,8,嘉義,28.9,35.0/13,23.5/16,246.0,8.7/250.0/15,16.1/340.0/23,81,51/05,1001.7,19,202.5
4352,2021,8,阿里山,14.6,21.8/06,10.1/14,414.0,4.4/350.0/23,19.1/340.0/23,94,41/02,762.2,20,107.5
4353,2021,8,玉山,8.7,21.7/03,2.8/01,283.5,16.1/120.0/06,23.9/110.0/06,74,22/08,642.4,19,178.5
4354,2021,8,臺南,29.1,34.0/05,24.2/31,458.0,10.6/330.0/23,19.1/320.0/23,79,54/05,1002.6,15,199.9
4355,2021,8,高雄,29.1,34.3/04,24.7/31,476.5,7.2/150.0/07,14.9/300.0/23,81,55/04,1004.4,17,215.5
4356,2021,8,恆春,28.8,33.7/14,24.0/31,402.0,7.6/30.0/05,19.5/310.0/23,83,50/14,1002.4,18,214.7
4357,2021,8,宜蘭,29.0,35.5/26,25.2/23,197.5,8.5/310.0/24,19.1/300.0/24,82,51/24,1004.0,10,249.6
4358,2021,8,蘇澳,29.4,34.8/26,25.3/23,160.5,10.4/260.0/24,18.8/310.0/23,77,48/26,1001.8,9,220.7
4359,2021,8,花蓮,29.2,35.4/21,24.7/06,18.5,9.1/40.0/22,18.8/50.0/22,77,46/21,1002.7,5,286.8
4360,2021,8,成功,28.3,34.3/30,23.5/09,47.0,6.7/40.0/20,11.0/40.0/06,84,57/14,1000.4,10,268.4
4361,2021,8,臺東,29.6,36.3/25,25.0/06,62.5,5.8/50.0/05,13.4/60.0/06,77,49/25,1003.7,10,275.4
4362,2021,8,大武,29.0,35.8/25,24.3/09,135.5,6.8/30.0/06,16.2/40.0/06,78,37/24,1003.9,9,252.1
4363,2021,8,蘭嶼,26.2,30.4/21,22.1/16,257.5,21.4/260.0/24,33.5/280.0/24,94,68/21,969.1,15,166.9
4364,2021,8,馬祖,28.1,35.0/26,24.0/22,23.0,10.1/210.0/03,17.9/220.0/02,87,52/26,994.3,3,287.1
4365,2021,8,金門,29.2,37.2/22,25.7/19,10.0,8.8/70.0/21,16.1/60.0/21,85,39/22,1002.0,5,264.5
4366,2021,8,澎湖,28.9,33.2/27,24.8/31,104.0,8.9/350.0/22,18.0/350.0/22,87,63/17,1003.9,4,286.8
4367,2021,8,東吉島,29.0,34.8/08,24.0/31,159.5,17.4/360.0/22,26.7/240.0/31,81,52/18,1000.7,5,277.8
4368,2021,9,彭佳嶼,27.6,32.4/17,24.1/18,141.5,14.0/330.0/07,19.0/330.0/07,95,75/20,995.9,9,226.7
4369,2021,9,基隆,28.6,34.5/27,24.8/20,203.0,7.3/130.0/28,13.8/130.0/28,88,42/27,1003.6,12,189.3
4370,2021,9,臺北,28.9,35.1/13,24.3/19,409.0,6.5/120.0/13,13.0/90.0/13,79,48/27,1003.5,17,165.6
4371,2021,9,鞍部,22.7,28.3/26,19.2/19,234.5,9.3/350.0/07,16.8/350.0/07,95,69/27,916.9,11,105.8
4372,2021,9,竹子湖,24.5,31.1/28,20.9/19,181.0,5.9/20.0/04,14.9/340.0/07,90,57/28,940.2,10,146.9
4373,2021,9,淡水,28.4,35.9/28,24.4/07,156.0,4.4/150.0/31,14.1/100.0/31,84,47/30,1005.1,9,176.5
4374,2021,9,(原板橋),28.7,35.8/12,24.1/20,418.5,5.8/220.0/13,15.1/240.0/20,78,40/30,1005.6,15,161.2
4375,2021,9,新屋,28.3,32.7/04,24.0/07,237.0,10.9/240.0/09,16.7/240.0/09,83,60/21,1004.6,5,240.0
4376,2021,9,新竹,28.6,34.2/09,24.0/07,300.0,5.5/280.0/13,12.5/270.0/09,79,54/09,1003.8,8,196.6
4377,2021,9,臺中,27.8,34.6/29,23.0/26,813.0,5.5/190.0/24,14.3/190.0/06,81,47/29,997.8,16,166.8
4378,2021,9,梧棲,28.3,33.2/04,23.9/06,565.5,10.7/280.0/07,19.6/230.0/07,79,59/29,1004.4,12,219.0
4379,2021,9,田中,28.0,34.3/29,23.4/18,611.5,6.4/200.0/07,16.7/180.0/07,83,49/29,1002.3,15,173.2
4380,2021,9,日月潭,22.4,29.5/29,19.4/02,644.0,7.8/300.0/07,18.5/260.0/07,91,54/27,898.8,21,122.9
4381,2021,9,嘉義,28.1,34.7/28,23.3/27,861.0,8.7/240.0/07,16.7/250.0/07,83,47/29,1004.1,20,172.1
4382,2021,9,阿里山,14.2,20.2/28,9.4/27,1498.5,5.0/260.0/07,21.0/280.0/07,95,42/23,763.6,25,93.4
4383,2021,9,玉山,7.9,19.8/16,0.9/26,871.0,18.2/210.0/06,29.7/210.0/07,82,31/26,643.5,22,118.6
4384,2021,9,臺南,28.4,34.1/28,23.9/26,713.0,10.2/190.0/07,22.5/220.0/07,82,52/26,1004.9,15,172.5
4385,2021,9,高雄,28.4,33.2/27,24.6/01,869.0,9.1/290.0/07,20.6/300.0/07,84,57/29,1006.9,17,174.3
4386,2021,9,恆春,28.1,33.0/27,24.3/30,835.0,6.8/360.0/30,17.8/240.0/06,87,57/16,1005.1,21,163.1
4387,2021,9,宜蘭,28.1,33.5/10,23.9/20,116.0,6.4/100.0/30,14.2/110.0/26,86,54/27,1006.5,9,192.4
4388,2021,9,蘇澳,28.3,33.2/24,24.2/20,113.0,8.5/140.0/26,14.4/150.0/31,83,49/27,1004.3,11,169.5
4389,2021,9,花蓮,28.2,33.0/26,23.9/20,72.0,9.2/160.0/23,12.7/170.0/23,82,56/27,1005.3,9,205.5
4390,2021,9,成功,27.3,32.6/28,23.2/20,130.5,5.7/360.0/08,12.7/230.0/10,89,59/27,1002.9,14,198.1
4391,2021,9,臺東,28.4,32.8/26,24.6/01,183.0,6.9/190.0/10,14.6/180.0/10,81,52/22,1006.1,12,206.5
4392,2021,9,大武,27.9,35.1/18,24.0/01,703.5,6.7/200.0/07,21.6/210.0/07,83,51/24,1006.3,14,197.8
4393,2021,9,蘭嶼,25.9,30.3/16,22.0/30,292.5,20.3/250.0/08,34.6/250.0/08,95,76/16,971.6,17,110.8
4394,2021,9,馬祖,27.3,34.2/02,23.9/06,409.0,9.5/80.0/06,18.4/220.0/24,91,67/02,996.4,8,205.1
4395,2021,9,金門,28.3,36.0/29,24.9/06,152.0,9.1/280.0/06,14.9/120.0/05,89,49/29,1003.7,7,230.5
4396,2021,9,澎湖,27.9,32.4/24,23.4/09,402.5,13.0/250.0/07,21.7/240.0/07,91,62/17,1005.9,10,231.3
4397,2021,9,東吉島,27.8,32.8/21,23.6/09,378.5,22.6/220.0/06,31.9/220.0/06,90,63/21,1002.7,13,197.2
4398,2021,10,彭佳嶼,27.8,32.5/03,23.7/12,171.0,24.5/310.0/12,36.5/360.0/12,91,67/25,998.6,7,293.4
4399,2021,10,基隆,28.9,34.8/08,24.0/29,114.0,12.3/360.0/12,23.9/310.0/12,84,43/09,1006.3,6,214.3
4400,2021,10,臺北,29.5,35.4/01,23.7/29,181.5,7.4/110.0/11,17.6/120.0/11,72,40/09,1006.1,8,225.4
4401,2021,10,鞍部,22.5,29.6/09,16.9/29,281.5,14.6/360.0/12,27.9/360.0/12,94,27/29,919.2,10,128.1
4402,2021,10,竹子湖,24.6,31.8/01,19.2/29,268.5,6.7/350.0/12,19.3/10.0/12,85,36/28,942.6,6,189.8
4403,2021,10,淡水,28.8,36.4/10,21.9/29,150.5,5.9/10.0/12,18.0/140.0/11,77,38/09,1007.5,4,228.2
4404,2021,10,(原板橋),29.2,36.1/10,22.5/29,123.0,6.6/60.0/24,14.1/350.0/12,71,35/09,1008.1,7,199.7
4405,2021,10,新屋,28.9,34.0/11,23.5/29,5.5,12.0/40.0/24,18.8/230.0/13,77,52/11,1007.0,2,287.6
4406,2021,10,新竹,29.3,36.2/24,23.3/29,15.0,5.6/270.0/13,13.2/280.0/13,73,43/22,1006.0,2,254.0
4407,2021,10,臺中,29.0,34.7/09,23.5/03,42.5,3.9/350.0/12,10.9/340.0/12,74,47/26,999.8,6,207.0
4408,2021,10,梧棲,29.2,33.6/15,25.4/29,50.0,11.3/10.0/12,16.6/30.0/12,74,56/20,1006.5,10,271.3
4409,2021,10,田中,28.9,35.2/14,24.5/04,43.0,6.7/330.0/12,12.4/320.0/12,77,44/26,1004.3,7,221.5
4410,2021,10,日月潭,23.0,28.9/23,18.8/03,215.5,8.2/130.0/23,16.6/140.0/23,88,60/09,900.7,14,154.4
4411,2021,10,嘉義,28.9,35.0/15,24.0/05,44.0,8.0/250.0/13,12.7/260.0/13,81,52/15,1006.0,9,223.8
4412,2021,10,阿里山,14.1,20.6/29,8.0/26,227.5,4.0/300.0/12,14.3/280.0/12,94,25/09,765.2,17,131.0
4413,2021,10,玉山,8.3,23.6/02,1.6/13,218.0,16.8/120.0/22,20.8/100.0/11,70,19/26,645.0,15,183.9
4414,2021,10,臺南,29.5,33.9/18,24.0/05,115.0,9.4/300.0/12,17.1/310.0/12,75,49/27,1006.7,8,226.1
4415,2021,10,高雄,29.1,32.9/10,25.1/06,142.0,7.2/290.0/12,13.7/310.0/12,80,61/06,1008.6,11,220.1
4416,2021,10,恆春,28.6,33.4/04,23.7/30,140.5,9.2/20.0/11,17.8/280.0/12,81,50/26,1006.8,17,236.0
4417,2021,10,宜蘭,27.9,33.4/06,22.6/29,222.0,7.3/120.0/11,16.0/100.0/11,84,54/30,1009.2,11,228.3
4418,2021,10,蘇澳,28.0,32.9/13,23.1/29,225.5,11.3/260.0/12,21.1/270.0/12,82,50/29,1007.0,8,248.4
4419,2021,10,花蓮,28.0,32.7/01,22.9/26,230.0,11.1/10.0/12,20.8/350.0/12,80,54/26,1007.9,8,246.9
4420,2021,10,成功,27.6,33.8/10,23.3/28,189.0,12.6/340.0/12,24.9/330.0/12,85,50/09,1005.3,10,242.3
4421,2021,10,臺東,28.9,34.8/12,24.8/11,59.5,6.5/10.0/11,18.3/10.0/11,76,45/12,1008.5,6,255.5
4422,2021,10,大武,28.1,34.3/13,23.3/11,190.0,6.9/190.0/12,17.3/350.0/11,80,55/12,1008.7,14,232.0
4423,2021,10,蘭嶼,26.1,30.4/21,22.0/11,338.5,39.8/30.0/11,62.1/20.0/11,93,71/29,973.5,17,166.2
4424,2021,10,馬祖,27.2,33.8/21,22.6/23,48.5,10.3/10.0/12,20.2/20.0/12,89,55/13,1000.3,7,256.3
4425,2021,10,金門,29.0,37.6/11,23.0/28,23.0,7.6/80.0/24,14.5/290.0/13,78,36/26,1007.1,2,271.7
4426,2021,10,澎湖,29.0,32.9/18,26.2/30,2.5,7.6/340.0/12,16.4/320.0/12,83,58/20,1008.3,3,280.1
4427,2021,10,東吉島,28.9,34.3/15,25.9/04,6.5,15.4/320.0/12,22.1/320.0/12,82,52/20,1005.0,3,280.9
4428,2021,11,彭佳嶼,24.6,29.8/04,18.6/22,153.5,20.7/80.0/11,35.3/90.0/11,84,56/23,1003.6,12,132.1
4429,2021,11,基隆,25.2,32.2/04,19.3/22,492.5,12.0/360.0/17,22.1/360.0/16,88,54/03,1011.6,23,76.1
4430,2021,11,臺北,25.7,33.8/04,19.1/22,245.0,7.5/110.0/06,18.6/80.0/11,76,38/03,1011.0,12,124.5
4431,2021,11,鞍部,18.7,26.0/03,13.1/23,770.0,11.6/350.0/17,33.7/170.0/11,98,48/03,922.4,23,56.3
4432,2021,11,竹子湖,20.8,29.3/03,14.9/23,598.0,7.0/20.0/27,27.6/160.0/11,89,26/03,946.2,20,117.7
4433,2021,11,淡水,25.2,35.3/03,18.4/22,252.5,6.2/20.0/16,17.9/60.0/16,77,29/03,1012.3,12,127.5
4434,2021,11,(原板橋),25.8,34.2/07,19.1/23,223.0,7.9/70.0/11,18.5/80.0/11,74,38/03,1013.0,12,102.8
4435,2021,11,新屋,25.7,35.3/07,19.0/22,179.0,14.9/50.0/11,26.8/40.0/11,74,38/03,1011.1,11,174.1
4436,2021,11,新竹,26.0,37.6/06,19.3/22,84.5,7.5/60.0/12,19.7/30.0/16,71,32/05,1009.8,9,165.9
4437,2021,11,臺中,26.7,34.2/06,20.9/23,11.0,5.0/20.0/21,12.4/50.0/11,71,39/27,1002.4,4,198.3
4438,2021,11,梧棲,25.8,33.0/07,20.1/22,7.0,14.7/30.0/17,28.4/50.0/11,70,47/06,1009.5,5,223.6
4439,2021,11,田中,26.3,34.5/03,19.1/29,9.5,6.1/340.0/21,11.0/340.0/21,76,46/27,1007.0,2,195.2
4440,2021,11,日月潭,21.4,29.0/06,16.4/31,37.5,8.3/130.0/12,18.6/110.0/12,87,43/12,902.3,3,151.0
4441,2021,11,嘉義,26.4,34.9/04,18.7/29,16.5,5.4/20.0/17,10.2/330.0/29,79,45/04,1008.7,4,197.0
4442,2021,11,阿里山,12.6,21.2/10,7.0/29,78.5,4.5/100.0/11,16.1/110.0/11,91,30/10,765.8,7,99.0
4443,2021,11,玉山,6.1,20.0/10,-0.7/15,202.0,22.4/100.0/12,34.8/90.0/12,77,16/05,646.2,9,180.3
4444,2021,11,臺南,27.3,33.7/02,21.1/29,24.0,7.1/350.0/21,11.8/360.0/21,73,44/29,1009.3,3,217.4
4445,2021,11,高雄,27.6,32.4/02,22.8/25,90.5,8.3/140.0/12,13.3/130.0/12,77,49/21,1011.1,7,195.5
4446,2021,11,恆春,26.9,32.5/02,22.8/21,378.0,13.3/40.0/11,34.6/30.0/11,75,50/05,1009.4,11,188.7
4447,2021,11,宜蘭,24.3,31.4/04,18.5/23,509.0,11.2/80.0/11,22.6/80.0/12,90,61/04,1014.3,22,84.2
4448,2021,11,蘇澳,24.5,31.5/01,18.7/23,659.5,16.8/80.0/11,26.3/70.0/11,88,51/15,1012.0,25,91.6
4449,2021,11,花蓮,25.2,32.2/04,20.6/30,628.0,12.9/50.0/11,26.5/50.0/11,80,53/04,1012.5,19,117.0
4450,2021,11,成功,25.4,32.1/06,20.4/22,632.5,13.2/20.0/11,27.3/340.0/11,82,52/05,1009.4,21,129.9
4451,2021,11,臺東,26.2,32.1/05,21.8/30,630.5,10.0/40.0/11,23.4/30.0/11,76,47/05,1012.4,9,144.1
4452,2021,11,大武,26.5,31.8/02,21.2/24,668.5,11.2/30.0/11,24.2/30.0/11,76,49/29,1012.2,16,146.3
4453,2021,11,蘭嶼,23.9,30.4/01,20.3/30,584.0,37.0/30.0/11,52.1/20.0/11,92,71/28,975.9,24,85.2
4454,2021,11,馬祖,23.1,31.1/02,14.5/22,48.5,13.7/20.0/11,29.1/20.0/11,82,50/31,1006.0,11,107.3
4455,2021,11,金門,25.9,36.1/10,17.3/22,0.5,12.4/50.0/12,27.4/40.0/12,68,38/31,1011.3,1,172.0
4456,2021,11,澎湖,26.6,32.3/05,22.3/22,1.5,13.2/10.0/11,28.1/10.0/11,78,56/05,1011.4,2,190.5
4457,2021,11,東吉島,26.6,34.0/04,23.2/22,4.5,23.9/40.0/11,32.8/40.0/11,78,56/05,1007.5,4,200.6
4458,2021,12,彭佳嶼,17.6,25.0/16,11.3/27,163.0,15.0/60.0/05,24.1/10.0/25,79,40/03,1010.4,14,49.8
4459,2021,12,基隆,18.0,25.8/15,12.4/27,328.0,12.5/360.0/25,20.3/360.0/25,77,39/03,1018.9,20,44.6
4460,2021,12,臺北,18.3,27.2/15,12.3/27,54.0,5.9/100.0/04,14.5/30.0/17,77,39/03,1018.5,9,83.0
4461,2021,12,鞍部,11.5,20.2/15,5.8/18,467.5,9.1/350.0/01,20.4/340.0/01,98,64/16,927.1,25,45.1
4462,2021,12,竹子湖,13.5,22.9/16,7.6/27,460.0,8.6/30.0/07,17.2/40.0/22,91,53/03,951.5,24,80.9
4463,2021,12,淡水,17.3,26.9/15,10.5/03,101.5,5.5/20.0/17,13.9/130.0/19,82,41/03,1019.9,14,80.5
4464,2021,12,(原板橋),18.1,27.9/16,10.8/03,70.5,6.1/60.0/04,13.5/80.0/26,77,33/03,1020.7,11,59.1
4465,2021,12,新屋,17.6,25.4/14,11.2/03,84.0,14.4/50.0/17,25.9/40.0/17,79,41/03,1019.0,10,119.1
4466,2021,12,新竹,17.9,26.5/14,11.9/27,54.5,6.9/30.0/26,19.2/50.0/07,75,39/04,1017.6,5,144.1
4467,2021,12,臺中,18.8,28.2/15,10.9/04,19.0,5.6/360.0/17,12.0/350.0/17,71,28/04,1009.5,3,199.9
4468,2021,12,梧棲,17.9,24.9/10,12.8/04,17.0,15.6/30.0/01,25.3/30.0/01,74,47/03,1016.1,2,116.0
4469,2021,12,田中,18.3,27.3/14,9.5/04,23.0,6.1/340.0/06,11.9/340.0/17,77,30/04,1014.2,2,199.8
4470,2021,12,日月潭,15.5,24.4/16,10.2/02,26.0,4.1/180.0/17,6.2/280.0/29,81,22/04,906.2,5,180.9
4471,2021,12,嘉義,18.4,28.3/16,9.5/04,22.5,6.4/360.0/17,11.4/350.0/17,79,30/04,1016.0,5,186.6
4472,2021,12,阿里山,7.2,14.6/22,-0.7/03,88.0,3.3/160.0/25,12.8/110.0/21,82,13/02,766.5,5,162.8
4473,2021,12,玉山,2.7,15.3/09,-5.4/06,124.5,13.8/220.0/21,26.7/240.0/21,47,12/15,646.3,4,240.3
4474,2021,12,臺南,19.3,26.7/14,12.8/04,11.5,8.5/350.0/01,16.5/360.0/01,75,34/03,1016.4,2,203.5
4475,2021,12,高雄,21.2,28.1/24,15.2/28,1.0,5.7/160.0/21,10.4/360.0/01,71,42/05,1017.9,2,184.8
4476,2021,12,恆春,22.0,28.1/24,18.5/06,5.5,12.4/50.0/17,30.0/310.0/17,70,41/05,1015.8,5,166.3
4477,2021,12,宜蘭,17.7,26.6/16,11.5/03,115.5,7.7/310.0/24,12.7/310.0/24,85,45/03,1021.4,18,54.1
4478,2021,12,蘇澳,18.0,27.8/16,11.9/04,398.0,9.3/10.0/01,21.8/360.0/01,85,40/03,1018.9,18,46.1
4479,2021,12,花蓮,19.5,26.1/24,12.5/04,40.0,13.4/50.0/01,24.7/40.0/01,75,42/04,1019.1,11,75.1
4480,2021,12,成功,20.0,26.2/23,15.7/26,72.0,9.9/30.0/18,20.0/30.0/17,76,41/04,1016.0,16,85.2
4481,2021,12,臺東,20.6,26.6/24,15.6/04,77.5,8.1/40.0/01,19.4/60.0/17,70,36/04,1019.0,10,92.2
4482,2021,12,大武,21.5,27.0/16,14.7/02,37.5,9.0/30.0/17,19.2/50.0/01,69,35/05,1018.9,15,102.8
4483,2021,12,蘭嶼,19.4,25.6/24,15.1/27,218.0,18.5/30.0/01,32.8/20.0/17,86,50/04,981.6,21,60.2
4484,2021,12,馬祖,13.5,23.0/16,6.4/27,66.0,9.4/60.0/25,19.2/60.0/25,74,39/01,1013.8,3,100.8
4485,2021,12,金門,16.1,26.4/10,8.7/26,32.5,10.4/60.0/17,19.7/70.0/17,65,20/03,1019.4,2,190.8
4486,2021,12,澎湖,19.2,25.1/16,15.0/27,13.5,10.9/20.0/18,24.7/40.0/17,76,43/03,1019.0,2,106.2
4487,2021,12,東吉島,20.1,24.6/16,16.0/27,14.0,22.1/30.0/18,31.7/20.0/18,75,45/03,1014.5,2,137.8
4488,2022,1,彭佳嶼,16.2,23.0/03,7.3/18,147.5,19.7/10.0/17,28.3/360.0/17,80,33/22,1008.9,21,35.9
4489,2022,1,基隆,16.6,22.5/20,8.9/18,877.0,12.3/10.0/17,20.6/360.0/17,82,33/22,1017.7,23,19.8
4490,2022,1,臺北,16.6,24.8/03,8.3/25,90.5,5.8/80.0/19,13.6/80.0/19,82,27/22,1017.3,18,56.6
4491,2022,1,鞍部,10.5,19.1/03,0.0/18,765.0,10.6/350.0/17,19.2/340.0/17,97,36/22,925.4,23,27.8
4492,2022,1,竹子湖,12.2,19.9/03,2.2/18,750.0,10.8/20.0/15,19.7/50.0/15,94,35/22,949.8,21,76.2
4493,2022,1,淡水,15.8,23.3/03,7.0/24,141.0,6.2/10.0/17,14.0/50.0/17,87,28/22,1018.6,17,57.8
4494,2022,1,(原板橋),16.5,25.0/03,7.0/24,116.0,6.0/80.0/25,12.8/80.0/06,84,25/22,1019.2,17,39.1
4495,2022,1,新屋,16.2,23.7/20,8.5/23,122.5,14.0/50.0/31,23.8/60.0/31,88,28/22,1017.6,18,89.7
4496,2022,1,新竹,16.4,23.3/03,8.5/26,26.0,7.1/30.0/31,17.6/40.0/31,80,22/22,1016.1,8,106.9
4497,2022,1,臺中,17.8,28.1/03,8.2/25,16.5,6.9/20.0/17,17.3/30.0/17,69,13/22,1007.6,3,208.5
4498,2022,1,田中,17.3,27.9/03,5.3/25,8.5,7.4/10.0/17,15.1/360.0/17,76,13/22,1012.4,1,192.4
4499,2022,1,日月潭,15.2,26.5/03,6.2/25,15.0,3.7/190.0/17,6.9/180.0/17,78,31/27,904.2,2,165.1
4500,2022,1,嘉義,17.6,29.3/03,5.6/25,39.5,8.6/360.0/17,14.5/350.0/17,77,19/22,1014.0,1,191.4
4501,2022,1,阿里山,7.8,16.9/04,-1.4/24,60.5,4.3/150.0/08,9.9/270.0/17,71,3/26,764.7,3,165.4
4502,2022,1,玉山,2.2,16.3/04,-9.2/24,81.5,10.9/280.0/14,21.3/290.0/18,59,12/09,647.3,8,208.2
4503,2022,1,臺南,18.6,28.2/03,10.2/25,7.0,11.2/10.0/17,19.7/360.0/17,71,22/22,1014.4,1,215.0
4504,2022,1,高雄,19.0,30.0/03,7.7/25,15.5,4.8/300.0/26,8.5/20.0/17,74,27/22,1015.4,2,210.1
4505,2022,1,恆春,22.1,29.8/04,14.8/18,4.5,12.4/30.0/14,27.0/50.0/11,68,43/26,1013.4,5,164.1
4506,2022,1,宜蘭,16.7,28.0/03,8.1/24,412.0,8.5/310.0/21,15.1/310.0/21,89,25/22,1020.0,20,53.5
4507,2022,1,蘇澳,16.9,26.6/03,9.5/18,987.0,10.4/70.0/07,21.6/20.0/18,87,29/22,1017.4,21,43.3
4508,2022,1,花蓮,19.5,27.5/03,10.1/19,22.5,11.3/40.0/17,20.2/50.0/17,75,37/22,1016.9,6,75.3
4509,2022,1,成功,20.3,29.7/03,12.0/18,50.0,11.5/30.0/11,20.9/20.0/11,72,42/26,1013.6,13,90.3
4510,2022,1,臺東,20.9,28.5/03,12.4/18,5.5,6.5/60.0/11,15.7/60.0/11,68,36/26,1016.6,4,108.5
4511,2022,1,大武,21.7,28.4/04,14.7/18,29.0,7.8/30.0/14,15.1/50.0/17,67,37/26,1016.5,10,100.7
4512,2022,1,蘭嶼,19.2,24.8/04,12.3/18,94.5,27.8/30.0/11,36.4/20.0/17,89,50/26,978.8,19,42.8
4513,2022,1,馬祖,11.9,19.4/09,5.1/18,47.5,9.4/10.0/14,17.2/40.0/14,79,29/22,1012.7,10,88.3
4514,2022,1,金門,14.7,24.9/09,6.7/18,19.0,8.8/50.0/11,17.4/50.0/11,73,19/22,1018.1,5,137.5
4515,2022,1,澎湖,18.1,22.1/03,12.0/18,7.0,10.2/10.0/17,23.4/350.0/17,79,39/22,1017.3,3,88.8
4516,2022,1,東吉島,18.9,22.8/03,12.7/18,8.0,23.1/30.0/17,31.0/40.0/17,79,36/24,1012.6,2,108.7
4517,2022,2,彭佳嶼,16.5,22.5/27,10.9/11,116.5,16.4/360.0/11,23.7/360.0/11,85,52/31,1008.2,19,19.3
4518,2022,2,基隆,16.6,23.8/23,11.6/11,461.0,10.5/10.0/11,16.9/10.0/30,85,53/11,1016.8,27,11.7
4519,2022,2,臺北,17.2,25.8/26,12.0/12,122.0,5.9/90.0/20,16.1/70.0/28,83,51/14,1016.4,13,47.1
4520,2022,2,鞍部,10.7,19.8/27,4.0/11,329.0,9.2/350.0/30,20.3/170.0/20,100,86/15,924.8,26,25.7
4521,2022,2,竹子湖,12.7,21.4/26,6.6/12,221.0,9.2/20.0/28,17.3/20.0/18,95,68/26,949.2,21,73.2
4522,2022,2,淡水,16.5,26.4/26,10.7/30,97.0,5.7/30.0/28,16.4/120.0/31,85,48/31,1017.7,11,49.6
4523,2022,2,(原板橋),17.2,26.4/27,11.8/12,116.5,6.1/70.0/04,14.6/100.0/28,82,44/14,1018.5,12,40.6
4524,2022,2,新屋,16.5,22.2/26,11.4/11,85.0,13.3/40.0/28,21.6/40.0/28,84,51/31,1016.9,14,70.8
4525,2022,2,新竹,16.9,24.2/27,11.5/12,72.0,6.5/30.0/06,14.7/50.0/19,81,49/14,1015.6,11,91.2
4526,2022,2,臺中,17.9,27.6/27,10.0/31,30.0,5.8/20.0/30,14.1/20.0/30,78,33/01,1007.8,7,164.4
4527,2022,2,梧棲,16.9,20.8/27,11.5/14,27.5,14.0/350.0/06,22.0/350.0/06,83,55/14,1013.5,5,X
4528,2022,2,田中,17.3,27.3/27,8.5/31,30.0,7.4/10.0/30,13.9/340.0/30,84,33/01,1012.6,9,155.6
4529,2022,2,日月潭,14.9,24.0/27,9.2/14,46.0,5.6/160.0/29,9.9/230.0/22,83,37/16,904.5,11,140.7
4530,2022,2,嘉義,17.7,27.4/27,9.1/14,33.5,7.9/10.0/30,15.6/10.0/30,84,33/01,1014.3,6,148.5
4531,2022,2,阿里山,6.8,13.2/27,0.5/31,118.5,4.2/130.0/22,17.8/130.0/28,89,23/31,764.8,10,114.4
4532,2022,2,玉山,0.4,12.7/03,-6.9/30,81.1,20.9/200.0/22,30.2/200.0/22,72,14/20,640.9,5,179.8
4533,2022,2,臺南,18.5,26.7/27,11.1/14,40.5,9.4/10.0/30,18.2/10.0/30,79,33/01,1014.7,5,173.1
4534,2022,2,永康,18.5,26.9/26,10.8/14,44.5,9.5/360.0/30,16.5/10.0/30,81,34/01,1016.4,5,170.0
4535,2022,2,高雄,20.4,27.7/05,13.0/14,25.5,5.8/320.0/13,12.4/300.0/13,72,34/01,1016.8,2,122.2
4536,2022,2,恆春,21.3,26.7/23,14.4/13,173.0,10.0/40.0/06,22.5/140.0/07,77,48/13,1013.9,8,120.9
4537,2022,2,宜蘭,17.1,25.3/23,11.8/12,352.5,7.7/300.0/13,13.2/140.0/22,90,62/13,1019.1,17,36.0
4538,2022,2,蘇澳,17.3,26.6/23,11.6/12,905.0,8.6/70.0/11,23.7/30.0/11,89,54/31,1016.5,21,30.8
4539,2022,2,花蓮,18.6,25.5/23,12.9/14,178.5,12.0/50.0/11,20.2/220.0/11,84,55/11,1016.7,19,40.2
4540,2022,2,成功,19.3,26.4/05,13.9/11,190.0,9.6/50.0/18,16.4/60.0/18,85,59/02,1013.6,22,52.4
4541,2022,2,臺東,20.2,26.5/23,14.7/12,129.5,6.8/50.0/11,15.0/60.0/11,77,52/15,1016.7,13,80.6
4542,2022,2,大武,20.7,29.6/23,14.0/13,131.5,7.6/30.0/11,15.1/50.0/06,77,49/23,1016.7,15,77.7
4543,2022,2,蘭嶼,19.0,23.6/23,14.6/11,490.0,24.5/30.0/29,32.7/40.0/18,92,56/30,979.6,25,41.1
4544,2022,2,馬祖,11.0,17.6/23,5.8/31,37.5,8.8/20.0/21,17.9/20.0/28,85,49/03,1011.7,6,59.5
4545,2022,2,金門,14.8,23.4/27,8.3/31,47.5,8.6/70.0/06,17.0/20.0/20,74,38/03,1017.4,4,145.2
4546,2022,2,澎湖,18.0,22.1/04,13.8/30,24.5,8.6/10.0/06,19.6/10.0/31,81,59/14,1017.3,6,82.4
4547,2022,2,東吉島,19.0,22.6/23,14.8/30,26.5,18.8/10.0/30,26.6/30.0/06,79,56/13,1012.8,8,95.6
4548,2022,3,彭佳嶼,15.7,24.0/28,8.9/20,175.0,21.4/160.0/07,28.8/160.0/07,88,48/27,1008.6,18,28.5
4549,2022,3,基隆,16.1,24.2/28,10.8/20,829.5,11.6/360.0/23,19.5/110.0/20,87,49/27,1017.2,24,16.1
4550,2022,3,臺北,16.4,27.8/28,10.3/20,252.0,7.2/320.0/07,14.9/340.0/07,86,39/28,1016.8,21,31.1
4551,2022,3,鞍部,10.3,21.5/28,3.4/20,712.5,10.7/350.0/07,19.9/100.0/17,99,55/28,925.0,24,18.2
4552,2022,3,竹子湖,12.2,22.8/28,5.3/20,636.0,9.1/30.0/17,18.5/10.0/06,96,43/28,949.5,23,40.6
4553,2022,3,淡水,15.6,23.8/28,9.1/20,292.0,5.7/340.0/07,13.8/320.0/07,89,47/27,1018.3,17,34.5
4554,2022,3,(原板橋),16.3,28.5/28,10.4/20,294.0,6.1/80.0/06,13.0/50.0/06,87,32/28,1018.9,19,26.8
4555,2022,3,新屋,15.3,22.4/27,9.3/20,257.0,14.2/50.0/20,25.6/50.0/20,88,52/27,1017.5,17,31.7
4556,2022,3,新竹,15.7,24.7/28,9.7/20,213.0,6.7/30.0/20,17.8/360.0/20,86,49/27,1016.2,14,41.3
4557,2022,3,臺中,16.8,27.8/28,10.2/21,122.5,5.2/10.0/04,12.9/10.0/19,81,38/27,1008.2,13,129.6
4558,2022,3,田中,16.5,27.6/28,9.9/20,106.0,6.1/350.0/20,11.8/350.0/14,87,37/27,1013.0,11,116.7
4559,2022,3,日月潭,14.5,24.0/13,9.2/20,132.0,4.6/200.0/20,7.6/180.0/20,87,41/12,904.4,13,116.8
4560,2022,3,嘉義,16.8,28.1/28,10.1/20,110.5,7.2/20.0/14,13.1/10.0/07,88,44/27,1014.6,9,108.4
4561,2022,3,阿里山,7.2,14.5/24,-0.5/19,202.0,4.3/330.0/23,13.3/110.0/04,85,7/28,764.8,12,108.2
4562,2022,3,玉山,1.0,15.4/28,-8.1/16,210.5,15.3/250.0/20,29.2/230.0/20,68,13/06,640.8,10,142.8
4563,2022,3,臺南,17.4,28.3/28,10.2/20,51.0,9.4/10.0/20,17.9/10.0/14,84,39/27,1015.0,7,131.8
4564,2022,3,高雄,18.0,29.0/28,10.8/20,33.5,4.7/260.0/26,10.2/320.0/14,84,43/28,1016.0,8,110.9
4565,2022,3,恆春,21.3,27.4/13,15.7/16,17.0,13.5/40.0/20,30.3/40.0/20,74,52/15,1014.0,5,143.5
4566,2022,3,宜蘭,16.6,24.8/28,10.3/20,404.5,9.5/310.0/07,16.6/310.0/07,92,54/27,1019.6,23,24.7
4567,2022,3,蘇澳,16.7,23.9/28,10.3/20,917.5,9.2/80.0/16,20.2/40.0/20,92,46/01,1016.9,25,35.0
4568,2022,3,花蓮,18.7,25.3/12,12.8/21,49.0,11.7/40.0/20,22.1/40.0/23,79,50/15,1016.9,16,54.5
4569,2022,3,成功,19.2,26.8/12,12.3/20,84.0,9.5/40.0/16,18.6/90.0/23,81,51/15,1014.0,16,54.5
4570,2022,3,臺東,20.0,26.4/12,13.1/21,41.5,7.1/40.0/23,15.7/20.0/23,74,49/15,1017.1,7,93.6
4571,2022,3,大武,20.6,26.3/13,14.8/25,36.0,7.6/30.0/23,14.7/40.0/20,74,49/16,1017.1,9,97.8
4572,2022,3,蘭嶼,18.7,25.1/11,13.3/20,266.0,20.0/30.0/23,31.8/20.0/24,93,65/15,980.0,24,57.9
4573,2022,3,馬祖,8.7,20.1/28,2.7/20,112.5,10.7/10.0/22,21.2/20.0/01,88,52/06,1012.7,17,43.4
4574,2022,3,金門,12.4,24.4/28,4.1/20,179.5,9.0/60.0/20,19.5/60.0/20,83,44/24,1018.1,13,91.6
4575,2022,3,澎湖,14.9,22.8/28,9.5/20,85.0,11.0/20.0/20,24.8/350.0/20,89,70/15,1017.9,11,39.4
4576,2022,3,東吉島,16.3,22.1/28,10.8/20,84.5,24.3/40.0/20,32.8/30.0/20,88,71/27,1013.2,5,51.5
4577,2022,4,彭佳嶼,19.7,26.0/01,13.0/07,126.0,17.9/160.0/25,23.7/350.0/07,86,42/08,1003.5,12,112.2
4578,2022,4,基隆,20.0,28.2/16,12.6/07,300.5,9.0/40.0/26,17.8/360.0/07,81,42/11,1011.8,15,104.8
4579,2022,4,臺北,21.1,30.0/16,11.9/08,197.5,5.8/120.0/09,14.3/80.0/27,76,34/09,1011.3,11,128.5
4580,2022,4,鞍部,14.9,23.6/16,5.3/07,249.0,11.3/360.0/07,18.9/340.0/07,95,56/13,921.6,17,95.2
4581,2022,4,竹子湖,16.9,26.1/16,7.2/07,179.5,8.9/20.0/28,19.8/10.0/27,87,50/11,945.6,12,128.9
4582,2022,4,淡水,19.9,29.4/20,9.8/08,178.5,6.8/20.0/31,13.8/20.0/31,82,40/08,1012.8,12,125.1
4583,2022,4,(原板橋),20.8,30.8/16,11.0/08,211.5,6.7/70.0/08,12.6/100.0/08,77,31/11,1013.1,10,104.2
4584,2022,4,新屋,19.2,27.5/26,11.1/09,155.5,13.4/50.0/31,21.0/30.0/31,87,49/08,1012.2,10,140.2
4585,2022,4,新竹,20.0,28.1/26,11.4/07,247.5,6.6/360.0/26,15.1/70.0/08,82,38/08,1011.1,11,143.0
4586,2022,4,臺中,21.5,30.7/21,10.2/08,149.0,5.0/30.0/07,14.5/20.0/07,76,31/13,1004.1,11,198.1
4587,2022,4,田中,21.4,30.4/13,8.8/08,112.0,7.3/360.0/07,14.5/340.0/07,82,33/13,1008.8,10,188.4
4588,2022,4,日月潭,18.2,28.0/25,6.3/08,126.0,3.9/280.0/23,8.7/280.0/23,83,25/10,902.4,9,167.8
4589,2022,4,嘉義,21.7,32.1/25,9.0/08,75.0,8.7/360.0/07,14.8/360.0/07,84,38/13,1010.5,8,195.1
4590,2022,4,阿里山,10.2,16.9/02,-1.6/07,107.0,4.1/160.0/13,9.5/150.0/28,80,7/01,764.6,10,152.1
4591,2022,4,玉山,4.6,18.6/16,-6.9/07,152.5,15.0/280.0/17,26.1/260.0/07,62,12/08,638.7,11,155.1
4592,2022,4,臺南,23.0,31.9/25,11.5/08,27.0,10.7/10.0/07,18.6/360.0/07,76,36/13,1011.0,6,205.9
4593,2022,4,高雄,23.1,32.1/26,10.3/08,23.5,6.8/160.0/25,15.7/160.0/25,79,33/11,1012.1,3,209.1
4594,2022,4,恆春,24.2,31.3/22,16.3/08,12.5,9.6/50.0/29,20.4/360.0/29,75,42/08,1010.8,2,183.7
4595,2022,4,宜蘭,20.7,28.4/25,11.6/08,145.0,8.3/300.0/07,14.1/320.0/18,86,45/08,1014.3,13,99.2
4596,2022,4,蘇澳,20.9,28.0/14,12.7/09,164.5,8.9/10.0/07,21.9/70.0/18,83,37/08,1011.9,15,96.4
4597,2022,4,花蓮,21.6,28.9/26,14.6/09,37.5,10.8/50.0/07,18.0/50.0/07,80,40/10,1012.7,11,84.7
4598,2022,4,成功,21.8,29.9/26,13.6/09,145.5,9.8/40.0/31,17.6/160.0/07,85,46/09,1010.0,20,77.4
4599,2022,4,臺東,23.0,32.4/26,16.5/09,42.0,6.8/40.0/07,16.7/60.0/31,77,40/10,1013.1,9,105.7
4600,2022,4,大武,23.5,34.3/26,15.5/09,56.0,7.1/30.0/07,15.4/360.0/07,77,41/10,1013.2,13,117.2
4601,2022,4,蘭嶼,21.2,26.2/18,15.2/08,153.0,20.6/30.0/28,29.1/40.0/07,93,52/10,977.0,20,72.2
4602,2022,4,馬祖,14.4,24.6/26,7.7/08,96.0,11.7/220.0/26,21.1/10.0/31,90,46/08,1006.0,13,128.4
4603,2022,4,金門,17.3,28.3/18,9.1/08,102.0,10.5/70.0/31,21.2/60.0/31,85,22/08,1012.3,11,170.4
4604,2022,4,澎湖,20.5,27.9/13,13.7/08,79.5,8.1/10.0/31,20.6/20.0/31,86,51/13,1013.1,8,159.8
4605,2022,4,東吉島,21.3,28.3/25,14.8/08,60.0,17.3/40.0/07,24.7/20.0/07,85,48/13,1009.2,6,175.5
4606,2022,5,彭佳嶼,21.1,28.9/26,13.2/02,77.5,14.3/10.0/14,21.7/350.0/15,85,48/19,1003.4,9,108.3
4607,2022,5,基隆,21.5,33.2/26,13.3/03,117.5,11.5/360.0/02,19.5/10.0/02,80,50/26,1011.6,11,85.1
4608,2022,5,臺北,22.5,34.1/26,13.2/03,108.5,6.0/90.0/16,14.0/80.0/06,75,38/10,1011.2,7,100.9
4609,2022,5,鞍部,15.9,25.9/26,7.2/03,201.0,8.9/340.0/14,20.5/340.0/14,98,59/11,921.8,15,56.2
4610,2022,5,竹子湖,17.8,28.0/26,8.5/03,185.0,8.4/20.0/04,18.4/360.0/01,90,45/10,945.8,13,98.6
4611,2022,5,淡水,21.4,31.6/26,12.1/04,75.0,6.2/30.0/29,14.9/120.0/08,82,49/06,1012.7,7,115.0
4612,2022,5,(原板橋),22.4,34.6/26,13.1/03,98.0,6.3/70.0/16,16.9/80.0/01,75,26/05,1013.1,7,108.4
4613,2022,5,新屋,21.4,29.1/26,13.0/02,59.5,14.1/50.0/01,22.8/60.0/01,84,52/08,1012.0,9,142.1
4614,2022,5,新竹,22.1,31.4/26,12.8/03,108.0,6.9/30.0/01,17.7/20.0/01,78,40/10,1010.8,7,140.6
4615,2022,5,臺中,23.5,33.2/26,12.6/04,40.5,4.8/20.0/01,11.0/40.0/01,73,30/05,1003.5,6,185.2
4616,2022,5,田中,23.3,34.3/27,12.2/04,38.5,6.0/110.0/23,11.9/110.0/23,79,36/05,1008.2,6,176.6
4617,2022,5,日月潭,19.2,29.1/29,11.1/02,102.5,7.4/150.0/23,11.1/170.0/26,88,47/10,902.3,7,139.1
4618,2022,5,嘉義,23.4,33.3/26,12.5/04,111.5,7.3/240.0/26,12.7/20.0/23,83,37/10,1009.9,4,191.1
4619,2022,5,阿里山,11.1,19.8/25,2.0/05,105.0,4.7/160.0/25,10.0/210.0/25,88,24/06,764.9,8,135.6
4620,2022,5,玉山,5.4,20.4/15,-5.8/03,75.5,14.4/200.0/23,24.6/230.0/23,64,11/14,639.9,8,169.9
4621,2022,5,臺南,24.6,32.6/29,13.7/04,6.0,8.5/210.0/25,15.2/210.0/25,74,36/10,1010.5,2,231.7
4622,2022,5,高雄,24.9,34.5/25,14.3/03,2.5,6.1/150.0/26,13.9/170.0/25,76,35/05,1011.6,3,226.7
4623,2022,5,恆春,25.2,32.6/29,20.2/02,12.5,10.9/40.0/01,24.4/80.0/04,75,52/07,1010.3,6,189.7
4624,2022,5,宜蘭,21.6,32.0/26,13.7/03,54.0,7.6/340.0/14,11.8/360.0/14,88,64/09,1014.3,12,96.7
4625,2022,5,蘇澳,21.8,32.1/29,14.0/01,103.5,8.4/140.0/10,18.6/40.0/15,84,48/08,1011.9,18,94.2
4626,2022,5,花蓮,22.8,31.0/27,15.9/03,104.5,10.8/40.0/01,18.6/150.0/01,82,54/16,1012.5,19,100.1
4627,2022,5,成功,23.0,31.1/29,16.9/03,207.0,8.4/30.0/01,19.1/270.0/01,85,59/04,1009.6,21,101.2
4628,2022,5,臺東,23.9,31.4/29,17.5/03,242.0,7.0/40.0/01,16.8/30.0/01,78,47/07,1012.8,14,119.4
4629,2022,5,大武,24.2,33.2/26,18.3/05,134.0,7.6/30.0/01,15.7/40.0/01,79,49/08,1012.9,16,127.4
4630,2022,5,蘭嶼,22.0,29.4/28,17.0/03,59.5,22.1/30.0/02,31.4/40.0/01,92,69/09,976.7,12,83.6
4631,2022,5,馬祖,17.2,26.9/26,8.1/02,85.0,10.9/220.0/26,20.9/180.0/26,85,42/16,1005.6,9,151.4
4632,2022,5,金門,19.8,30.1/14,10.1/02,18.0,11.5/90.0/15,20.1/80.0/15,78,22/08,1011.9,6,190.5
4633,2022,5,澎湖,23.0,31.1/27,14.9/02,4.0,9.6/10.0/01,21.9/350.0/01,81,37/12,1012.6,2,199.9
4634,2022,5,東吉島,23.3,32.1/27,15.9/02,57.5,20.1/40.0/01,27.4/30.0/02,83,50/12,1008.7,4,216.9
4635,2022,6,彭佳嶼,22.1,28.7/29,14.7/02,434.5,14.8/270.0/30,20.2/90.0/03,95,58/04,999.6,26,46.8
4636,2022,6,基隆,22.6,33.1/30,15.8/02,728.5,8.8/360.0/01,13.9/10.0/01,91,57/17,1007.9,27,34.7
4637,2022,6,臺北,23.4,33.6/29,15.1/02,486.0,5.4/90.0/04,13.5/70.0/19,86,53/29,1007.4,20,48.2
4638,2022,6,鞍部,17.7,25.7/29,9.1/02,694.5,7.8/170.0/03,19.1/120.0/03,100,61/07,918.9,26,27.8
4639,2022,6,竹子湖,19.4,28.3/29,10.9/02,561.0,10.2/20.0/16,18.3/10.0/16,96,59/07,942.6,22,43.5
4640,2022,6,淡水,22.6,31.7/29,14.7/02,472.5,5.4/30.0/19,14.1/100.0/18,91,57/17,1008.9,20,60.5
4641,2022,6,(原板橋),23.5,34.5/29,15.3/02,486.5,6.3/70.0/18,11.6/70.0/18,85,42/10,1009.3,20,52.3
4642,2022,6,新屋,22.7,29.6/29,14.9/02,528.0,13.1/40.0/18,20.8/40.0/18,92,58/17,1008.3,19,76.9
4643,2022,6,新竹,23.4,31.3/13,15.3/02,522.5,6.5/280.0/30,16.2/290.0/30,86,50/13,1007.2,16,74.1
4644,2022,6,臺中,24.6,32.7/29,15.9/02,465.5,5.3/20.0/01,12.1/190.0/26,83,40/07,1000.2,17,95.0
4645,2022,6,田中,24.6,33.5/29,15.8/02,298.0,5.0/360.0/01,11.7/220.0/31,88,50/07,1004.9,14,108.1
4646,2022,6,日月潭,20.3,28.4/20,14.5/02,483.0,4.6/160.0/28,9.4/160.0/28,93,60/20,900.0,21,52.5
4647,2022,6,嘉義,24.8,33.8/28,16.1/03,289.0,7.9/240.0/30,15.3/200.0/27,90,51/28,1006.6,15,111.4
4648,2022,6,阿里山,12.7,19.3/30,8.3/02,817.0,4.2/260.0/13,11.3/280.0/13,96,52/06,763.8,25,51.8
4649,2022,6,玉山,6.6,19.4/30,1.3/02,944.5,15.1/270.0/14,26.1/280.0/13,84,15/20,642.6,26,65.1
4650,2022,6,臺南,25.8,33.0/28,16.6/02,223.0,7.9/190.0/24,14.0/40.0/02,82,54/10,1007.2,11,128.3
4651,2022,6,高雄,25.9,33.0/30,17.3/03,227.0,5.1/300.0/20,11.9/260.0/14,85,52/07,1008.4,12,121.9
4652,2022,6,恆春,26.6,32.3/09,20.3/02,308.0,9.2/30.0/02,21.9/40.0/02,81,54/10,1007.1,15,107.6
4653,2022,6,宜蘭,23.3,31.9/30,16.0/02,342.5,6.7/320.0/20,12.4/310.0/20,94,64/07,1010.2,22,49.1
4654,2022,6,蘇澳,23.3,32.4/30,16.0/02,534.0,6.8/10.0/01,16.0/70.0/26,91,56/07,1008.0,22,42.3
4655,2022,6,花蓮,24.2,31.9/30,17.6/03,237.0,8.4/50.0/15,14.7/60.0/15,89,63/08,1008.5,26,56.8
4656,2022,6,成功,24.6,32.3/30,18.0/03,127.5,8.4/40.0/03,14.9/360.0/03,89,61/13,1005.6,23,69.9
4657,2022,6,臺東,25.4,32.9/30,18.0/03,121.0,5.9/200.0/31,13.5/40.0/01,83,48/13,1008.8,15,86.2
4658,2022,6,大武,25.7,35.9/29,19.3/02,261.5,6.5/30.0/01,13.0/40.0/01,83,45/28,1009.0,18,86.5
4659,2022,6,蘭嶼,23.7,28.5/12,18.8/02,532.5,19.8/30.0/01,27.9/30.0/03,97,83/12,973.5,23,23.7
4660,2022,6,馬祖,18.6,28.4/30,12.0/16,251.0,10.7/220.0/29,20.3/240.0/29,93,41/03,1002.0,20,78.5
4661,2022,6,金門,21.2,29.8/07,12.8/01,214.5,9.3/230.0/13,15.5/60.0/14,85,23/03,1008.3,16,93.6
4662,2022,6,澎湖,24.3,31.1/29,18.5/02,311.0,7.8/20.0/01,19.7/30.0/25,88,64/03,1009.1,16,98.7
4663,2022,6,東吉島,24.5,30.4/30,19.2/02,270.0,17.6/40.0/01,24.6/20.0/01,89,72/03,1005.2,14,105.5
4664,2022,7,彭佳嶼,26.1,31.7/22,19.4/07,302.0,21.2/270.0/06,27.0/260.0/06,96,67/22,996.2,11,155.5
4665,2022,7,基隆,27.4,34.6/05,19.0/07,181.0,8.7/230.0/06,17.5/200.0/06,82,49/05,1004.2,13,147.3
4666,2022,7,臺北,28.1,35.8/05,20.2/07,234.5,8.5/290.0/24,24.2/180.0/24,77,40/05,1003.9,15,136.1
4667,2022,7,鞍部,21.9,29.1/23,17.1/07,271.5,7.1/190.0/30,18.2/110.0/06,98,70/24,917.1,11,77.8
4668,2022,7,竹子湖,23.7,30.4/23,18.7/08,209.0,5.3/20.0/08,14.2/340.0/14,92,64/06,940.6,11,105.8
4669,2022,7,淡水,27.3,34.5/30,19.9/07,196.0,6.1/20.0/11,13.7/300.0/05,86,52/30,1005.5,10,146.5
4670,2022,7,(原板橋),27.9,36.2/05,20.3/07,262.5,7.1/210.0/05,14.8/210.0/13,78,39/05,1006.0,15,151.4
4671,2022,7,新屋,27.2,32.2/29,20.7/07,215.0,13.7/230.0/06,23.3/230.0/06,86,59/27,1005.0,11,170.8
4672,2022,7,新竹,27.8,33.8/05,20.9/07,346.0,6.6/280.0/14,16.6/270.0/13,80,50/14,1004.1,11,159.1
4673,2022,7,臺中,28.0,34.6/23,22.6/30,250.0,4.8/190.0/05,11.9/260.0/25,77,49/23,998.6,14,143.8
4674,2022,7,田中,28.1,35.4/23,23.1/08,200.0,7.7/160.0/29,14.9/170.0/29,80,48/23,1003.1,13,183.2
4675,2022,7,日月潭,22.1,29.6/23,17.5/21,468.0,7.5/220.0/21,18.6/160.0/21,90,61/11,899.5,24,104.8
4676,2022,7,嘉義,28.7,36.0/23,23.4/29,260.5,9.3/240.0/29,17.8/240.0/29,79,48/23,1004.9,14,203.6
4677,2022,7,阿里山,13.9,20.5/19,10.4/24,300.5,4.6/150.0/09,10.6/230.0/07,92,45/18,764.1,23,88.8
4678,2022,7,玉山,7.4,21.3/28,3.1/09,186.0,13.6/270.0/05,24.3/260.0/09,76,34/20,643.1,13,137.6
4679,2022,7,臺南,29.2,33.8/28,23.9/12,154.0,9.6/200.0/08,19.4/200.0/08,75,43/16,1005.6,12,225.4
4680,2022,7,高雄,28.6,34.8/24,23.7/08,155.0,5.2/270.0/08,12.2/210.0/08,81,50/23,1007.0,8,234.6
4681,2022,7,恆春,28.7,33.8/26,24.3/09,141.0,7.2/70.0/30,14.0/70.0/30,84,54/26,1005.7,20,203.7
4682,2022,7,宜蘭,27.2,33.7/28,21.5/08,151.5,8.0/150.0/29,14.0/150.0/29,91,61/24,1006.8,14,169.1
4683,2022,7,蘇澳,27.5,33.8/14,21.5/07,198.5,9.9/160.0/29,19.0/140.0/29,84,48/24,1004.8,15,177.6
4684,2022,7,花蓮,27.7,33.1/21,22.7/08,136.0,9.0/180.0/24,14.1/190.0/24,85,61/22,1005.6,15,195.0
4685,2022,7,成功,27.6,32.6/24,23.5/08,81.0,6.8/30.0/16,13.1/170.0/13,86,64/06,1003.1,14,221.1
4686,2022,7,臺東,28.9,39.1/06,23.4/22,117.0,5.9/200.0/13,13.9/190.0/13,77,28/06,1006.3,8,244.0
4687,2022,7,大武,29.0,37.3/20,24.2/09,149.0,5.7/190.0/01,13.8/240.0/20,75,37/20,1006.8,9,238.2
4688,2022,7,蘭嶼,26.3,30.2/23,22.7/30,132.0,15.5/250.0/05,28.4/260.0/05,93,74/23,972.2,9,92.1
4689,2022,7,馬祖,24.3,31.7/29,17.2/07,360.0,12.2/200.0/05,24.2/220.0/05,96,64/07,996.6,17,114.3
4690,2022,7,金門,25.7,33.6/28,19.9/07,184.5,7.8/190.0/05,12.8/210.0/06,97,64/30,1004.4,13,116.9
4691,2022,7,澎湖,27.9,32.0/21,23.9/12,225.0,6.5/180.0/05,13.2/240.0/11,89,67/27,1006.8,10,222.6
4692,2022,7,東吉島,27.9,34.4/22,23.5/12,123.0,14.9/200.0/25,18.9/200.0/25,89,68/22,1003.6,8,231.3
4693,2022,8,彭佳嶼,28.7,33.8/17,24.3/03,46.0,16.2/260.0/16,20.3/260.0/16,89,58/13,995.6,7,324.7
4694,2022,8,基隆,29.8,37.4/16,25.8/28,31.0,8.3/360.0/29,13.2/160.0/01,76,43/15,1003.4,6,297.9
4695,2022,8,臺北,30.8,38.3/23,25.2/06,122.0,6.6/120.0/01,13.4/280.0/16,70,39/23,1003.3,10,241.2
4696,2022,8,鞍部,23.8,30.9/22,18.9/28,73.0,7.5/360.0/29,14.7/160.0/01,92,45/24,917.1,8,171.6
4697,2022,8,竹子湖,25.6,33.1/24,21.4/05,79.5,3.6/10.0/04,9.0/100.0/01,88,36/24,940.3,9,221.4
4698,2022,8,淡水,29.7,35.7/16,24.9/04,56.0,5.2/300.0/19,12.5/110.0/01,79,51/15,1004.8,9,278.6
4699,2022,8,(原板橋),30.4,39.4/24,24.5/06,185.5,6.3/220.0/16,12.0/230.0/16,70,31/24,1005.4,11,245.6
4700,2022,8,新屋,29.4,33.5/29,24.7/02,68.0,11.8/240.0/17,18.1/250.0/17,83,58/15,1004.5,7,321.5
4701,2022,8,新竹,30.1,35.3/16,24.8/30,31.5,5.8/280.0/17,12.4/300.0/17,74,48/25,1003.7,6,269.7
4702,2022,8,臺中,29.4,35.2/24,23.8/06,90.0,4.9/250.0/04,10.8/230.0/04,75,44/14,997.8,10,189.0
4703,2022,8,田中,29.5,35.9/25,24.3/15,49.5,8.5/350.0/07,14.7/10.0/07,77,50/14,1002.4,7,216.2
4704,2022,8,日月潭,23.5,31.8/22,19.6/15,172.5,4.3/280.0/20,9.2/260.0/20,89,53/25,899.1,14,147.1
4705,2022,8,嘉義,29.7,36.6/25,24.2/07,58.0,7.8/240.0/02,12.2/240.0/02,79,45/25,1004.1,8,203.1
4706,2022,8,阿里山,15.0,23.5/24,10.0/15,205.0,4.1/150.0/05,8.9/80.0/30,90,24/24,764.2,20,129.6
4707,2022,8,玉山,10.1,22.8/26,4.2/29,95.0,12.1/140.0/20,14.4/270.0/14,64,20/13,643.3,12,200.3
4708,2022,8,臺南,29.9,34.1/31,25.3/16,165.0,10.1/200.0/20,15.8/200.0/20,75,53/06,1004.8,11,224.2
4709,2022,8,高雄,29.2,34.9/20,24.4/05,102.5,5.3/160.0/20,12.2/170.0/20,81,47/06,1006.1,9,232.8
4710,2022,8,恆春,29.0,34.4/13,24.4/06,200.5,6.2/40.0/01,11.9/280.0/03,84,48/13,1004.9,12,234.2
4711,2022,8,宜蘭,29.4,37.9/29,24.9/03,11.0,7.3/320.0/29,12.1/310.0/29,82,38/29,1006.1,4,268.3
4712,2022,8,蘇澳,29.4,35.0/20,24.4/02,25.5,9.5/150.0/31,13.4/150.0/31,77,45/28,1004.2,6,310.3
4713,2022,8,花蓮,29.2,34.4/31,24.4/01,76.5,9.5/170.0/19,15.0/170.0/20,81,55/23,1005.1,3,316.0
4714,2022,8,成功,28.4,33.7/15,23.6/11,29.0,5.4/30.0/03,9.5/220.0/06,83,59/28,1002.7,4,287.0
4715,2022,8,臺東,29.6,33.7/24,25.2/01,78.5,4.8/200.0/14,9.0/220.0/14,76,53/12,1006.0,4,307.8
4716,2022,8,大武,29.0,36.2/18,24.4/23,49.5,5.7/160.0/06,9.7/40.0/13,77,46/18,1006.3,6,268.0
4717,2022,8,蘭嶼,26.6,31.2/25,23.3/05,54.5,17.3/250.0/16,27.0/260.0/16,93,58/29,971.6,11,212.9
4718,2022,8,馬祖,27.9,34.8/22,23.0/02,141.5,10.8/210.0/21,18.7/180.0/18,89,61/12,995.9,4,308.0
4719,2022,8,金門,28.2,34.1/01,24.7/01,120.0,9.0/240.0/06,13.5/220.0/17,93,62/30,1003.9,6,285.5
4720,2022,8,澎湖,29.2,33.1/20,25.4/04,36.5,7.1/180.0/20,13.3/180.0/05,86,60/29,1006.2,4,294.7
4721,2022,8,東吉島,29.4,35.7/31,24.8/05,82.5,12.6/240.0/05,18.3/240.0/05,83,57/28,1002.9,6,291.4
4722,2022,9,彭佳嶼,29.0,34.6/01,23.6/02,109.5,17.5/160.0/15,22.1/170.0/15,85,59/13,997.0,4,325.0
4723,2022,9,基隆,30.1,36.1/26,25.4/03,54.0,8.4/140.0/24,16.7/140.0/24,72,45/26,1004.6,6,278.5
4724,2022,9,臺北,30.6,37.2/22,24.9/25,218.5,7.6/160.0/25,13.9/50.0/01,68,39/23,1004.5,10,218.1
4725,2022,9,鞍部,23.6,29.8/27,20.0/06,70.0,7.9/190.0/23,16.2/160.0/24,94,61/22,918.1,7,155.8
4726,2022,9,竹子湖,25.4,32.3/23,21.3/03,101.0,5.7/20.0/17,10.6/350.0/17,89,49/22,941.4,9,189.8
4727,2022,9,淡水,29.8,37.4/24,23.7/02,103.5,4.9/20.0/31,12.3/170.0/23,77,44/06,1005.9,8,245.8
4728,2022,9,(原板橋),30.1,38.0/22,24.5/03,68.0,5.2/70.0/31,10.9/210.0/08,71,33/22,1006.6,9,208.9
4729,2022,9,新屋,29.4,33.4/29,25.0/02,29.0,9.3/40.0/31,15.9/40.0/31,84,59/27,1005.7,3,268.5
4730,2022,9,新竹,29.7,36.0/27,24.6/03,61.5,5.2/20.0/31,10.5/30.0/31,76,43/27,1004.8,8,215.1
4731,2022,9,臺中,28.9,35.4/27,23.6/05,278.0,4.4/260.0/03,11.3/260.0/03,76,44/22,998.6,11,197.2
4732,2022,9,田中,28.7,35.2/27,23.7/07,297.5,8.3/40.0/19,13.6/50.0/19,81,49/15,1003.2,15,221.9
4733,2022,9,日月潭,23.1,30.4/27,18.5/07,187.5,7.4/130.0/23,14.4/250.0/25,90,43/23,899.7,17,139.5
4734,2022,9,嘉義,28.6,35.8/27,23.1/07,402.5,7.6/60.0/04,16.4/40.0/04,84,49/25,1004.9,18,223.7
4735,2022,9,阿里山,14.5,21.6/23,10.8/08,411.5,6.5/300.0/25,13.6/270.0/25,96,39/23,764.5,26,118.8
4736,2022,9,玉山,9.4,22.0/22,2.9/07,119.5,24.6/110.0/24,31.1/110.0/24,72,30/14,643.6,15,184.4
4737,2022,9,臺南,29.4,34.9/10,24.6/02,297.5,9.1/190.0/19,14.7/190.0/04,76,49/10,1005.5,14,213.6
4738,2022,9,高雄,28.5,35.1/04,23.9/12,229.0,5.6/140.0/03,12.6/170.0/24,82,47/04,1006.7,13,228.2
4739,2022,9,恆春,28.6,33.4/13,24.1/03,261.0,7.5/80.0/24,15.3/50.0/24,84,48/22,1005.7,18,240.4
4740,2022,9,宜蘭,29.6,35.7/19,24.2/03,34.0,8.6/150.0/24,17.2/110.0/24,81,51/24,1007.5,2,292.1
4741,2022,9,蘇澳,29.8,34.7/19,24.7/03,30.0,9.9/150.0/08,17.6/170.0/24,73,49/11,1005.5,2,323.3
4742,2022,9,花蓮,29.2,34.2/26,24.7/02,20.0,10.4/180.0/24,14.9/170.0/24,77,47/23,1006.5,2,293.2
4743,2022,9,成功,28.3,34.0/20,23.6/03,97.5,5.6/40.0/31,10.3/160.0/23,81,46/22,1004.3,9,279.7
4744,2022,9,臺東,29.2,33.3/14,24.6/03,148.0,4.3/80.0/23,8.9/40.0/01,76,49/23,1007.5,10,270.3
4745,2022,9,大武,28.3,35.3/25,24.5/03,226.5,6.3/30.0/24,13.6/350.0/24,81,47/25,1007.7,14,245.1
4746,2022,9,蘭嶼,26.5,30.6/12,22.7/02,207.5,13.6/100.0/23,21.2/70.0/23,93,68/22,972.8,16,227.2
4747,2022,9,馬祖,28.7,34.6/22,24.9/02,10.5,9.1/200.0/25,15.9/220.0/25,88,62/19,997.8,1,322.2
4748,2022,9,金門,28.7,36.3/24,24.4/03,34.0,7.4/90.0/24,13.0/60.0/24,88,52/24,1005.2,6,307.6
4749,2022,9,澎湖,29.3,33.2/09,24.8/03,132.0,6.8/160.0/19,12.9/130.0/19,85,60/04,1007.0,7,281.3
4750,2022,9,東吉島,29.3,35.3/13,24.7/02,87.0,14.8/160.0/19,19.5/160.0/19,82,61/09,1003.7,8,282.3
4751,2022,10,彭佳嶼,26.4,31.2/05,22.3/24,210.0,24.0/270.0/04,29.2/270.0/04,86,59/08,996.3,15,165.7
4752,2022,10,基隆,27.1,34.2/05,22.1/23,412.5,13.0/10.0/02,21.0/350.0/03,78,39/18,1004.6,14,140.1
4753,2022,10,臺北,27.3,34.8/29,21.9/23,256.0,6.6/310.0/13,17.6/280.0/04,74,36/22,1004.7,15,160.0
4754,2022,10,鞍部,20.7,26.9/29,15.6/22,1066.5,14.7/350.0/04,26.5/350.0/03,95,13/23,917.1,16,80.4
4755,2022,10,竹子湖,22.5,28.6/28,17.3/23,977.5,6.9/20.0/06,18.3/10.0/04,91,43/19,940.6,15,131.7
4756,2022,10,淡水,26.5,34.4/28,20.1/21,323.5,6.5/330.0/04,18.4/320.0/12,82,44/08,1005.9,13,162.0
4757,2022,10,(原板橋),27.2,35.3/29,20.1/23,249.5,7.3/220.0/04,14.7/240.0/04,74,32/22,1006.5,13,147.3
4758,2022,10,新屋,27.0,32.1/27,20.7/21,46.0,13.2/20.0/03,20.6/20.0/02,83,43/22,1005.5,10,201.8
4759,2022,10,新竹,27.3,34.3/27,21.1/21,220.5,5.8/20.0/01,15.4/10.0/02,74,31/08,1004.4,9,187.1
4760,2022,10,臺中,27.9,33.5/09,22.6/23,85.0,7.5/20.0/01,20.0/20.0/01,72,33/21,997.5,7,210.2
4761,2022,10,田中,27.7,34.3/28,22.2/23,47.0,8.7/10.0/01,16.3/350.0/01,77,42/19,1002.1,6,211.7
4762,2022,10,日月潭,22.0,28.2/18,17.6/21,156.5,4.1/150.0/07,10.3/320.0/03,89,48/27,898.2,8,134.5
4763,2022,10,嘉義,27.7,34.0/15,22.3/23,107.0,8.1/360.0/02,14.9/360.0/02,82,44/19,1003.8,8,196.8
4764,2022,10,阿里山,13.6,20.6/02,7.8/21,312.5,5.8/350.0/03,15.7/340.0/03,94,20/27,762.6,11,110.7
4765,2022,10,玉山,8.7,22.3/27,1.1/18,491.5,13.8/130.0/26,17.7/310.0/03,65,13/27,642.2,8,164.7
4766,2022,10,臺南,28.7,33.8/15,24.8/21,25.5,10.9/350.0/03,19.4/10.0/01,73,41/15,1004.4,7,191.7
4767,2022,10,高雄,27.7,33.5/15,23.2/15,108.5,5.2/290.0/04,13.1/310.0/03,82,45/15,1005.6,8,187.3
4768,2022,10,恆春,28.3,33.3/15,24.0/23,42.0,10.4/280.0/04,19.8/280.0/04,76,31/08,1004.2,6,194.0
4769,2022,10,宜蘭,26.9,33.9/05,20.9/23,262.5,11.8/300.0/04,19.0/320.0/04,82,44/17,1007.0,13,173.0
4770,2022,10,蘇澳,27.1,33.1/05,20.9/08,319.5,10.1/70.0/06,22.7/50.0/01,77,36/08,1004.8,13,171.1
4771,2022,10,花蓮,27.7,34.3/01,22.0/09,117.5,12.1/60.0/02,21.7/20.0/03,76,41/08,1005.0,13,176.1
4772,2022,10,成功,27.3,33.1/12,20.9/10,156.5,9.2/30.0/02,19.0/40.0/02,78,46/07,1002.5,16,191.4
4773,2022,10,臺東,28.3,36.4/04,23.3/23,76.5,7.6/260.0/04,19.0/270.0/04,73,34/04,1005.5,10,217.5
4774,2022,10,大武,27.9,35.2/05,21.0/10,111.5,7.0/30.0/24,14.1/230.0/04,75,45/05,1005.9,10,208.2
4775,2022,10,蘭嶼,25.7,30.6/16,21.4/23,134.5,25.0/250.0/04,41.1/250.0/04,89,65/13,970.6,10,145.2
4776,2022,10,馬祖,26.8,35.0/04,23.0/25,2.5,9.6/290.0/05,15.3/40.0/24,79,43/15,999.2,3,213.7
4777,2022,10,金門,27.9,36.3/03,22.5/25,31.0,9.0/60.0/06,14.8/60.0/06,74,30/08,1005.8,2,226.6
4778,2022,10,澎湖,28.2,33.1/15,25.4/21,3.0,9.5/350.0/02,17.5/340.0/02,79,52/01,1006.5,4,258.0
4779,2022,10,東吉島,27.9,33.8/14,24.1/19,7.0,19.2/10.0/02,26.6/40.0/01,80,50/23,1002.9,1,264.1
4780,2022,11,彭佳嶼,23.7,29.4/04,19.5/17,251.0,18.8/40.0/17,27.7/30.0/17,82,51/25,1004.5,8,95.3
4781,2022,11,基隆,24.1,33.6/03,19.0/18,1004.5,12.5/20.0/16,20.4/360.0/17,79,49/03,1012.7,21,59.0
4782,2022,11,臺北,24.2,35.1/03,18.6/18,449.5,6.1/90.0/27,14.6/110.0/25,79,42/03,1012.3,20,77.2
4783,2022,11,鞍部,17.7,27.9/04,12.1/10,2180.0,10.5/340.0/17,24.1/330.0/17,99,71/01,923.2,23,32.9
4784,2022,11,竹子湖,19.5,29.7/01,14.0/19,2426.0,7.8/20.0/21,18.5/220.0/16,95,61/01,947.0,24,76.9
4785,2022,11,淡水,23.7,33.1/03,17.5/18,489.5,6.3/20.0/15,14.7/20.0/17,82,52/25,1013.6,18,73.2
4786,2022,11,(原板橋),24.1,35.7/04,18.7/18,393.0,7.0/80.0/05,15.1/80.0/31,80,36/02,1014.2,19,59.8
4787,2022,11,新屋,24.0,32.2/01,18.4/18,170.5,15.2/60.0/19,23.5/50.0/17,82,49/26,1012.5,12,136.1
4788,2022,11,新竹,24.5,32.9/04,18.4/18,101.0,8.2/70.0/11,20.8/60.0/19,76,44/26,1010.8,6,162.0
4789,2022,11,臺中,25.7,33.5/06,20.1/26,11.5,5.4/20.0/17,11.4/10.0/31,71,46/11,1002.7,4,188.3
4790,2022,11,田中,25.3,33.7/02,19.6/12,5.5,6.5/350.0/17,13.3/360.0/17,76,49/06,1007.3,2,188.9
4791,2022,11,日月潭,21.0,28.6/01,16.7/12,25.5,5.6/150.0/16,10.2/150.0/16,89,44/16,902.2,4,115.2
4792,2022,11,嘉義,25.3,34.0/03,18.5/26,5.5,6.2/10.0/31,12.6/10.0/17,80,52/01,1008.9,3,180.0
4793,2022,11,阿里山,13.3,20.5/17,8.4/25,157.5,3.9/90.0/30,9.2/70.0/15,88,24/04,765.7,8,128.3
4794,2022,11,玉山,8.5,22.2/04,2.6/25,151.0,20.3/110.0/16,27.1/120.0/16,67,19/04,644.3,12,192.7
4795,2022,11,臺南,26.5,34.0/02,20.5/19,3.5,8.9/10.0/31,15.7/360.0/31,72,48/12,1009.4,2,197.5
4796,2022,11,高雄,26.1,33.1/03,19.0/11,15.5,4.8/260.0/28,8.5/310.0/04,79,51/20,1010.6,6,185.0
4797,2022,11,恆春,26.7,33.3/04,22.6/25,140.0,14.4/40.0/18,29.7/60.0/18,71,44/26,1009.3,8,196.1
4798,2022,11,宜蘭,23.3,31.8/03,17.3/26,780.0,9.1/40.0/17,15.5/60.0/31,94,56/24,1015.3,23,62.2
4799,2022,11,蘇澳,23.6,31.0/02,17.6/18,1201.5,14.7/90.0/31,21.9/20.0/17,90,51/24,1013.0,24,65.4
4800,2022,11,花蓮,24.7,31.7/02,18.4/26,878.0,11.8/50.0/10,20.6/40.0/18,82,51/26,1013.0,17,87.7
4801,2022,11,成功,25.0,31.4/05,17.2/26,704.5,11.4/30.0/17,22.9/40.0/17,79,49/27,1009.7,23,133.2
4802,2022,11,臺東,25.7,31.4/02,19.9/25,376.0,6.9/50.0/10,16.8/50.0/19,75,49/27,1012.6,14,148.4
4803,2022,11,大武,26.1,31.6/02,18.5/26,363.5,8.8/30.0/29,17.3/40.0/17,74,45/29,1012.5,17,148.3
4804,2022,11,蘭嶼,23.6,28.6/04,19.7/18,611.0,27.7/30.0/17,36.8/40.0/17,91,65/24,975.6,19,83.3
4805,2022,11,馬祖,21.9,31.4/02,17.1/19,4.0,11.1/20.0/31,19.8/30.0/31,79,41/11,1007.5,5,150.0
4806,2022,11,金門,24.4,34.5/04,17.8/26,T,10.4/60.0/24,22.0/40.0/18,67,29/24,1012.6,0,175.7
4807,2022,11,澎湖,25.4,31.8/02,21.5/31,7.5,11.5/20.0/17,24.7/20.0/17,79,56/11,1012.1,3,148.3
4808,2022,11,東吉島,25.6,31.4/04,21.7/31,6.0,24.5/40.0/18,33.3/40.0/17,81,63/20,1007.7,1,192.6
4809,2022,12,彭佳嶼,16.2,23.0/03,7.3/18,147.5,19.7/10.0/17,28.3/360.0/17,80,33/22,1008.9,21,35.9
4810,2022,12,基隆,16.6,22.5/20,8.9/18,877.0,12.3/10.0/17,20.6/360.0/17,82,33/22,1017.7,23,19.8
4811,2022,12,臺北,16.6,24.8/03,8.3/25,90.5,5.8/80.0/19,13.6/80.0/19,82,27/22,1017.3,18,56.6
4812,2022,12,鞍部,10.5,19.1/03,0.0/18,765.0,10.6/350.0/17,19.2/340.0/17,97,36/22,925.4,23,27.8
4813,2022,12,竹子湖,12.2,19.9/03,2.2/18,750.0,10.8/20.0/15,19.7/50.0/15,94,35/22,949.8,21,76.2
4814,2022,12,淡水,15.8,23.3/03,7.0/24,141.0,6.2/10.0/17,14.0/50.0/17,87,28/22,1018.6,17,57.8
4815,2022,12,(原板橋),16.5,25.0/03,7.0/24,116.0,6.0/80.0/25,12.8/80.0/06,84,25/22,1019.2,17,39.1
4816,2022,12,新屋,16.2,23.7/20,8.5/23,122.5,14.0/50.0/31,23.8/60.0/31,88,28/22,1017.6,18,89.7
4817,2022,12,新竹,16.4,23.3/03,8.5/26,26.0,7.1/30.0/31,17.6/40.0/31,80,22/22,1016.1,8,106.9
4818,2022,12,臺中,17.8,28.1/03,8.2/25,16.5,6.9/20.0/17,17.3/30.0/17,69,13/22,1007.6,3,208.5
4819,2022,12,田中,17.3,27.9/03,5.3/25,8.5,7.4/10.0/17,15.1/360.0/17,76,13/22,1012.4,1,192.4
4820,2022,12,日月潭,15.2,26.5/03,6.2/25,15.0,3.7/190.0/17,6.9/180.0/17,78,31/27,904.2,2,165.1
4821,2022,12,嘉義,17.6,29.3/03,5.6/25,39.5,8.6/360.0/17,14.5/350.0/17,77,19/22,1014.0,1,191.4
4822,2022,12,阿里山,7.8,16.9/04,-1.4/24,60.5,4.3/150.0/08,9.9/270.0/17,71,3/26,764.7,3,165.4
4823,2022,12,玉山,2.2,16.3/04,-9.2/24,81.5,10.9/280.0/14,21.3/290.0/18,59,12/09,647.3,8,208.2
4824,2022,12,臺南,18.6,28.2/03,10.2/25,7.0,11.2/10.0/17,19.7/360.0/17,71,22/22,1014.4,1,215.0
4825,2022,12,高雄,19.0,30.0/03,7.7/25,15.5,4.8/300.0/26,8.5/20.0/17,74,27/22,1015.4,2,210.1
4826,2022,12,恆春,22.1,29.8/04,14.8/18,4.5,12.4/30.0/14,27.0/50.0/11,68,43/26,1013.4,5,164.1
4827,2022,12,宜蘭,16.7,28.0/03,8.1/24,412.0,8.5/310.0/21,15.1/310.0/21,89,25/22,1020.0,20,53.5
4828,2022,12,蘇澳,16.9,26.6/03,9.5/18,987.0,10.4/70.0/07,21.6/20.0/18,87,29/22,1017.4,21,43.3
4829,2022,12,花蓮,19.5,27.5/03,10.1/19,22.5,11.3/40.0/17,20.2/50.0/17,75,37/22,1016.9,6,75.3
4830,2022,12,成功,20.3,29.7/03,12.0/18,50.0,11.5/30.0/11,20.9/20.0/11,72,42/26,1013.6,13,90.3
4831,2022,12,臺東,20.9,28.5/03,12.4/18,5.5,6.5/60.0/11,15.7/60.0/11,68,36/26,1016.6,4,108.5
4832,2022,12,大武,21.7,28.4/04,14.7/18,29.0,7.8/30.0/14,15.1/50.0/17,67,37/26,1016.5,10,100.7
4833,2022,12,蘭嶼,19.2,24.8/04,12.3/18,94.5,27.8/30.0/11,36.4/20.0/17,89,50/26,978.8,19,42.8
4834,2022,12,馬祖,11.9,19.4/09,5.1/18,47.5,9.4/10.0/14,17.2/40.0/14,79,29/22,1012.7,10,88.3
4835,2022,12,金門,14.7,24.9/09,6.7/18,19.0,8.8/50.0/11,17.4/50.0/11,73,19/22,1018.1,5,137.5
4836,2022,12,澎湖,18.1,22.1/03,12.0/18,7.0,10.2/10.0/17,23.4/350.0/17,79,39/22,1017.3,3,88.8
4837,2022,12,東吉島,18.9,22.8/03,12.7/18,8.0,23.1/30.0/17,31.0/40.0/17,79,36/24,1012.6,2,108.7
4838,2023,1,彭佳嶼,18.0,26.2/11,8.5/22,78.5,15.1/10.0/20,23.3/20.0/16,81,45/07,1010.3,13,59.2
4839,2023,1,基隆,18.1,28.0/11,9.2/22,371.5,12.4/360.0/20,18.8/20.0/20,85,47/07,1018.8,19,61.8
4840,2023,1,臺北,18.8,30.2/11,9.6/22,89.0,5.7/90.0/25,14.3/80.0/31,81,44/26,1018.3,8,87.4
4841,2023,1,鞍部,12.5,23.5/10,1.6/22,371.0,8.1/340.0/24,17.1/360.0/24,95,17/06,927.2,22,48.1
4842,2023,1,竹子湖,14.1,24.8/10,3.4/22,355.0,8.8/30.0/16,16.7/30.0/24,91,22/06,951.5,20,73.7
4843,2023,1,淡水,17.9,28.0/15,8.2/22,120.5,7.4/20.0/16,15.5/30.0/16,85,44/07,1019.7,14,74.1
4844,2023,1,新北,17.9,30.0/11,8.2/22,135.0,5.6/80.0/07,12.4/60.0/16,85,45/09,1019.0,13,81.5
4845,2023,1,新屋,18.0,28.5/15,9.0/22,87.0,14.3/50.0/16,23.9/40.0/16,85,44/26,1018.8,12,96.6
4846,2023,1,新竹,18.4,28.8/15,9.2/22,68.5,6.9/30.0/16,16.7/20.0/21,81,44/26,1017.5,7,98.9
4847,2023,1,臺中,19.9,30.9/10,10.2/22,12.5,5.7/10.0/16,11.6/350.0/24,73,35/31,1009.6,3,160.3
4848,2023,1,田中,19.7,31.2/10,9.2/25,12.0,7.0/350.0/24,13.1/140.0/24,79,35/31,1014.3,2,154.6
4849,2023,1,日月潭,16.6,25.7/11,8.5/23,54.5,5.2/170.0/28,8.1/130.0/28,84,38/30,906.7,11,138.7
4850,2023,1,嘉義,19.7,31.0/10,8.7/26,11.5,7.9/360.0/24,12.4/10.0/24,77,39/31,1015.9,2,148.2
4851,2023,1,阿里山,9.5,18.7/15,2.1/25,133.5,3.8/150.0/05,8.2/290.0/24,82,9/09,767.7,14,131.6
4852,2023,1,玉山,1.3,19.7/14,-8.5/24,223.5,12.2/220.0/04,23.6/290.0/27,80,11/25,645.4,12,191.8
4853,2023,1,臺南,20.7,30.3/10,10.9/22,15.0,8.1/360.0/24,15.6/50.0/16,73,40/09,1016.3,3,153.9
4854,2023,1,高雄,20.9,31.5/10,11.1/25,10.0,4.3/290.0/16,7.7/300.0/16,78,42/09,1017.5,4,148.8
4855,2023,1,恆春,23.2,29.8/11,16.8/22,0.5,12.6/30.0/16,24.8/180.0/17,69,43/27,1015.6,1,137.4
4856,2023,1,宜蘭,18.3,28.2/11,9.1/22,157.0,8.3/60.0/31,13.7/60.0/31,89,54/07,1021.3,16,72.9
4857,2023,1,花蓮,20.2,27.8/15,12.6/26,39.5,11.7/40.0/16,19.3/60.0/22,77,44/26,1018.9,10,61.4
4858,2023,1,成功,21.0,27.6/15,13.9/21,42.0,10.9/20.0/16,20.3/30.0/21,76,44/26,1015.9,18,49.8
4859,2023,1,臺東,21.7,27.8/09,14.4/23,15.5,6.9/50.0/16,17.5/60.0/16,71,42/27,1018.9,5,66.4
4860,2023,1,大武,22.5,29.8/11,16.9/22,8.0,8.0/30.0/21,16.1/40.0/16,72,44/26,1018.9,5,73.6
4861,2023,1,蘭嶼,20.1,28.2/11,13.7/22,288.5,23.3/30.0/24,33.0/40.0/17,93,65/07,981.6,29,40.9
4862,2023,1,馬祖,13.6,24.6/11,3.8/22,23.0,9.0/10.0/23,16.3/30.0/17,78,41/22,1013.4,2,119.5
4863,2023,1,金門,16.0,25.6/31,6.3/22,2.5,11.1/60.0/16,20.3/60.0/16,74,32/22,1019.2,1,136.3
4864,2023,1,澎湖,20.1,28.5/15,12.6/22,3.5,9.9/30.0/21,21.0/30.0/16,79,49/07,1018.9,2,84.6
4865,2023,1,東吉島,20.7,26.7/15,13.8/22,3.5,21.9/10.0/21,29.0/30.0/22,80,48/07,1014.7,2,100.4
4866,2023,2,彭佳嶼,15.9,26.2/14,6.4/24,153.5,18.5/360.0/24,26.6/10.0/24,82,46/30,1009.8,18,63.3
4867,2023,2,基隆,16.3,26.2/14,8.4/25,300.5,11.2/10.0/27,18.9/360.0/27,81,41/31,1018.2,19,59.3
4868,2023,2,臺北,17.0,28.2/13,8.5/25,28.0,7.2/110.0/01,13.3/80.0/07,77,38/31,1017.7,10,88.0
4869,2023,2,鞍部,10.4,21.8/13,0.3/24,240.5,10.9/350.0/24,18.8/360.0/24,97,23/31,926.0,21,51.3
4870,2023,2,竹子湖,12.4,23.8/13,2.4/25,141.5,9.8/20.0/20,17.6/20.0/20,92,40/31,950.5,17,91.8
4871,2023,2,淡水,16.0,25.9/14,6.5/28,40.0,6.5/20.0/24,14.7/20.0/24,83,42/30,1019.1,11,82.7
4872,2023,2,新北,16.3,29.1/13,7.3/25,52.0,5.7/70.0/25,12.3/120.0/10,81,40/30,1018.4,15,78.9
4873,2023,2,新屋,15.7,27.1/13,6.1/31,18.5,14.4/60.0/20,21.5/50.0/20,87,46/28,1018.3,11,91.4
4874,2023,2,新竹,16.3,27.2/13,8.0/28,9.5,6.7/60.0/24,16.4/50.0/15,79,37/30,1017.0,9,91.1
4875,2023,2,臺中,17.5,29.6/14,8.0/29,5.0,6.7/20.0/24,14.4/30.0/24,73,29/30,1009.1,2,186.5
4876,2023,2,田中,17.0,30.1/14,6.0/29,3.5,8.2/360.0/24,15.1/340.0/24,79,33/31,1013.9,1,177.0
4877,2023,2,日月潭,15.0,24.6/14,4.9/24,14.0,5.2/140.0/02,7.4/150.0/02,79,33/20,905.5,2,187.0
4878,2023,2,嘉義,17.2,30.1/14,7.2/25,7.5,8.6/10.0/24,16.1/20.0/24,81,36/31,1015.6,1,176.2
4879,2023,2,阿里山,6.9,17.8/31,-1.8/30,31.0,4.2/340.0/03,8.6/340.0/03,82,9/30,765.5,4,145.7
4880,2023,2,玉山,3.0,18.0/25,-6.2/25,62.0,14.8/280.0/27,27.5/280.0/28,50,12/31,647.5,4,261.5
4881,2023,2,臺南,18.0,28.5/14,9.1/28,0.5,11.9/10.0/24,21.9/360.0/24,76,34/31,1016.0,1,209.8
4882,2023,2,高雄,18.6,30.1/14,9.0/29,T,5.2/260.0/15,9.3/30.0/24,77,36/26,1016.7,0,201.9
4883,2023,2,恆春,21.1,28.9/14,12.7/25,6.0,11.6/30.0/25,26.7/70.0/25,72,44/26,1015.4,6,165.9
4884,2023,2,宜蘭,16.8,27.2/13,8.0/25,230.0,7.1/10.0/24,12.2/360.0/27,88,47/26,1020.7,12,65.8
4885,2023,2,蘇澳,17.0,26.8/13,6.9/25,443.0,9.8/20.0/24,24.1/40.0/24,85,41/30,1018.2,18,61.1
4886,2023,2,花蓮,18.2,27.1/14,10.9/28,199.5,13.9/50.0/24,23.8/40.0/24,82,50/25,1018.4,11,61.7
4887,2023,2,成功,18.8,28.0/14,9.6/25,160.5,11.3/30.0/24,21.1/30.0/24,80,46/26,1015.5,19,68.1
4888,2023,2,臺東,19.6,27.6/14,11.5/25,69.5,6.1/60.0/27,16.1/20.0/24,74,41/26,1018.5,9,92.0
4889,2023,2,大武,20.4,30.5/14,12.5/26,51.0,7.5/40.0/24,17.6/40.0/24,71,40/26,1018.4,12,100.5
4890,2023,2,蘭嶼,18.5,25.8/13,10.5/25,155.0,20.1/30.0/15,27.5/30.0/24,89,57/30,981.1,20,53.3
4891,2023,2,馬祖,10.7,22.3/14,2.5/25,38.5,8.9/60.0/24,16.6/20.0/14,82,35/28,1013.0,8,82.8
4892,2023,2,金門,14.0,24.3/06,5.8/29,15.0,10.8/60.0/15,18.5/50.0/15,76,23/30,1018.7,7,107.7
4893,2023,2,澎湖,16.2,26.5/14,10.2/28,2.5,9.8/20.0/24,21.3/60.0/25,84,45/28,1018.8,1,97.9
4894,2023,2,東吉島,17.3,28.5/14,11.2/24,4.0,22.0/30.0/24,29.6/30.0/24,89,58/27,1014.4,1,109.4
4895,2023,3,彭佳嶼,16.6,24.3/13,10.9/26,176.0,15.8/160.0/18,23.2/20.0/14,85,52/26,1009.0,12,33.4
4896,2023,3,基隆,16.7,27.6/12,11.5/01,352.5,10.4/30.0/25,16.8/20.0/21,83,44/01,1017.6,17,48.4
4897,2023,3,臺北,17.5,28.1/13,11.8/15,37.5,5.9/330.0/12,13.5/90.0/19,78,39/27,1017.1,7,68.2
4898,2023,3,鞍部,11.5,23.2/12,3.1/15,236.0,7.9/80.0/13,15.9/140.0/16,94,12/01,925.6,19,50.9
4899,2023,3,竹子湖,13.3,25.1/13,5.6/15,201.0,9.9/40.0/19,19.5/80.0/19,92,34/01,950.1,18,73.4
4900,2023,3,淡水,16.2,26.6/28,10.6/14,63.5,6.4/20.0/14,14.3/10.0/19,85,40/27,1018.6,8,57.1
4901,2023,3,新北,16.8,28.8/12,9.5/01,46.5,6.6/70.0/27,12.5/80.0/16,82,37/27,1017.9,10,68.8
4902,2023,3,新屋,15.3,27.3/13,8.7/01,68.0,15.3/50.0/20,26.0/60.0/20,90,41/27,1017.8,7,62.8
4903,2023,3,新竹,16.3,30.6/13,10.7/01,21.5,7.8/30.0/21,19.0/40.0/21,81,34/27,1016.4,3,87.0
4904,2023,3,臺中,18.3,33.2/13,11.4/01,7.5,6.2/10.0/24,12.2/40.0/24,72,27/01,1008.4,1,174.3
4905,2023,3,田中,17.9,33.0/13,11.0/01,11.5,6.9/320.0/24,11.0/320.0/20,79,29/01,1013.2,1,167.3
4906,2023,3,日月潭,16.2,27.4/13,9.3/28,11.0,4.3/280.0/13,8.0/280.0/13,79,27/13,905.2,2,166.4
4907,2023,3,嘉義,18.2,33.4/13,11.0/27,T,6.0/360.0/25,11.6/350.0/25,81,31/01,1014.9,0,161.2
4908,2023,3,阿里山,8.7,18.0/12,0.9/16,20.0,3.7/180.0/04,8.7/150.0/12,73,11/19,765.8,2,200.2
4909,2023,3,玉山,3.9,23.4/18,-9.5/26,4.0,13.4/280.0/10,23.7/300.0/06,50,10/15,644.6,1,242.0
4910,2023,3,臺南,18.9,30.1/13,12.5/15,T,7.9/10.0/14,14.6/350.0/15,75,34/01,1015.3,0,195.7
4911,2023,3,高雄,19.8,31.8/13,11.5/01,T,5.2/300.0/22,10.2/280.0/22,74,34/01,1016.3,0,197.9
4912,2023,3,恆春,22.3,30.3/13,16.2/27,6.0,11.8/30.0/25,26.3/360.0/21,71,36/28,1014.6,2,179.9
4913,2023,3,宜蘭,17.7,28.0/12,11.7/26,116.5,8.4/60.0/19,13.9/60.0/19,90,38/01,1019.9,13,59.4
4914,2023,3,蘇澳,17.7,28.5/13,10.6/26,323.5,8.8/150.0/12,19.4/10.0/25,87,37/01,1017.4,19,58.8
4915,2023,3,花蓮,19.6,27.1/13,14.0/28,29.0,12.6/50.0/25,21.1/60.0/25,79,40/27,1017.6,6,76.9
4916,2023,3,成功,20.0,28.5/13,12.7/27,27.0,10.0/30.0/24,18.6/20.0/24,79,42/28,1014.6,16,72.5
4917,2023,3,臺東,21.2,28.7/13,15.6/01,7.0,6.2/60.0/24,17.1/50.0/24,71,39/28,1017.6,4,94.6
4918,2023,3,大武,22.2,36.5/13,16.6/28,21.0,7.6/30.0/24,16.5/50.0/25,69,34/13,1017.6,8,97.0
4919,2023,3,蘭嶼,19.5,26.3/12,14.4/27,105.0,18.6/30.0/14,31.0/30.0/24,89,59/18,980.3,18,65.4
4920,2023,3,馬祖,10.5,19.1/18,6.5/27,63.0,10.4/20.0/21,17.9/160.0/21,88,45/26,1012.4,9,81.5
4921,2023,3,金門,14.2,23.9/19,7.8/27,43.0,11.3/70.0/19,20.1/50.0/25,78,18/26,1017.9,5,141.7
4922,2023,3,澎湖,16.4,27.2/13,12.2/22,9.5,10.1/20.0/25,21.8/230.0/21,86,50/15,1018.1,2,63.9
4923,2023,3,東吉島,17.7,29.8/13,13.1/22,T,21.7/30.0/25,30.6/30.0/25,84,47/01,1013.6,0,77.9
4924,2023,4,彭佳嶼,18.6,27.1/23,13.4/13,77.0,16.1/300.0/23,24.4/10.0/12,81,37/05,1006.4,10,137.0
4925,2023,4,基隆,18.5,29.7/23,11.3/05,129.5,10.7/360.0/12,17.2/20.0/12,80,36/11,1014.8,12,132.0
4926,2023,4,臺北,20.0,32.6/23,12.6/05,23.5,8.7/330.0/23,18.5/330.0/23,72,25/06,1014.4,7,151.0
4927,2023,4,鞍部,13.3,25.6/23,5.5/13,80.0,10.2/360.0/23,18.4/350.0/12,89,29/09,923.8,11,111.9
4928,2023,4,竹子湖,15.3,28.0/23,7.5/13,53.0,9.8/20.0/25,16.7/30.0/12,86,32/06,948.1,9,147.1
4929,2023,4,淡水,18.8,30.6/23,10.9/03,28.0,7.0/30.0/12,14.6/20.0/12,79,24/06,1015.9,3,143.5
4930,2023,4,新北,18.8,33.8/23,10.6/06,35.5,6.2/60.0/16,13.0/30.0/23,77,25/06,1015.1,7,139.0
4931,2023,4,新屋,18.5,26.5/23,10.4/07,26.5,13.8/50.0/02,20.9/40.0/02,85,33/06,1015.2,7,155.4
4932,2023,4,新竹,19.3,29.0/23,12.1/06,23.5,6.6/30.0/12,14.4/20.0/12,74,20/06,1014.1,3,161.9
4933,2023,4,臺中,20.8,32.2/23,12.5/06,19.5,4.9/360.0/02,10.3/350.0/02,68,20/05,1006.8,3,222.7
4934,2023,4,田中,20.4,31.8/23,11.3/06,20.5,6.6/320.0/25,12.6/320.0/02,76,24/09,1011.6,4,222.4
4935,2023,4,日月潭,17.0,30.2/22,9.7/03,24.0,6.2/180.0/26,15.4/190.0/26,76,32/09,904.4,4,197.5
4936,2023,4,嘉義,20.4,31.3/23,10.9/06,15.0,6.8/250.0/10,10.8/240.0/22,80,27/09,1013.2,3,253.2
4937,2023,4,阿里山,8.6,19.6/22,-1.6/05,40.5,4.1/140.0/15,10.3/260.0/22,71,2/07,765.4,4,186.9
4938,2023,4,玉山,1.8,18.3/17,-8.5/04,9.0,13.2/270.0/23,24.1/260.0/23,68,10/02,642.7,4,219.5
4939,2023,4,臺南,21.6,30.3/24,13.6/03,T,7.9/10.0/02,13.8/30.0/25,70,25/09,1013.8,0,274.6
4940,2023,4,高雄,21.6,32.1/24,11.3/03,T,5.9/260.0/11,9.5/250.0/11,72,28/01,1014.8,0,279.1
4941,2023,4,恆春,23.3,31.5/25,15.1/04,0.5,11.6/30.0/13,25.5/40.0/13,68,36/01,1013.4,1,231.3
4942,2023,4,宜蘭,19.5,29.8/23,10.7/05,46.5,7.0/320.0/01,14.1/340.0/23,85,38/06,1017.2,8,131.3
4943,2023,4,蘇澳,19.7,30.9/23,11.9/06,112.5,8.5/20.0/12,18.5/50.0/12,80,32/05,1014.8,14,124.5
4944,2023,4,花蓮,21.0,29.6/23,13.6/06,21.5,11.2/50.0/13,19.9/60.0/12,77,29/05,1015.3,6,134.4
4945,2023,4,成功,21.2,29.1/24,14.8/06,83.0,9.9/10.0/13,19.0/20.0/13,76,30/05,1012.5,13,131.5
4946,2023,4,臺東,22.5,29.0/21,15.8/06,10.5,6.0/60.0/13,12.8/50.0/13,70,30/05,1015.5,4,167.2
4947,2023,4,大武,23.6,36.6/21,14.7/06,12.5,7.2/30.0/02,14.1/50.0/04,66,31/21,1015.7,6,178.0
4948,2023,4,蘭嶼,20.3,27.5/24,16.0/03,247.5,20.0/30.0/28,26.4/20.0/13,86,54/06,979.1,12,146.3
4949,2023,4,馬祖,13.3,23.2/22,8.2/03,92.0,12.6/190.0/22,20.9/200.0/22,87,21/06,1009.1,7,153.1
4950,2023,4,金門,16.6,28.4/10,9.7/03,66.0,9.7/60.0/02,16.5/60.0/02,75,17/06,1015.4,8,176.0
4951,2023,4,澎湖,20.0,28.1/23,14.6/01,10.0,9.9/20.0/13,19.1/10.0/13,80,42/05,1016.0,6,203.3
4952,2023,4,東吉島,20.7,29.1/21,15.8/03,4.5,20.6/40.0/13,26.8/50.0/13,78,38/05,1012.0,3,222.3
4953,2023,5,彭佳嶼,20.8,27.8/29,14.7/07,122.5,19.0/160.0/04,24.1/260.0/20,83,43/08,1001.8,11,134.0
4954,2023,5,基隆,21.7,31.5/18,15.7/07,146.0,8.9/20.0/08,14.7/220.0/19,79,32/18,1010.0,14,116.9
4955,2023,5,臺北,22.6,33.1/18,16.5/07,109.5,5.8/290.0/19,15.8/90.0/08,75,35/18,1009.6,9,111.9
4956,2023,5,鞍部,16.3,26.7/18,8.4/07,135.0,8.1/360.0/07,16.0/200.0/08,92,46/18,920.4,14,91.5
4957,2023,5,竹子湖,18.1,28.3/18,11.1/08,124.5,7.7/30.0/26,15.4/30.0/26,89,46/16,944.3,12,102.0
4958,2023,5,淡水,21.7,31.0/13,14.8/07,82.5,6.3/20.0/07,12.6/30.0/08,83,45/16,1011.0,11,121.8
4959,2023,5,新北,21.6,33.6/18,15.2/08,118.0,5.8/270.0/19,13.2/270.0/19,80,35/18,1010.3,10,102.4
4960,2023,5,新屋,21.5,28.6/29,15.7/07,161.5,14.3/270.0/19,23.7/290.0/19,87,50/08,1010.5,10,120.0
4961,2023,5,新竹,22.1,31.5/19,16.1/07,141.0,6.2/60.0/08,15.3/50.0/08,80,47/08,1009.4,8,113.6
4962,2023,5,臺中,23.9,32.2/16,17.8/01,188.5,4.6/360.0/07,9.7/10.0/07,73,38/16,1002.3,6,150.5
4963,2023,5,田中,23.8,31.6/29,17.6/01,110.5,8.7/300.0/19,20.2/280.0/19,80,43/16,1007.1,6,145.4
4964,2023,5,日月潭,19.4,29.7/17,13.5/10,124.5,3.6/170.0/01,9.9/280.0/19,90,40/16,901.4,7,104.6
4965,2023,5,嘉義,24.1,33.4/18,17.3/10,79.5,6.9/240.0/19,12.4/250.0/19,84,39/18,1008.7,5,164.3
4966,2023,5,阿里山,11.7,20.1/12,4.8/10,135.0,3.7/280.0/19,13.0/280.0/19,85,22/16,764.4,7,128.7
4967,2023,5,玉山,5.7,23.2/17,-2.6/16,74.0,17.3/290.0/20,31.0/290.0/20,81,12/02,641.5,8,185.3
4968,2023,5,臺南,25.3,33.4/18,18.2/08,1.0,8.4/190.0/18,13.5/210.0/18,73,44/11,1009.3,2,221.7
4969,2023,5,高雄,25.6,34.4/18,18.7/08,2.5,5.2/270.0/11,11.5/160.0/18,74,43/05,1010.5,1,222.6
4970,2023,5,恆春,25.4,32.0/30,20.1/09,5.5,9.8/30.0/08,19.9/360.0/08,73,42/11,1009.4,2,155.7
4971,2023,5,宜蘭,21.8,30.1/19,14.8/10,51.0,7.1/320.0/15,12.5/290.0/15,90,55/08,1012.6,10,94.6
4972,2023,5,花蓮,22.7,30.3/29,15.6/10,37.5,9.6/60.0/07,15.2/50.0/07,87,53/08,1011.1,12,93.7
4973,2023,5,成功,23.0,30.0/29,16.9/10,69.5,9.1/20.0/07,16.4/10.0/07,84,55/09,1008.4,13,91.9
4974,2023,5,臺東,24.2,31.3/19,18.4/10,13.0,6.3/60.0/07,13.9/60.0/07,77,39/18,1011.6,9,125.1
4975,2023,5,大武,25.4,37.5/19,17.9/10,32.5,8.0/30.0/07,14.7/30.0/07,72,36/19,1011.8,5,116.0
4976,2023,5,蘭嶼,22.1,27.4/29,17.7/08,140.5,17.6/30.0/27,22.9/10.0/27,91,65/10,975.7,14,97.3
4977,2023,5,馬祖,17.1,26.9/16,11.8/09,126.5,11.2/240.0/19,19.8/240.0/19,93,37/08,1003.7,12,118.9
4978,2023,5,金門,20.1,30.8/15,14.0/09,99.0,8.3/50.0/08,18.2/280.0/19,82,31/09,1010.3,8,136.6
4979,2023,5,澎湖,23.0,30.2/18,18.4/01,70.5,8.3/20.0/08,18.4/10.0/08,83,54/08,1011.3,4,150.0
4980,2023,5,東吉島,23.4,30.6/17,19.2/08,11.5,18.0/40.0/08,23.7/30.0/08,83,51/16,1007.6,3,179.2
4981,2023,6,彭佳嶼,23.2,29.4/22,17.6/10,59.0,18.8/260.0/22,22.9/260.0/22,88,56/01,999.4,10,126.7
4982,2023,6,基隆,24.8,34.3/18,18.4/08,182.5,12.1/360.0/31,18.0/350.0/31,80,44/16,1007.3,17,115.4
4983,2023,6,臺北,25.8,35.0/22,18.6/08,182.5,7.2/270.0/18,16.1/290.0/18,76,31/15,1007.0,13,136.4
4984,2023,6,鞍部,19.2,27.0/05,11.9/09,236.5,7.9/80.0/01,19.4/340.0/31,92,36/01,918.9,16,87.3
4985,2023,6,竹子湖,21.1,29.9/26,13.3/10,228.0,8.8/20.0/22,16.0/330.0/22,89,42/01,942.6,13,105.8
4986,2023,6,淡水,25.1,34.1/18,17.8/10,218.0,7.7/20.0/22,15.2/30.0/22,82,37/15,1008.3,10,141.3
4987,2023,6,新北,24.8,35.9/18,17.7/01,278.0,7.7/290.0/18,15.8/280.0/22,80,38/15,1007.6,12,124.6
4988,2023,6,新屋,24.6,33.1/29,18.1/08,366.5,13.1/260.0/18,21.7/220.0/18,85,47/17,1007.8,11,159.6
4989,2023,6,新竹,25.4,35.5/29,18.4/08,427.5,6.1/20.0/22,16.4/10.0/22,79,42/01,1006.7,10,150.3
4990,2023,6,臺中,26.4,35.9/30,19.3/08,178.5,6.8/20.0/31,14.5/10.0/31,74,41/06,1000.1,9,145.4
4991,2023,6,田中,26.4,35.3/06,19.5/08,168.0,6.7/360.0/31,13.4/360.0/31,81,42/06,1004.8,4,153.9
4992,2023,6,日月潭,21.2,30.7/04,16.0/14,262.5,4.8/180.0/20,12.6/160.0/21,92,45/06,900.2,12,88.4
4993,2023,6,嘉義,26.5,35.5/06,19.5/01,162.5,7.7/240.0/05,13.7/360.0/31,86,38/06,1006.4,4,165.1
4994,2023,6,阿里山,13.3,22.0/29,7.7/14,373.5,6.0/340.0/23,12.9/340.0/23,90,33/28,764.2,16,111.7
4995,2023,6,玉山,7.6,24.8/04,0.3/15,305.5,11.7/290.0/07,24.1/290.0/07,90,13/28,641.3,16,119.7
4996,2023,6,臺南,27.4,33.6/30,20.7/09,28.5,9.1/200.0/05,13.4/200.0/05,74,47/04,1007.1,8,190.7
4997,2023,6,高雄,27.3,35.8/06,21.2/09,62.0,5.5/260.0/25,10.8/160.0/04,78,42/06,1008.4,8,199.4
4998,2023,6,恆春,26.9,33.3/17,21.4/16,93.0,8.3/30.0/01,17.3/30.0/01,77,33/11,1007.2,11,151.7
4999,2023,6,宜蘭,24.5,31.6/05,17.9/10,85.5,10.0/40.0/31,19.8/40.0/31,90,52/10,1010.1,13,93.7
5000,2023,6,花蓮,24.8,32.5/29,18.5/10,127.0,11.7/50.0/30,19.6/50.0/30,84,43/11,1008.6,18,113.2
5001,2023,6,成功,24.9,32.3/31,19.6/14,192.5,10.5/20.0/30,23.1/340.0/30,85,52/31,1005.9,16,106.1
5002,2023,6,臺東,25.8,34.3/30,20.2/14,93.5,6.5/50.0/30,16.3/50.0/30,79,45/30,1009.0,12,129.4
5003,2023,6,大武,26.5,39.7/06,20.1/09,205.0,6.7/170.0/06,14.5/180.0/06,78,33/06,1009.3,13,131.0
5004,2023,6,蘭嶼,23.6,27.8/19,18.2/15,207.5,29.4/30.0/30,43.3/30.0/30,95,68/10,973.4,14,67.8
5005,2023,6,馬祖,21.5,28.7/18,14.5/01,48.0,12.7/220.0/05,19.7/220.0/05,90,48/11,1001.1,6,139.6
5006,2023,6,金門,23.8,37.8/31,15.9/10,79.0,9.3/250.0/22,15.0/30.0/30,83,27/01,1007.7,7,149.6
5007,2023,6,澎湖,25.7,30.8/04,21.5/09,82.0,8.9/350.0/31,17.6/340.0/31,83,51/01,1009.0,5,165.3
5008,2023,6,東吉島,25.8,32.5/04,22.0/09,41.0,17.9/10.0/31,23.5/20.0/31,85,54/04,1005.3,6,196.9
5009,2023,7,彭佳嶼,26.8,31.5/06,21.3/15,39.0,16.4/270.0/21,20.7/340.0/01,90,59/11,996.2,6,195.3
5010,2023,7,基隆,28.2,35.6/20,23.7/14,135.0,10.8/210.0/20,17.3/210.0/20,80,47/20,1004.2,12,164.5
5011,2023,7,臺北,28.8,36.2/20,22.9/15,482.0,6.1/320.0/01,12.2/270.0/20,79,47/29,1004.1,13,136.3
5012,2023,7,鞍部,22.4,28.1/20,18.5/13,162.5,10.3/360.0/01,19.5/350.0/01,93,47/12,917.3,15,84.5
5013,2023,7,竹子湖,24.1,31.1/23,20.2/13,153.0,5.4/20.0/03,17.1/320.0/01,91,50/13,940.7,14,111.9
5014,2023,7,淡水,28.1,34.6/27,22.7/13,109.5,5.6/150.0/03,11.7/170.0/30,86,47/01,1005.4,13,160.7
5015,2023,7,新北,27.5,35.7/20,21.8/13,361.5,5.2/290.0/20,10.6/230.0/20,83,48/29,1004.7,16,133.6
5016,2023,7,新屋,27.9,32.6/03,22.8/13,82.5,11.2/250.0/20,17.5/250.0/20,88,59/28,1005.2,9,208.0
5017,2023,7,新竹,28.7,33.5/30,24.0/13,60.5,6.5/270.0/21,14.1/270.0/21,79,54/28,1004.3,9,171.2
5018,2023,7,臺中,28.7,34.5/24,24.2/08,162.5,5.4/200.0/29,12.6/280.0/30,77,49/24,998.1,15,151.8
5019,2023,7,田中,28.7,35.3/24,24.5/06,103.5,7.4/360.0/01,13.8/20.0/01,83,49/24,1002.8,13,163.5
5020,2023,7,日月潭,22.6,30.1/29,18.5/05,413.5,4.4/180.0/14,11.3/210.0/29,93,58/26,899.2,21,96.3
5021,2023,7,嘉義,28.7,35.6/24,23.7/19,230.5,6.7/240.0/24,12.0/20.0/01,86,48/24,1004.4,14,170.8
5022,2023,7,阿里山,14.4,20.7/12,9.3/26,294.0,4.5/360.0/01,12.7/340.0/01,94,43/23,764.0,24,88.9
5023,2023,7,玉山,9.6,26.2/24,2.7/25,220.0,13.6/150.0/28,18.4/330.0/01,91,21/22,640.5,22,129.5
5024,2023,7,臺南,29.4,34.3/29,24.5/26,179.5,10.1/10.0/01,17.1/20.0/01,77,51/28,1005.1,11,208.6
5025,2023,7,高雄,28.8,34.1/01,23.9/16,350.5,5.2/260.0/07,11.5/180.0/29,82,52/01,1006.4,11,213.5
5026,2023,7,恆春,28.6,33.5/11,23.6/16,290.5,7.8/330.0/01,17.4/330.0/01,83,58/10,1005.2,14,197.5
5027,2023,7,宜蘭,27.5,34.2/30,22.1/13,126.5,9.0/300.0/01,14.2/300.0/01,88,60/22,1006.9,18,153.1
5028,2023,7,花蓮,27.6,32.6/20,23.3/13,441.5,11.2/180.0/28,17.1/190.0/28,84,58/01,1005.8,16,182.3
5029,2023,7,成功,27.3,32.5/01,23.8/28,286.0,6.2/30.0/10,11.5/20.0/10,88,65/01,1003.4,18,168.8
5030,2023,7,臺東,28.2,32.8/19,24.4/13,200.5,5.1/200.0/18,10.1/190.0/18,81,56/21,1006.7,17,181.3
5031,2023,7,大武,27.9,35.7/18,23.5/16,357.5,5.4/30.0/28,10.6/120.0/28,84,49/18,1006.8,14,187.0
5032,2023,7,蘭嶼,25.7,29.9/02,23.0/12,415.5,16.9/250.0/21,24.7/260.0/20,96,71/01,971.9,16,125.6
5033,2023,7,馬祖,26.2,32.7/27,21.8/15,177.0,9.1/210.0/19,15.8/220.0/19,90,60/26,997.2,15,172.7
5034,2023,7,金門,27.8,33.8/03,22.2/16,129.0,6.9/150.0/29,12.4/140.0/29,90,50/13,1004.5,9,186.7
5035,2023,7,澎湖,28.5,32.6/29,24.6/15,104.5,8.1/340.0/01,14.5/320.0/01,86,65/05,1006.5,8,221.8
5036,2023,7,東吉島,28.5,35.4/09,24.4/26,125.5,17.2/360.0/01,21.7/20.0/01,87,62/09,1003.2,7,245.7
5037,2023,8,彭佳嶼,28.5,34.1/22,23.9/28,38.5,23.5/160.0/28,31.7/140.0/27,87,61/22,996.2,4,293.1
5038,2023,8,基隆,30.2,37.3/07,26.4/01,88.5,11.2/150.0/28,23.2/160.0/28,72,41/07,1003.8,5,247.4
5039,2023,8,臺北,30.4,37.9/08,24.8/11,119.0,8.9/120.0/28,18.0/100.0/28,73,39/08,1003.7,13,212.3
5040,2023,8,鞍部,23.5,29.6/08,20.2/31,75.5,11.3/190.0/28,26.2/150.0/28,91,62/07,917.2,11,145.9
5041,2023,8,竹子湖,25.2,31.6/15,21.6/19,89.0,4.2/20.0/31,15.6/180.0/28,85,56/08,940.6,11,178.7
5042,2023,8,淡水,30.0,36.2/25,25.7/02,41.5,10.2/150.0/28,20.5/160.0/28,77,46/25,1004.9,6,233.3
5043,2023,8,新北,28.9,37.6/07,23.1/11,233.5,8.5/100.0/26,22.9/90.0/26,78,41/08,1004.2,13,214.2
5044,2023,8,新屋,29.6,37.2/25,25.8/20,9.5,13.4/240.0/05,21.0/100.0/27,81,43/25,1004.5,3,274.0
5045,2023,8,新竹,30.1,36.2/25,25.3/29,84.0,7.1/280.0/05,16.3/60.0/25,74,44/25,1003.6,7,223.9
5046,2023,8,臺中,29.3,35.8/08,23.7/19,193.0,4.3/250.0/01,10.4/100.0/11,74,42/07,997.6,14,189.5
5047,2023,8,田中,29.5,37.1/04,23.9/28,205.0,7.1/120.0/17,14.9/140.0/18,78,42/07,1002.3,10,217.5
5048,2023,8,日月潭,23.4,30.9/11,19.1/11,371.5,6.0/210.0/03,17.4/140.0/27,89,50/28,899.0,20,134.8
5049,2023,8,嘉義,29.2,36.4/04,23.9/28,243.0,7.9/240.0/16,14.6/180.0/28,78,41/04,1003.9,18,210.7
5050,2023,8,阿里山,14.8,21.2/25,10.9/09,405.0,6.8/160.0/28,16.4/160.0/28,92,32/07,764.1,23,123.7
5051,2023,8,玉山,9.3,25.9/12,3.4/06,363.5,22.2/140.0/28,32.5/140.0/28,90,25/11,640.6,18,152.2
5052,2023,8,臺南,29.8,35.2/15,23.5/28,264.0,13.6/150.0/28,27.3/140.0/28,76,45/15,1004.5,14,221.6
5053,2023,8,高雄,28.9,35.6/17,23.2/28,276.5,9.6/140.0/28,24.6/150.0/28,82,46/17,1005.8,10,231.3
5054,2023,8,恆春,29.2,33.7/25,24.1/28,469.0,11.5/30.0/26,22.5/20.0/26,81,50/24,1004.7,14,242.5
5055,2023,8,宜蘭,29.2,34.9/06,24.2/04,136.0,7.9/80.0/26,20.5/120.0/26,83,54/21,1006.7,5,242.4
5056,2023,8,花蓮,28.7,33.9/25,23.2/28,490.0,12.8/190.0/27,23.9/180.0/27,80,57/06,1005.9,8,268.9
5057,2023,8,成功,28.1,33.2/08,23.3/27,503.5,9.2/20.0/25,16.1/40.0/27,85,57/08,1003.4,10,256.2
5058,2023,8,臺東,29.1,33.1/09,23.7/27,436.5,6.3/60.0/26,15.2/50.0/25,78,52/07,1006.5,12,267.3
5059,2023,8,大武,28.8,37.1/04,23.9/28,578.5,10.1/20.0/26,26.5/40.0/26,80,38/04,1006.5,12,251.7
5060,2023,8,蘭嶼,26.4,31.0/17,22.3/27,252.5,21.8/30.0/25,28.2/70.0/26,95,72/17,971.6,16,144.9
5061,2023,8,馬祖,28.0,33.7/13,23.7/28,56.5,13.0/160.0/28,23.8/180.0/28,87,61/12,996.6,5,263.2
5062,2023,8,金門,28.6,38.1/25,24.1/28,156.5,25.3/270.0/28,36.5/270.0/28,87,45/25,1003.7,11,252.9
5063,2023,8,澎湖,29.4,35.0/17,25.3/28,292.0,22.1/130.0/28,40.4/140.0/28,84,53/14,1005.8,9,261.0
5064,2023,8,東吉島,29.4,35.6/23,25.2/28,154.0,33.8/170.0/28,46.7/180.0/28,83,55/17,1002.6,8,277.7
5065,2023,9,彭佳嶼,28.1,32.9/14,22.7/17,269.5,28.4/290.0/03,36.7/280.0/03,89,62/21,992.5,9,244.6
5066,2023,9,基隆,29.3,37.4/06,24.6/18,132.5,12.7/230.0/04,24.8/240.0/04,78,43/15,1000.6,16,191.5
5067,2023,9,臺北,29.7,37.6/06,23.7/22,459.5,10.2/270.0/03,21.6/230.0/03,77,43/09,1000.7,16,185.7
5068,2023,9,鞍部,23.2,29.4/15,19.5/17,518.0,11.8/10.0/03,22.2/10.0/03,93,68/19,914.4,16,101.3
5069,2023,9,竹子湖,24.8,30.6/15,20.7/17,507.5,4.8/330.0/03,15.1/350.0/03,89,62/09,937.7,17,144.8
5070,2023,9,淡水,29.2,35.9/29,23.9/18,239.0,6.0/130.0/29,16.5/210.0/04,83,53/09,1002.1,12,194.8
5071,2023,9,新北,28.3,36.9/06,22.9/17,372.5,10.4/250.0/03,20.4/270.0/04,81,46/09,1001.2,17,185.7
5072,2023,9,新屋,29.0,35.0/29,23.3/18,197.0,14.9/230.0/03,22.7/240.0/05,84,53/30,1001.7,11,242.8
5073,2023,9,新竹,29.5,36.3/30,23.5/17,264.0,6.4/280.0/07,14.3/260.0/07,77,45/30,1000.9,11,215.3
5074,2023,9,臺中,28.8,34.7/30,23.3/19,307.5,4.9/180.0/26,12.5/280.0/11,79,47/12,995.3,16,154.4
5075,2023,9,田中,28.9,34.8/12,24.3/28,269.0,6.1/130.0/26,13.7/280.0/13,84,54/12,999.9,13,172.3
5076,2023,9,日月潭,22.8,30.9/30,18.2/18,535.0,6.5/280.0/03,16.0/230.0/04,93,48/30,896.8,25,115.1
5077,2023,9,嘉義,29.0,34.6/12,24.1/27,204.0,9.0/250.0/04,15.6/250.0/04,81,49/12,1001.7,16,159.2
5078,2023,9,阿里山,14.6,19.8/01,11.1/29,895.5,5.4/330.0/05,15.6/280.0/04,97,61/29,762.0,27,80.9
5079,2023,9,玉山,8.2,22.6/25,1.8/06,474.5,17.3/110.0/31,27.6/300.0/04,98,52/07,640.1,26,98.2
5080,2023,9,臺南,29.0,34.3/29,24.4/10,410.0,9.0/330.0/02,16.5/250.0/04,81,51/28,1002.4,15,151.0
5081,2023,9,高雄,28.1,34.2/29,24.2/27,519.0,7.0/250.0/04,15.1/280.0/04,88,56/28,1003.8,20,154.1
5082,2023,9,恆春,28.4,33.8/25,23.1/18,358.0,10.1/50.0/30,20.0/80.0/30,86,53/27,1002.3,23,133.1
5083,2023,9,宜蘭,28.9,35.8/04,23.9/19,156.0,10.1/300.0/02,20.4/250.0/03,85,42/04,1003.2,11,183.4
5084,2023,9,花蓮,28.6,33.7/23,24.0/19,147.5,7.4/110.0/29,11.3/120.0/29,80,53/04,1001.9,8,222.5
5085,2023,9,成功,27.8,37.7/04,23.9/05,155.0,10.4/270.0/04,23.9/270.0/04,85,27/04,999.4,13,193.7
5086,2023,9,臺東,29.1,39.2/03,24.5/31,336.5,7.7/270.0/03,21.0/260.0/03,77,28/03,1002.7,10,204.6
5087,2023,9,大武,28.6,35.3/15,23.7/19,271.5,7.1/30.0/30,17.9/50.0/30,80,49/13,1003.1,16,200.7
5088,2023,9,蘭嶼,26.2,30.3/22,23.3/31,167.0,22.9/250.0/03,35.0/240.0/03,95,70/01,968.2,11,132.6
5089,2023,9,馬祖,27.7,34.9/03,21.6/17,100.0,12.5/250.0/17,23.1/270.0/17,89,48/03,994.2,14,200.9
5090,2023,9,金門,28.3,34.6/03,23.8/20,190.0,8.3/40.0/31,16.8/50.0/31,90,60/30,1001.4,11,218.7
5091,2023,9,澎湖,28.8,33.2/25,25.3/10,7.0,8.6/240.0/04,13.3/250.0/04,87,60/25,1003.5,4,242.6
5092,2023,9,東吉島,28.4,33.5/27,24.1/19,135.0,15.1/240.0/03,20.4/260.0/04,88,63/28,1000.3,10,226.7
5093,2023,10,彭佳嶼,27.3,31.5/17,21.5/10,103.0,16.5/90.0/04,24.2/80.0/03,89,67/16,998.2,9,260.0
5094,2023,10,基隆,28.1,33.4/19,22.9/11,113.5,9.1/50.0/03,17.7/70.0/04,81,50/16,1005.9,16,204.6
5095,2023,10,臺北,29.0,35.5/24,23.1/10,153.0,7.4/120.0/03,15.9/80.0/04,77,40/24,1005.5,12,215.0
5096,2023,10,鞍部,22.1,27.6/15,17.5/11,270.0,7.6/190.0/04,21.8/170.0/04,93,56/09,918.6,15,126.8
5097,2023,10,竹子湖,24.0,30.2/19,19.1/11,195.5,5.7/20.0/29,17.0/350.0/03,86,47/09,941.9,15,177.8
5098,2023,10,淡水,28.6,36.1/24,22.3/10,70.5,6.8/140.0/03,17.1/130.0/03,78,44/19,1006.8,9,204.2
5099,2023,10,新北,27.5,35.5/24,20.0/10,284.0,7.0/90.0/04,18.4/100.0/04,80,43/16,1006.0,11,201.5
5100,2023,10,新屋,28.2,34.3/22,21.4/10,34.0,14.7/50.0/03,24.9/50.0/04,83,53/09,1006.1,6,227.2
5101,2023,10,新竹,28.7,35.6/28,23.5/09,55.0,7.3/50.0/03,17.4/60.0/03,76,39/26,1005.0,7,194.0
5102,2023,10,臺中,28.2,33.8/22,23.8/10,261.0,6.3/260.0/05,12.5/270.0/05,79,48/16,998.5,10,143.0
5103,2023,10,田中,28.2,34.5/25,24.0/12,279.5,6.2/20.0/03,12.5/320.0/03,85,53/15,1003.1,8,177.9
5104,2023,10,日月潭,22.5,28.5/29,18.7/18,337.5,5.3/170.0/18,10.9/170.0/18,95,62/03,899.4,13,93.1
5105,2023,10,嘉義,28.2,34.4/05,23.3/10,426.0,7.3/240.0/08,12.9/350.0/03,83,51/15,1004.7,11,170.2
5106,2023,10,阿里山,14.3,19.4/14,9.7/20,554.5,6.8/90.0/03,17.0/100.0/03,97,43/14,764.1,22,93.4
5107,2023,10,玉山,8.0,23.0/20,-0.8/22,517.0,17.0/100.0/03,32.0/130.0/03,94,47/12,644.6,15,121.9
5108,2023,10,臺南,28.7,33.7/18,23.9/10,394.0,12.5/170.0/04,21.8/120.0/04,79,49/18,1005.4,11,177.3
5109,2023,10,高雄,28.0,33.7/01,24.0/09,432.0,9.8/130.0/03,24.1/100.0/03,86,56/18,1006.7,10,189.1
5110,2023,10,恆春,28.1,33.6/25,23.0/13,299.5,6.6/270.0/03,15.7/310.0/03,82,41/14,1005.7,14,181.5
5111,2023,10,宜蘭,27.4,33.1/15,20.5/10,223.0,9.4/80.0/04,16.1/110.0/04,89,52/14,1008.7,13,211.2
5112,2023,10,花蓮,27.8,33.4/02,22.6/11,353.0,15.1/110.0/03,21.9/120.0/03,80,53/26,1007.2,7,229.1
5113,2023,10,成功,27.4,32.5/23,21.8/11,587.0,27.0/40.0/03,48.8/10.0/03,82,55/03,1004.3,15,203.7
5114,2023,10,臺東,28.2,32.4/02,22.5/08,577.5,16.5/150.0/03,30.2/130.0/03,78,53/11,1007.4,12,202.8
5115,2023,10,大武,27.5,32.4/29,23.2/09,461.5,8.0/210.0/03,18.0/230.0/03,83,54/14,1007.6,14,199.4
5116,2023,10,蘭嶼,25.7,30.3/16,22.2/09,421.5,20.9/250.0/03,33.3/260.0/03,95,70/01,972.6,16,143.2
5117,2023,10,馬祖,27.0,32.0/17,24.0/02,142.0,10.8/60.0/04,18.9/70.0/04,89,69/11,999.9,12,186.2
5118,2023,10,金門,27.4,33.2/30,22.6/09,333.0,9.9/70.0/04,19.7/30.0/03,86,57/30,1006.1,7,187.0
5119,2023,10,澎湖,28.3,33.1/01,24.6/10,120.0,12.1/350.0/03,24.4/340.0/03,86,56/14,1007.0,7,224.5
5120,2023,10,東吉島,27.8,34.7/27,24.4/10,175.0,25.4/360.0/03,33.8/350.0/03,88,56/15,1003.5,7,233.7
5121,2023,11,彭佳嶼,24.0,29.0/01,18.9/28,223.0,16.4/60.0/06,26.1/40.0/05,81,42/27,1004.0,16,103.1
5122,2023,11,基隆,24.7,31.1/19,20.2/28,303.5,11.0/360.0/04,17.2/10.0/04,82,45/16,1012.1,17,54.5
5123,2023,11,臺北,25.3,32.8/19,20.1/28,87.0,6.7/90.0/05,16.0/80.0/05,80,42/16,1011.6,10,95.3
5124,2023,11,鞍部,18.6,26.4/19,14.0/28,631.0,9.0/350.0/04,20.8/70.0/04,96,55/20,923.0,19,60.5
5125,2023,11,竹子湖,20.4,27.8/19,15.9/28,624.5,8.1/20.0/11,14.9/20.0/11,89,53/16,946.7,16,95.1
5126,2023,11,淡水,24.8,33.2/01,19.3/28,177.0,7.1/20.0/05,14.6/130.0/23,82,36/16,1012.9,14,96.0
5127,2023,11,新北,24.2,33.0/01,19.5/26,202.5,6.5/70.0/05,14.4/50.0/05,83,49/16,1012.2,15,78.8
5128,2023,11,新屋,24.8,31.8/01,19.7/28,53.5,20.3/50.0/05,32.2/50.0/05,82,42/16,1012.1,11,132.8
5129,2023,11,新竹,25.3,34.3/01,20.0/28,89.0,7.9/20.0/05,19.7/30.0/05,77,44/01,1010.7,8,149.4
5130,2023,11,臺中,26.4,34.8/01,21.2/31,60.0,8.0/20.0/04,17.7/360.0/04,74,45/01,1003.3,2,168.5
5131,2023,11,田中,26.1,34.1/01,20.3/31,50.0,9.7/360.0/05,19.5/350.0/05,82,50/15,1007.9,3,161.5
5132,2023,11,日月潭,21.2,30.4/05,17.3/31,50.0,9.1/140.0/05,18.1/160.0/05,93,42/05,903.0,6,99.1
5133,2023,11,嘉義,25.9,34.1/01,20.5/30,45.5,10.0/360.0/04,19.5/10.0/04,83,54/19,1009.6,3,159.7
5134,2023,11,阿里山,13.1,21.9/03,7.0/17,72.0,6.9/90.0/05,18.8/100.0/05,93,40/03,766.4,17,96.7
5135,2023,11,玉山,4.0,24.2/01,-6.1/29,117.5,21.1/110.0/05,31.7/120.0/05,95,27/31,645.7,16,136.7
5136,2023,11,臺南,27.1,33.7/01,22.8/31,17.0,14.0/10.0/05,29.9/30.0/05,74,41/20,1010.1,2,186.0
5137,2023,11,高雄,26.5,33.3/02,21.0/31,26.5,6.5/140.0/05,16.9/180.0/05,83,50/30,1011.4,4,184.0
5138,2023,11,恆春,26.9,33.1/01,22.9/20,260.0,18.5/360.0/05,44.1/120.0/05,75,53/02,1009.9,6,160.4
5139,2023,11,宜蘭,24.2,32.0/01,19.4/28,324.0,7.8/60.0/09,15.5/100.0/05,90,58/15,1014.7,18,55.8
5140,2023,11,花蓮,25.0,32.6/01,20.4/28,296.5,14.9/60.0/04,22.9/60.0/04,83,45/03,1012.7,20,68.4
5141,2023,11,成功,25.4,32.0/03,20.9/28,259.0,14.6/20.0/04,26.4/20.0/04,81,41/03,1009.7,20,100.5
5142,2023,11,臺東,26.2,32.7/03,22.2/28,242.5,10.3/30.0/04,22.7/10.0/04,76,46/03,1012.7,8,114.4
5143,2023,11,大武,26.4,34.4/04,21.3/31,238.5,15.6/30.0/05,30.2/30.0/05,79,46/04,1012.7,10,120.3
5144,2023,11,蘭嶼,24.1,28.3/01,21.1/17,424.0,48.9/10.0/04,95.2/30.0/04,90,68/27,976.3,22,86.7
5145,2023,11,馬祖,22.6,28.2/04,16.8/28,20.0,13.7/30.0/05,24.1/340.0/05,81,54/16,1006.7,12,124.0
5146,2023,11,金門,24.1,33.1/04,19.2/30,12.0,11.0/50.0/06,21.3/30.0/06,77,41/16,1012.6,3,150.8
5147,2023,11,澎湖,26.0,31.0/01,23.9/30,6.0,13.7/10.0/05,26.6/360.0/05,79,57/16,1012.6,1,131.6
5148,2023,11,東吉島,26.0,31.4/01,24.1/30,15.0,28.6/10.0/05,37.0/10.0/05,81,63/15,1008.7,2,164.9
5149,2023,12,彭佳嶼,21.3,28.8/06,14.9/17,17.5,14.2/70.0/25,20.2/60.0/25,75,44/28,1008.2,5,142.8
5150,2023,12,基隆,21.7,31.5/06,11.8/18,288.0,9.9/20.0/24,16.5/40.0/24,78,42/18,1016.4,13,125.7
5151,2023,12,臺北,22.4,32.8/06,12.4/18,17.0,7.2/110.0/15,15.7/70.0/24,73,39/05,1016.0,8,155.9
5152,2023,12,鞍部,15.4,24.7/05,6.8/18,249.0,9.3/360.0/16,17.0/140.0/28,93,39/17,926.1,16,107.7
5153,2023,12,竹子湖,17.3,26.7/05,7.3/18,208.5,8.7/30.0/30,16.0/10.0/07,86,53/18,950.1,16,162.1
5154,2023,12,淡水,21.6,31.5/09,11.9/17,24.0,7.5/160.0/28,16.5/150.0/28,77,39/18,1017.3,6,174.6
5155,2023,12,新北,21.2,32.4/06,11.1/18,70.5,5.8/100.0/28,12.6/60.0/28,78,37/04,1016.6,8,139.7
5156,2023,12,新屋,21.4,29.6/06,12.4/18,9.5,14.1/60.0/24,23.6/60.0/24,78,33/28,1016.4,3,196.2
5157,2023,12,新竹,21.9,31.1/01,12.6/19,5.0,6.5/50.0/24,18.2/40.0/24,73,25/28,1015.1,1,192.0
5158,2023,12,臺中,23.1,32.4/06,13.4/19,1.5,4.9/20.0/17,14.2/30.0/17,68,28/18,1007.8,1,232.9
5159,2023,12,田中,22.7,32.9/05,11.7/19,T,5.4/320.0/16,11.0/360.0/17,76,32/18,1012.4,0,220.7
5160,2023,12,日月潭,18.5,26.4/11,10.8/18,2.5,4.1/120.0/30,5.9/250.0/21,83,42/22,906.0,3,194.2
5161,2023,12,嘉義,22.3,32.4/05,10.8/19,T,6.2/10.0/17,11.7/330.0/17,77,35/23,1014.1,0,223.5
5162,2023,12,阿里山,10.5,18.3/06,3.0/17,2.0,3.4/180.0/03,6.2/300.0/17,75,3/22,767.6,2,164.2
5163,2023,12,玉山,3.6,20.3/09,-9.1/17,T,12.2/260.0/26,15.5/290.0/16,60,11/01,646.1,0,268.0
5164,2023,12,臺南,24.1,33.9/10,15.1/18,T,9.4/10.0/17,16.2/360.0/17,68,33/18,1014.6,0,246.2
5165,2023,12,高雄,23.5,33.9/10,13.0/19,0.0,4.5/260.0/26,8.2/320.0/16,76,38/23,1015.8,0,246.6
5166,2023,12,恆春,25.0,31.9/10,18.5/23,4.0,11.4/30.0/12,25.4/350.0/13,68,43/19,1014.3,1,229.2
5167,2023,12,宜蘭,21.2,30.3/06,12.0/18,121.5,6.6/40.0/06,10.9/30.0/06,86,42/18,1019.2,16,117.4
5168,2023,12,花蓮,22.7,29.4/06,14.4/19,24.5,10.1/50.0/13,17.9/50.0/13,74,40/19,1017.2,7,119.5
5169,2023,12,成功,23.1,30.0/10,15.7/19,34.5,10.0/30.0/24,17.3/40.0/24,74,43/19,1014.3,10,140.2
5170,2023,12,臺東,23.9,29.7/05,16.4/19,1.0,6.7/60.0/12,16.7/50.0/24,68,39/18,1017.3,1,154.8
5171,2023,12,大武,24.3,30.7/05,16.3/19,18.0,8.4/30.0/12,16.5/60.0/24,70,41/19,1017.3,7,162.5
5172,2023,12,蘭嶼,22.2,28.0/04,17.2/17,90.5,18.8/40.0/12,29.7/30.0/13,84,54/19,980.6,13,109.0
5173,2023,12,馬祖,18.9,28.1/05,11.7/17,15.5,9.7/340.0/16,17.3/40.0/10,78,30/18,1010.7,4,160.1
5174,2023,12,金門,20.5,30.7/06,11.2/17,1.5,8.8/60.0/24,16.6/60.0/10,73,23/18,1016.9,1,213.6
5175,2023,12,澎湖,23.3,29.4/06,18.6/19,T,8.7/20.0/13,19.9/20.0/13,76,45/07,1016.9,0,198.5
5176,2023,12,東吉島,23.6,29.1/06,18.3/19,T,20.1/40.0/13,25.7/40.0/13,77,50/17,1012.9,0,215.8
5177,2024,1,彭佳嶼,16.9,24.5/02,10.9/28,33.5,14.6/20.0/12,21.2/50.0/18,75,50/19,1009.6,13,49.9
5178,2024,1,基隆,17.1,26.7/02,12.4/19,293.0,10.7/360.0/13,17.3/340.0/18,77,48/18,1018.3,17,24.1
5179,2024,1,臺北,17.6,28.2/02,12.7/19,22.0,6.6/100.0/29,14.4/90.0/24,74,39/02,1017.8,5,55.0
5180,2024,1,鞍部,10.5,21.1/02,4.1/28,287.0,8.1/150.0/24,16.9/110.0/24,96,47/01,926.1,23,31.6
5181,2024,1,竹子湖,12.4,23.4/02,6.2/28,200.5,8.5/20.0/18,15.9/10.0/05,91,44/01,950.6,18,80.5
5182,2024,1,淡水,16.8,28.2/02,11.3/14,43.5,7.0/140.0/03,13.7/120.0/29,76,43/02,1019.2,13,66.8
5183,2024,1,新北,16.6,28.7/02,11.4/19,55.0,5.7/80.0/04,10.8/100.0/04,81,41/02,1018.6,12,43.8
5184,2024,1,新屋,17.0,25.8/02,11.6/28,25.0,14.1/50.0/24,23.0/40.0/24,75,48/18,1018.2,10,92.2
5185,2024,1,新竹,17.3,27.9/02,11.6/28,13.0,6.6/30.0/08,16.2/50.0/24,74,40/02,1016.9,6,100.8
5186,2024,1,後龍,17.0,27.6/03,10.2/17,10.0,11.4/50.0/18,18.9/80.0/18,76,47/18,1015.7,3,122.6
5187,2024,1,臺中,18.3,27.9/02,11.4/29,18.5,5.1/20.0/28,11.2/20.0/28,72,41/01,1008.7,2,180.8
5188,2024,1,田中,17.9,27.8/04,9.9/28,28.5,5.3/350.0/13,11.1/10.0/14,80,44/01,1013.4,2,171.2
5189,2024,1,日月潭,15.2,23.8/02,8.5/15,50.0,5.5/140.0/24,7.2/180.0/19,82,34/02,905.3,3,146.7
5190,2024,1,古坑,17.4,27.2/04,9.7/14,29.5,5.4/10.0/13,8.9/10.0/13,80,40/30,1007.5,3,163.1
5191,2024,1,嘉義,17.9,28.0/11,9.4/29,25.0,7.2/20.0/28,12.4/20.0/18,79,41/01,1015.1,2,169.7
5192,2024,1,阿里山,7.5,15.0/07,0.2/20,71.5,4.6/160.0/29,9.5/330.0/28,82,19/29,765.6,6,140.6
5193,2024,1,玉山,2.2,15.0/26,-6.1/14,149.0,12.8/230.0/20,25.1/270.0/23,60,7/30,642.7,6,210.7
5194,2024,1,臺南,18.8,28.0/11,11.6/29,23.0,8.9/360.0/28,15.6/360.0/28,72,42/11,1015.5,2,171.4
5195,2024,1,永康,18.8,28.4/11,11.4/29,28.5,10.2/360.0/28,17.0/20.0/28,74,43/11,1017.2,2,172.4
5196,2024,1,高雄,19.0,28.5/06,10.3/29,21.5,4.0/290.0/17,8.1/290.0/17,78,43/18,1016.6,2,173.9
5197,2024,1,恆春,21.8,27.6/11,13.6/20,16.5,11.1/40.0/23,22.4/30.0/21,69,47/20,1014.6,3,147.0
5198,2024,1,宜蘭,17.0,26.8/02,11.3/19,107.5,6.6/350.0/14,11.5/360.0/28,82,46/30,1020.6,16,36.1
5199,2024,1,花蓮,19.2,26.1/02,13.8/19,21.0,10.8/40.0/18,19.4/50.0/18,73,47/30,1017.9,6,56.2
5200,2024,1,成功,19.8,26.8/02,14.3/19,32.0,10.5/20.0/08,18.2/30.0/08,74,48/02,1014.8,11,75.5
5201,2024,1,臺東,20.4,26.8/02,14.7/29,18.5,6.5/50.0/08,14.2/60.0/26,71,44/02,1017.8,2,102.8
5202,2024,1,大武,21.2,27.2/07,13.9/20,29.0,7.2/30.0/26,14.6/50.0/18,70,47/02,1017.8,4,97.9
5203,2024,1,蘭嶼,19.0,24.9/03,14.1/19,179.5,22.9/30.0/19,34.3/30.0/19,90,60/01,980.3,24,46.9
5204,2024,1,馬祖,13.0,21.1/02,7.6/19,T,8.7/60.0/18,16.8/360.0/19,74,40/18,1013.0,0,126.0
5205,2024,1,金門,15.6,26.3/03,8.6/29,0.5,9.2/70.0/18,17.2/70.0/18,66,29/18,1018.6,1,187.0
5206,2024,1,澎湖,18.7,25.5/03,14.2/29,13.5,9.9/40.0/08,21.3/20.0/19,76,48/28,1018.2,2,127.9
5207,2024,1,東吉島,19.2,25.2/03,14.7/28,21.5,20.7/40.0/22,27.7/20.0/19,78,55/31,1013.8,2,131.7
5208,2024,2,彭佳嶼,16.3,24.1/20,7.0/23,37.5,15.8/10.0/22,24.5/20.0/22,75,49/10,1011.0,12,107.5
5209,2024,2,基隆,16.4,24.8/20,8.0/23,142.5,11.9/360.0/22,18.2/20.0/22,78,43/18,1019.5,14,79.8
5210,2024,2,臺北,16.9,25.9/14,7.4/23,37.5,5.8/90.0/01,13.1/80.0/16,76,40/14,1019.1,10,107.1
5211,2024,2,鞍部,10.1,20.1/18,0.1/23,168.5,8.4/350.0/22,18.6/350.0/22,95,54/18,927.2,16,67.8
5212,2024,2,竹子湖,12.0,21.5/18,2.3/23,159.0,7.6/20.0/01,15.0/30.0/15,88,51/19,951.8,14,110.6
5213,2024,2,淡水,15.9,26.4/19,6.3/23,79.0,6.8/160.0/17,15.0/20.0/22,80,36/13,1020.5,10,106.3
5214,2024,2,新北,15.6,26.0/14,6.8/23,87.5,5.6/80.0/13,10.9/80.0/13,81,43/14,1019.8,11,96.2
5215,2024,2,新屋,15.8,24.2/17,6.3/23,43.0,14.4/40.0/22,23.3/60.0/22,82,50/11,1019.7,7,123.3
5216,2024,2,新竹,16.2,25.6/31,6.6/23,21.5,6.7/40.0/15,16.3/50.0/22,79,42/11,1018.5,5,125.0
5217,2024,2,臺中,17.5,28.3/31,7.3/23,8.5,6.4/20.0/10,14.5/30.0/10,72,15/13,1010.6,2,206.5
5218,2024,2,田中,17.1,29.1/31,7.4/23,5.5,7.5/10.0/10,13.6/10.0/10,79,22/13,1015.4,2,202.5
5219,2024,2,日月潭,14.2,22.9/19,5.5/23,11.0,4.1/180.0/23,7.6/260.0/11,79,37/14,906.8,3,177.4
5220,2024,2,嘉義,17.2,28.6/31,7.5/23,3.0,8.5/360.0/10,14.3/350.0/10,78,26/13,1017.1,2,200.4
5221,2024,2,阿里山,6.0,16.0/31,-0.2/24,16.0,3.8/300.0/23,9.4/260.0/23,82,20/14,766.4,2,154.4
5222,2024,2,玉山,-1.4,19.4/17,-11.0/15,0.0,13.7/280.0/09,27.1/280.0/09,61,9/03,642.4,0,224.9
5223,2024,2,臺南,18.5,28.1/31,8.5/23,T,9.5/360.0/03,17.3/360.0/23,72,27/13,1017.5,0,233.3
5224,2024,2,高雄,18.6,29.1/19,9.5/24,T,4.6/260.0/27,8.4/290.0/03,77,30/15,1018.6,0,217.0
5225,2024,2,恆春,21.2,27.8/20,15.4/26,10.5,10.8/30.0/01,22.1/50.0/01,68,44/14,1016.9,4,160.4
5226,2024,2,宜蘭,16.6,26.1/31,8.1/23,38.0,6.8/340.0/10,11.7/320.0/10,82,50/11,1022.0,7,97.3
5227,2024,2,花蓮,18.1,25.6/31,12.2/24,12.0,12.0/60.0/22,20.9/40.0/22,74,42/18,1019.7,7,65.3
5228,2024,2,成功,19.1,26.2/31,12.4/24,37.5,9.8/20.0/22,16.7/10.0/22,74,45/18,1016.8,11,53.4
5229,2024,2,臺東,19.8,26.5/31,12.9/24,24.5,6.3/60.0/03,16.6/60.0/03,69,42/05,1019.8,8,93.1
5230,2024,2,大武,20.5,27.6/20,14.9/26,50.5,7.7/30.0/15,14.7/30.0/15,72,44/18,1019.9,11,95.6
5231,2024,2,蘭嶼,18.5,24.8/20,12.7/24,163.0,22.7/30.0/23,35.3/40.0/23,86,60/05,982.6,18,69.2
5232,2024,2,馬祖,11.2,21.2/18,1.7/23,34.0,8.6/10.0/22,15.2/20.0/22,79,41/04,1014.1,7,140.3
5233,2024,2,金門,13.9,23.5/13,4.1/24,7.0,9.1/70.0/15,15.8/80.0/22,74,38/27,1020.1,3,165.1
5234,2024,2,澎湖,17.9,24.5/31,10.2/23,1.5,9.7/20.0/22,19.2/30.0/22,78,52/10,1020.0,2,150.1
5235,2024,2,東吉島,18.7,23.9/31,11.4/23,2.5,21.6/20.0/23,30.6/20.0/23,78,51/10,1015.8,3,156.5
5236,2024,3,彭佳嶼,16.4,25.5/21,8.6/25,75.5,16.9/330.0/04,21.7/330.0/04,85,32/11,1009.4,15,87.0
5237,2024,3,基隆,16.5,28.5/19,9.8/11,238.0,9.2/360.0/16,14.8/10.0/16,88,32/11,1018.0,16,88.7
5238,2024,3,臺北,18.0,30.4/19,9.8/11,43.0,5.9/90.0/05,14.3/60.0/05,80,19/11,1017.5,5,110.7
5239,2024,3,鞍部,12.1,23.7/19,3.9/10,86.0,8.6/360.0/05,15.2/360.0/07,93,22/11,926.1,15,87.1
5240,2024,3,竹子湖,14.0,25.0/19,6.4/11,59.0,8.7/30.0/05,16.3/30.0/05,88,19/11,950.6,6,111.6
5241,2024,3,淡水,16.7,28.3/20,8.4/11,56.0,7.0/160.0/12,13.3/110.0/12,84,15/11,1019.0,8,103.0
5242,2024,3,新北,17.1,30.6/19,9.3/12,73.0,5.7/290.0/04,11.5/80.0/12,82,26/11,1018.2,6,106.8
5243,2024,3,新屋,16.4,28.2/20,9.6/13,63.0,11.7/60.0/05,18.5/40.0/05,88,28/11,1018.3,10,102.1
5244,2024,3,新竹,17.2,29.9/20,9.1/12,51.5,5.0/20.0/07,11.5/40.0/11,82,14/11,1017.2,6,107.6
5245,2024,3,臺中,19.3,30.6/20,9.6/12,20.0,5.3/20.0/07,10.2/10.0/07,71,14/11,1009.6,2,184.7
5246,2024,3,田中,19.2,31.0/19,8.1/11,23.5,5.3/320.0/24,10.1/330.0/08,79,15/11,1014.4,3,170.5
5247,2024,3,日月潭,16.5,27.5/21,9.2/13,36.0,5.4/140.0/04,7.4/250.0/20,79,26/12,906.6,2,169.0
5248,2024,3,嘉義,19.2,32.1/21,9.5/13,24.5,6.0/360.0/07,9.5/10.0/07,80,24/11,1016.0,3,182.0
5249,2024,3,阿里山,9.5,19.4/18,-1.2/11,58.5,4.3/300.0/08,13.8/280.0/04,65,9/12,767.5,3,187.1
5250,2024,3,玉山,1.9,18.3/23,-13.2/11,0.5,15.1/290.0/04,31.4/280.0/04,64,44/01,644.7,1,249.1
5251,2024,3,臺南,20.8,31.0/21,12.6/11,1.5,8.9/210.0/21,13.5/180.0/21,71,23/11,1016.4,1,220.9
5252,2024,3,高雄,21.2,32.5/21,10.8/13,4.0,5.4/160.0/21,13.7/170.0/21,75,32/13,1017.5,1,223.4
5253,2024,3,恆春,23.1,29.9/29,17.9/10,5.0,8.8/30.0/11,17.5/360.0/23,72,41/13,1016.1,1,184.9
5254,2024,3,宜蘭,18.5,29.3/21,10.4/11,55.5,6.9/300.0/05,10.9/330.0/07,86,30/11,1020.1,12,99.6
5255,2024,3,花蓮,19.7,26.9/22,11.8/11,56.0,10.3/170.0/21,15.0/30.0/07,82,35/11,1018.2,17,82.7
5256,2024,3,成功,20.8,28.4/19,15.5/10,66.5,8.4/30.0/07,15.0/10.0/08,81,46/13,1015.4,14,74.2
5257,2024,3,臺東,21.5,28.2/22,15.9/10,13.5,5.5/60.0/05,12.4/60.0/23,75,43/14,1018.6,8,98.9
5258,2024,3,大武,22.1,29.3/22,16.5/14,11.0,6.3/30.0/23,12.8/50.0/23,77,44/14,1018.7,8,103.4
5259,2024,3,蘭嶼,19.9,26.2/21,14.8/10,128.5,17.3/30.0/08,24.2/50.0/07,92,57/12,982.2,15,80.4
5260,2024,3,馬祖,11.1,25.3/19,5.8/08,50.0,11.1/190.0/21,19.9/200.0/21,88,48/11,1012.0,6,94.6
5261,2024,3,金門,14.7,26.4/20,7.6/10,29.0,11.1/70.0/15,19.1/70.0/15,81,24/11,1018.2,5,119.0
5262,2024,3,澎湖,18.9,28.2/21,12.5/09,10.5,7.7/30.0/07,15.9/20.0/08,83,43/11,1018.7,3,105.5
5263,2024,3,東吉島,19.9,28.7/22,14.2/09,8.5,16.5/30.0/08,20.9/40.0/08,82,40/11,1014.7,2,132.3
5264,2024,4,彭佳嶼,17.6,27.7/25,9.4/02,123.0,21.4/300.0/31,29.3/280.0/31,80,35/08,1006.3,8,106.5
5265,2024,4,基隆,18.4,31.0/28,10.9/01,175.5,10.8/340.0/31,22.3/360.0/31,81,32/08,1014.8,13,104.5
5266,2024,4,臺北,19.3,31.9/24,10.8/02,104.0,8.5/330.0/31,18.7/330.0/31,77,17/12,1014.4,12,108.9
5267,2024,4,鞍部,13.4,24.5/23,4.6/01,243.0,11.5/10.0/31,21.3/350.0/31,91,18/12,923.7,13,83.3
5268,2024,4,竹子湖,15.0,26.2/24,5.9/02,201.0,8.5/350.0/31,20.1/350.0/31,85,15/12,948.0,12,105.6
5269,2024,4,淡水,18.4,28.8/24,9.0/09,155.5,8.2/330.0/31,21.1/310.0/31,79,24/12,1015.8,11,110.6
5270,2024,4,新北,18.4,32.6/24,9.6/09,103.5,6.2/70.0/26,12.0/40.0/18,78,14/12,1015.0,12,98.4
5271,2024,4,新屋,18.5,28.3/23,10.0/02,151.0,13.2/50.0/20,22.5/260.0/31,81,34/08,1015.0,10,117.6
5272,2024,4,新竹,19.2,32.0/05,10.4/01,80.5,7.4/60.0/20,16.9/50.0/20,77,20/12,1014.0,11,122.3
5273,2024,4,臺中,21.1,33.3/24,11.5/02,23.5,5.3/10.0/19,12.1/360.0/19,69,19/12,1006.7,4,162.3
5274,2024,4,田中,21.2,34.7/23,11.6/02,16.5,5.7/220.0/05,12.0/220.0/05,77,36/22,1011.5,5,160.3
5275,2024,4,日月潭,17.2,28.9/24,9.7/02,32.5,4.3/320.0/09,9.5/260.0/05,83,42/22,904.5,7,135.7
5276,2024,4,嘉義,21.1,33.5/23,11.9/09,6.0,7.6/20.0/19,14.0/240.0/23,78,31/13,1013.2,4,183.3
5277,2024,4,阿里山,9.5,19.9/26,2.4/13,42.0,4.5/270.0/11,11.9/230.0/11,82,12/13,766.0,7,133.4
5278,2024,4,玉山,1.7,20.2/27,-9.7/03,28.0,16.0/280.0/30,26.6/290.0/31,84,50/26,643.4,6,137.1
5279,2024,4,臺南,22.4,31.1/24,12.9/02,2.5,9.1/360.0/19,14.7/360.0/12,71,26/12,1013.7,1,215.5
5280,2024,4,高雄,22.8,34.5/24,13.7/02,1.5,5.2/260.0/26,11.4/150.0/25,74,36/14,1014.9,1,220.3
5281,2024,4,恆春,23.4,31.6/26,17.4/09,12.5,10.8/30.0/20,23.4/330.0/20,70,43/13,1013.6,1,189.8
5282,2024,4,宜蘭,18.7,29.8/25,9.3/09,27.5,9.6/60.0/26,15.2/60.0/26,84,33/12,1017.3,9,103.9
5283,2024,4,花蓮,20.1,28.4/26,13.6/02,21.0,9.2/170.0/04,14.9/50.0/01,78,40/20,1015.4,11,82.7
5284,2024,4,成功,20.8,29.0/31,14.5/21,93.5,8.7/30.0/26,14.7/60.0/26,79,44/05,1012.7,17,71.2
5285,2024,4,臺東,21.8,36.8/31,15.0/09,5.5,6.8/260.0/31,15.6/250.0/31,72,28/31,1015.9,5,93.5
5286,2024,4,大武,22.4,36.7/31,15.5/21,33.0,7.9/30.0/26,14.4/30.0/26,74,33/31,1016.1,8,113.5
5287,2024,4,蘭嶼,20.2,27.1/30,15.0/02,71.0,18.8/30.0/02,25.9/30.0/02,89,56/20,979.7,13,95.3
5288,2024,4,馬祖,13.9,27.2/24,5.7/01,70.0,13.1/210.0/05,21.4/220.0/25,83,30/12,1008.4,10,116.8
5289,2024,4,金門,16.4,28.2/26,7.8/03,52.5,11.4/70.0/26,18.9/80.0/26,78,19/12,1015.1,7,112.2
5290,2024,4,澎湖,20.6,30.1/24,13.2/02,17.5,8.6/30.0/20,18.4/50.0/08,80,40/08,1015.8,4,178.1
5291,2024,4,東吉島,21.4,30.9/24,14.9/02,21.0,18.2/30.0/01,57.2/300.0/31,80,38/09,1011.9,3,183.1
5292,2024,5,彭佳嶼,22.9,30.1/20,16.8/24,117.5,20.4/270.0/30,26.8/270.0/30,89,61/09,1000.0,14,103.4
5293,2024,5,基隆,24.1,34.2/29,18.3/09,166.5,9.6/210.0/17,15.5/220.0/28,87,43/29,1008.2,16,88.1
5294,2024,5,臺北,24.9,35.2/29,18.3/09,214.5,6.8/270.0/30,14.1/270.0/30,83,40/29,1007.9,19,84.4
5295,2024,5,鞍部,19.1,26.9/29,10.9/09,199.5,9.8/10.0/30,17.4/360.0/30,95,44/01,919.7,18,57.4
5296,2024,5,竹子湖,20.7,28.2/29,13.1/09,168.0,8.3/350.0/30,18.4/350.0/30,90,36/01,943.4,16,77.0
5297,2024,5,淡水,24.1,31.4/28,17.5/09,151.5,7.0/160.0/30,12.5/160.0/30,84,36/01,1009.3,14,84.6
5298,2024,5,新北,23.9,34.7/29,17.3/09,236.5,5.9/300.0/30,12.9/300.0/30,85,41/01,1008.6,17,80.2
5299,2024,5,新屋,24.2,31.3/28,18.3/09,190.0,10.8/230.0/03,20.4/300.0/30,85,47/28,1008.8,14,100.3
5300,2024,5,新竹,24.7,32.9/28,18.8/09,204.5,6.4/280.0/03,15.5/270.0/30,83,38/28,1007.9,12,99.1
5301,2024,5,臺中,26.1,35.2/21,19.8/10,172.0,6.0/320.0/30,13.6/20.0/30,75,36/21,1001.7,9,139.2
5302,2024,5,田中,26.2,36.5/21,20.0/10,91.5,8.0/310.0/30,15.4/300.0/30,81,34/21,1006.3,11,149.6
5303,2024,5,日月潭,21.3,30.6/21,16.0/28,151.5,6.4/140.0/25,12.9/240.0/30,83,24/21,901.7,15,138.0
5304,2024,5,嘉義,26.1,36.8/21,19.6/10,149.0,8.8/250.0/30,13.7/250.0/30,81,21/21,1008.0,11,178.1
5305,2024,5,阿里山,12.8,20.9/15,7.5/05,319.0,5.9/150.0/27,12.6/280.0/30,78,10/05,765.5,14,146.2
5306,2024,5,玉山,4.5,19.7/14,-2.6/07,241.0,15.2/290.0/28,27.7/290.0/28,82,57/13,644.3,14,131.0
5307,2024,5,臺南,27.0,33.0/21,21.5/10,151.0,11.2/170.0/27,16.9/160.0/27,76,45/21,1008.7,7,200.6
5308,2024,5,高雄,27.1,36.8/21,21.4/05,177.5,5.4/260.0/01,9.7/240.0/02,79,28/21,1010.0,6,207.9
5309,2024,5,恆春,27.3,33.2/21,22.7/02,78.5,8.2/40.0/09,17.3/340.0/26,76,45/21,1008.6,5,210.8
5310,2024,5,宜蘭,24.4,31.4/29,17.7/09,45.0,8.4/330.0/30,15.1/240.0/30,91,47/30,1010.7,10,96.4
5311,2024,5,花蓮,25.3,31.6/15,19.5/10,28.5,9.6/170.0/02,15.3/40.0/18,81,53/29,1009.1,13,130.1
5312,2024,5,成功,25.3,31.5/15,20.3/02,110.0,9.9/30.0/01,16.0/40.0/01,85,62/11,1006.5,13,136.5
5313,2024,5,臺東,26.5,33.9/17,21.3/02,79.0,6.1/60.0/18,14.8/60.0/18,76,34/17,1009.7,7,164.2
5314,2024,5,大武,27.0,38.2/17,20.8/02,102.0,7.7/160.0/14,12.8/160.0/14,76,24/20,1010.1,6,193.7
5315,2024,5,蘭嶼,24.5,29.3/28,20.3/09,84.5,18.6/30.0/10,25.1/250.0/26,93,48/27,975.0,12,134.9
5316,2024,5,馬祖,18.4,27.5/15,12.3/05,172.5,12.9/210.0/02,20.1/230.0/02,94,53/09,1001.6,19,72.2
5317,2024,5,金門,21.2,27.9/21,15.3/05,320.0,10.8/270.0/30,20.4/240.0/30,94,42/10,1008.6,16,68.2
5318,2024,5,澎湖,25.2,32.0/21,21.3/10,183.5,7.5/20.0/09,15.4/40.0/09,87,59/13,1010.3,8,162.7
5319,2024,5,東吉島,25.6,33.0/17,21.5/01,214.0,16.3/180.0/27,21.0/190.0/27,86,58/13,1006.7,9,189.5
5320,2024,6,彭佳嶼,23.3,30.6/12,16.9/13,115.5,13.5/310.0/28,17.9/320.0/28,86,54/08,1000.4,14,117.7
5321,2024,6,基隆,24.4,32.2/06,16.6/13,219.5,8.9/360.0/12,13.7/340.0/28,84,46/10,1008.6,15,101.1
5322,2024,6,臺北,25.4,33.6/12,16.7/13,104.5,5.8/90.0/03,14.6/70.0/08,76,31/15,1008.1,12,120.1
5323,2024,6,鞍部,19.1,25.5/11,8.7/13,186.0,7.4/80.0/29,13.7/70.0/13,93,12/15,920.0,13,82.5
5324,2024,6,竹子湖,20.9,27.9/10,11.5/13,149.5,7.9/20.0/28,16.4/10.0/13,87,10/15,943.5,10,110.7
5325,2024,6,淡水,24.7,32.8/18,15.5/13,102.5,7.8/20.0/28,14.9/150.0/16,79,20/15,1009.5,10,119.9
5326,2024,6,新北,24.4,33.2/12,16.1/16,205.0,6.2/50.0/16,12.3/60.0/16,81,34/15,1008.7,14,106.9
5327,2024,6,新屋,24.4,30.0/30,16.6/13,139.5,12.0/50.0/08,19.7/250.0/28,83,40/15,1009.0,12,125.5
5328,2024,6,新竹,25.3,33.5/31,19.1/15,137.0,5.2/10.0/09,12.4/200.0/01,77,9/15,1007.8,12,123.1
5329,2024,6,臺中,26.5,33.5/31,20.5/13,113.5,4.8/10.0/28,13.1/250.0/01,73,25/11,1001.1,9,125.4
5330,2024,6,田中,26.3,34.0/12,19.9/15,73.0,7.6/110.0/01,16.5/90.0/01,82,24/11,1005.7,9,118.9
5331,2024,6,日月潭,21.5,28.6/06,16.0/01,312.5,7.2/150.0/23,16.6/160.0/23,86,47/18,901.2,15,77.5
5332,2024,6,嘉義,26.1,34.0/30,19.8/14,146.0,8.0/250.0/30,13.0/250.0/30,85,41/11,1007.3,9,127.1
5333,2024,6,阿里山,12.9,19.3/30,7.0/09,425.5,5.2/150.0/28,10.2/300.0/01,91,25/07,765.1,22,62.6
5334,2024,6,玉山,5.3,19.7/06,-2.7/14,248.0,13.4/290.0/02,22.9/290.0/02,85,58/04,644.4,18,70.1
5335,2024,6,臺南,27.6,34.9/25,21.4/14,90.0,8.2/350.0/01,15.1/350.0/01,74,32/19,1007.9,6,147.4
5336,2024,6,高雄,27.1,33.8/31,21.6/10,157.0,5.6/300.0/01,9.7/300.0/01,82,47/07,1009.2,10,146.0
5337,2024,6,恆春,27.8,33.7/24,22.9/15,148.5,10.7/30.0/16,21.8/50.0/16,74,40/01,1007.9,10,165.2
5338,2024,6,宜蘭,24.6,31.3/12,16.7/16,172.5,6.8/70.0/01,11.7/90.0/01,85,31/15,1011.1,15,89.6
5339,2024,6,花蓮,25.3,31.8/31,20.0/13,122.5,11.0/250.0/01,18.3/220.0/01,81,32/01,1009.4,15,83.6
5340,2024,6,成功,25.7,32.6/31,20.9/14,75.5,9.2/30.0/16,16.1/10.0/16,82,23/16,1006.7,18,89.4
5341,2024,6,臺東,26.7,34.1/31,20.9/14,57.0,5.7/60.0/16,13.5/60.0/13,76,43/16,1009.9,11,106.1
5342,2024,6,大武,27.1,35.7/31,21.7/14,104.5,6.4/160.0/12,12.1/30.0/13,78,41/16,1010.1,11,133.4
5343,2024,6,蘭嶼,24.6,30.3/21,19.7/09,429.5,20.2/30.0/28,27.4/30.0/28,93,62/09,974.7,21,109.8
5344,2024,6,馬祖,20.5,29.4/31,12.5/13,159.5,12.7/210.0/27,20.8/220.0/27,88,43/14,1002.4,11,124.7
5345,2024,6,金門,22.7,30.2/31,15.9/15,111.5,9.2/70.0/13,16.4/70.0/28,85,28/14,1008.9,12,127.6
5346,2024,6,澎湖,25.5,30.9/31,21.9/01,199.0,8.5/40.0/16,17.3/40.0/16,84,43/16,1009.8,10,116.9
5347,2024,6,東吉島,25.7,32.4/12,21.2/01,47.5,16.2/40.0/16,21.4/300.0/01,85,38/16,1006.2,9,137.4
5348,2024,7,彭佳嶼,26.6,32.6/30,18.6/02,104.0,17.2/270.0/11,21.0/70.0/02,89,60/03,997.2,10,146.1
5349,2024,7,基隆,27.9,34.3/12,19.5/03,161.0,8.4/220.0/14,18.3/240.0/14,84,53/13,1005.2,13,114.9
5350,2024,7,臺北,28.5,36.2/23,20.2/03,339.0,6.9/280.0/13,14.2/100.0/02,78,46/11,1005.1,19,111.6
5351,2024,7,鞍部,22.3,29.0/28,13.6/03,199.0,8.3/80.0/02,16.2/20.0/11,95,55/04,918.2,14,59.6
5352,2024,7,竹子湖,23.9,30.6/28,15.7/03,176.0,8.5/20.0/02,16.4/10.0/02,90,42/04,941.6,13,87.3
5353,2024,7,淡水,27.8,35.1/30,19.2/03,154.0,6.8/150.0/04,12.8/170.0/04,81,41/04,1006.5,11,122.8
5354,2024,7,新北,27.2,36.4/22,19.7/03,613.0,7.1/240.0/19,12.5/240.0/19,85,47/13,1005.7,20,113.8
5355,2024,7,新屋,27.8,33.9/27,20.0/03,187.5,12.2/240.0/11,18.8/250.0/11,84,58/26,1006.0,9,166.8
5356,2024,7,新竹,28.6,35.1/29,20.2/04,157.0,7.7/270.0/30,15.3/270.0/15,78,50/29,1005.1,9,146.2
5357,2024,7,臺中,28.8,36.2/23,21.3/03,138.0,5.4/220.0/29,13.0/260.0/30,75,43/27,999.4,14,140.3
5358,2024,7,田中,29.0,37.1/23,21.3/03,125.0,6.0/220.0/29,13.8/190.0/29,82,44/29,1004.0,14,163.6
5359,2024,7,日月潭,22.8,31.0/23,19.0/04,453.5,5.7/150.0/26,10.8/170.0/26,91,64/17,900.4,24,82.9
5360,2024,7,嘉義,29.1,36.6/22,21.4/03,214.5,8.5/250.0/23,16.3/210.0/12,79,46/28,1005.6,13,184.4
5361,2024,7,阿里山,14.8,22.6/22,11.4/20,418.0,4.7/160.0/14,10.8/290.0/02,93,29/21,765.2,21,81.4
5362,2024,7,玉山,8.3,21.8/23,4.1/25,200.5,13.0/290.0/12,22.3/290.0/12,80,39/25,645.5,16,107.7
5363,2024,7,臺南,29.5,35.2/28,23.0/03,337.0,9.2/200.0/28,14.8/200.0/30,78,52/28,1006.5,13,207.0
5364,2024,7,高雄,29.1,35.4/25,22.1/03,216.0,6.1/260.0/29,13.4/230.0/29,83,51/25,1007.8,10,205.0
5365,2024,7,恆春,29.5,33.9/29,24.7/03,96.5,7.4/70.0/05,14.6/70.0/05,81,45/04,1006.6,18,203.9
5366,2024,7,宜蘭,27.7,34.9/22,20.3/03,110.0,7.0/310.0/23,11.7/360.0/24,85,57/03,1007.8,11,123.4
5367,2024,7,花蓮,28.0,32.9/30,21.4/04,172.5,9.7/170.0/29,15.3/190.0/22,83,53/05,1006.4,11,159.7
5368,2024,7,成功,28.3,34.0/27,21.5/04,115.0,6.5/30.0/02,12.1/20.0/02,84,57/04,1004.0,11,210.1
5369,2024,7,臺東,29.3,35.4/30,23.2/03,62.5,7.0/200.0/17,13.5/180.0/29,75,48/05,1007.2,8,225.4
5370,2024,7,大武,29.5,37.3/23,21.8/04,91.0,5.1/170.0/19,12.4/220.0/15,76,43/01,1007.8,10,215.5
5371,2024,7,蘭嶼,26.6,30.8/19,21.2/03,102.0,17.4/260.0/12,24.9/250.0/12,94,74/05,973.2,11,120.8
5372,2024,7,馬祖,24.7,32.2/27,16.7/02,300.0,10.3/210.0/12,18.4/200.0/15,92,58/03,997.9,15,113.7
5373,2024,7,金門,26.0,32.5/25,17.8/04,113.5,8.3/70.0/01,15.6/220.0/29,95,56/04,1005.6,16,131.5
5374,2024,7,澎湖,28.6,34.1/28,23.2/02,86.0,7.5/200.0/29,12.8/40.0/02,86,64/03,1007.7,7,216.3
5375,2024,7,東吉島,28.4,32.7/20,22.4/04,233.0,15.2/210.0/29,21.6/220.0/29,87,61/03,1004.4,12,225.0
5376,2024,8,彭佳嶼,28.9,34.4/11,25.0/08,102.0,29.9/120.0/25,44.2/110.0/25,86,65/09,995.8,6,296.7
5377,2024,8,基隆,30.0,36.3/16,23.7/08,143.0,15.9/140.0/25,35.9/120.0/25,78,44/16,1003.4,10,239.8
5378,2024,8,臺北,30.1,36.6/22,23.6/08,377.5,8.5/50.0/24,20.9/70.0/24,74,44/22,1003.2,13,212.9
5379,2024,8,鞍部,23.5,29.4/16,18.5/09,330.5,10.8/190.0/25,24.7/200.0/25,94,63/03,916.9,11,121.2
5380,2024,8,竹子湖,25.1,30.9/05,19.8/08,357.0,7.5/180.0/24,17.7/240.0/24,90,62/19,940.1,13,160.8
5381,2024,8,淡水,29.7,37.1/22,24.5/08,180.0,9.2/150.0/25,19.3/160.0/25,77,46/22,1004.5,11,234.0
5382,2024,8,新北,28.7,36.7/12,21.9/09,507.0,10.0/240.0/02,18.3/250.0/02,81,43/09,1003.8,15,216.3
5383,2024,8,新屋,29.8,37.9/22,25.4/09,101.5,16.1/40.0/24,25.8/40.0/24,78,40/22,1004.1,5,286.7
5384,2024,8,新竹,30.3,37.7/22,24.7/09,136.0,7.3/20.0/24,18.8/360.0/24,74,45/23,1003.2,6,232.6
5385,2024,8,臺中,29.7,36.3/02,24.1/09,469.5,7.5/190.0/25,20.0/360.0/24,73,43/14,997.2,12,205.1
5386,2024,8,田中,29.5,37.3/02,22.9/08,696.9,9.8/180.0/25,23.7/180.0/25,80,44/02,1001.8,14,231.2
5387,2024,8,日月潭,23.5,30.6/03,17.8/08,1155.5,8.8/240.0/25,22.3/200.0/25,88,54/14,898.6,21,140.0
5388,2024,8,嘉義,29.1,36.7/03,21.3/08,1261.0,12.4/260.0/25,23.3/280.0/25,82,45/03,1003.5,23,223.6
5389,2024,8,阿里山,15.1,21.8/23,9.4/09,1892.0,7.7/290.0/24,22.5/280.0/24,92,40/05,764.0,23,129.8
5390,2024,8,玉山,9.1,23.1/22,2.6/08,925.5,27.4/230.0/25,39.3/220.0/25,59,37/08,644.9,16,188.3
5391,2024,8,臺南,29.9,36.0/14,24.3/26,648.5,15.1/200.0/25,24.7/220.0/25,76,50/12,1004.3,15,233.4
5392,2024,8,高雄,29.3,36.5/03,23.0/09,945.5,10.4/250.0/25,20.7/240.0/25,83,46/03,1005.7,13,235.1
5393,2024,8,恆春,29.6,35.0/22,25.3/07,398.5,11.0/280.0/24,24.9/270.0/24,80,51/22,1004.9,19,242.9
5394,2024,8,宜蘭,29.6,36.5/20,24.3/09,324.5,16.4/30.0/24,28.5/30.0/24,79,50/17,1006.0,8,257.7
5395,2024,8,花蓮,29.0,35.0/22,24.7/08,593.5,24.5/360.0/24,43.8/340.0/24,82,55/22,1005.0,10,275.0
5396,2024,8,成功,28.9,34.7/21,24.6/29,176.5,9.7/40.0/23,22.0/200.0/25,83,57/21,1002.8,9,271.6
5397,2024,8,臺東,30.0,35.2/12,24.7/15,206.0,9.8/200.0/25,20.0/200.0/25,74,50/01,1006.2,8,289.9
5398,2024,8,大武,29.4,37.6/01,24.6/28,559.0,7.6/30.0/23,21.3/270.0/25,80,41/01,1006.5,16,255.6
5399,2024,8,蘭嶼,26.8,30.5/13,22.5/25,308.5,27.7/250.0/24,41.3/240.0/24,94,76/08,971.9,21,168.1
5400,2024,8,馬祖,28.5,34.5/19,24.7/27,241.5,16.9/140.0/26,30.5/150.0/26,87,58/19,996.0,6,302.0
5401,2024,8,金門,29.3,36.9/24,25.4/26,137.0,12.7/280.0/25,20.3/210.0/26,88,46/24,1003.8,4,300.2
5402,2024,8,澎湖,30.1,34.7/14,25.7/25,399.5,13.0/260.0/25,26.6/180.0/25,82,59/16,1005.7,7,266.1
5403,2024,8,東吉島,29.8,35.8/13,25.2/07,424.5,28.3/290.0/25,38.5/210.0/25,83,59/14,1002.4,9,277.2
5404,2024,9,彭佳嶼,28.7,33.4/11,24.4/26,102.0,16.6/300.0/20,20.9/300.0/20,87,66/22,995.4,7,255.3
5405,2024,9,基隆,29.4,35.9/27,25.3/16,31.5,7.8/230.0/23,14.2/210.0/23,82,46/22,1003.4,7,124.8
5406,2024,9,臺北,29.8,37.6/03,24.9/23,267.5,5.1/130.0/19,10.7/220.0/09,75,44/21,1003.4,12,198.3
5407,2024,9,鞍部,23.3,29.5/03,19.3/06,236.5,5.8/360.0/18,12.8/360.0/18,93,57/31,916.9,12,125.3
5408,2024,9,竹子湖,24.9,31.4/03,21.0/14,149.5,4.0/10.0/16,9.5/300.0/18,89,52/31,940.1,11,161.0
5409,2024,9,淡水,28.9,35.3/31,24.2/20,191.0,4.9/150.0/14,10.1/160.0/23,81,48/31,1004.7,10,216.2
5410,2024,9,新北,28.2,37.4/03,23.5/24,432.0,5.7/140.0/23,13.5/300.0/09,83,43/28,1003.9,15,193.8
5411,2024,9,新屋,29.3,33.3/20,25.1/15,36.5,12.5/230.0/20,19.0/220.0/20,79,56/20,1004.4,2,275.9
5412,2024,9,新竹,29.8,35.2/03,25.2/15,60.5,5.8/280.0/20,13.9/280.0/20,75,45/22,1003.5,5,249.6
5413,2024,9,臺中,29.1,35.2/03,24.0/25,122.5,5.5/200.0/09,14.7/210.0/20,75,49/02,997.7,12,186.6
5414,2024,9,田中,29.2,35.6/04,24.5/14,219.5,6.9/140.0/14,16.6/250.0/20,82,52/22,1002.2,11,208.5
5415,2024,9,日月潭,23.1,30.1/03,19.5/26,301.0,3.9/200.0/24,9.8/250.0/13,91,53/21,898.9,22,136.2
5416,2024,9,嘉義,29.0,35.2/20,24.2/22,158.5,11.2/260.0/21,18.1/260.0/21,80,48/20,1004.0,19,218.1
5417,2024,9,阿里山,14.6,20.7/03,10.2/07,697.5,4.0/170.0/21,7.7/140.0/20,97,60/22,763.8,28,92.9
5418,2024,9,玉山,8.5,21.1/04,3.3/04,313.0,12.6/220.0/19,17.3/230.0/20,65,46/05,644.6,21,132.1
5419,2024,9,臺南,29.3,34.9/31,24.3/20,364.0,7.2/190.0/20,14.5/240.0/14,78,54/05,1004.7,11,216.0
5420,2024,9,高雄,28.4,34.2/31,23.8/20,231.0,5.3/270.0/08,10.8/290.0/18,89,59/21,1006.1,12,218.8
5421,2024,9,恆春,28.8,34.1/05,24.1/10,321.0,6.1/250.0/20,12.8/240.0/20,83,56/05,1004.6,17,211.0
5422,2024,9,宜蘭,28.9,34.6/17,24.4/26,70.0,6.5/300.0/09,10.2/320.0/09,82,58/17,1006.0,7,214.8
5423,2024,9,花蓮,29.0,33.8/12,24.8/26,103.0,7.3/340.0/18,9.9/20.0/22,79,58/06,1004.6,7,254.1
5424,2024,9,成功,28.3,33.6/01,24.8/16,46.5,5.5/20.0/18,11.3/210.0/20,83,64/21,1002.3,6,232.8
5425,2024,9,臺東,29.7,34.2/21,25.7/16,54.5,7.0/190.0/20,13.8/200.0/20,74,54/05,1005.5,4,262.7
5426,2024,9,大武,29.0,35.6/21,24.9/19,49.0,4.3/290.0/22,10.1/220.0/21,81,52/21,1005.8,6,230.8
5427,2024,9,蘭嶼,26.8,31.4/29,22.9/19,85.0,15.3/250.0/17,24.6/280.0/09,93,70/12,971.2,10,199.1
5428,2024,9,馬祖,27.9,33.3/03,24.4/15,120.0,11.2/200.0/20,19.5/200.0/20,91,63/07,996.3,9,245.1
5429,2024,9,金門,27.8,33.3/02,24.0/16,61.0,9.9/270.0/28,18.8/220.0/20,93,68/06,1003.6,5,229.4
5430,2024,9,澎湖,29.0,33.5/29,23.9/20,131.0,8.1/190.0/20,16.2/210.0/20,86,62/07,1005.9,8,261.9
5431,2024,9,東吉島,29.0,34.1/29,23.5/20,182.0,15.3/200.0/20,21.4/190.0/20,86,62/08,1002.7,10,252.1
5432,2024,10,彭佳嶼,28.0,31.9/19,23.1/30,154.0,17.5/180.0/21,28.0/130.0/30,88,62/03,996.0,17,215.6
5433,2024,10,基隆,28.6,34.5/06,24.5/27,587.0,11.2/360.0/22,16.9/360.0/22,84,53/03,1003.8,21,62.5
5434,2024,10,臺北,29.3,37.0/02,24.3/15,426.5,6.6/130.0/04,15.9/120.0/17,76,36/02,1003.4,15,193.7
5435,2024,10,鞍部,22.5,29.7/02,19.6/14,819.5,8.4/350.0/22,18.9/150.0/30,96,52/02,916.8,20,85.3
5436,2024,10,竹子湖,24.3,31.4/02,20.5/14,673.5,6.0/360.0/22,12.8/110.0/28,90,54/02,940.1,19,143.7
5437,2024,10,淡水,28.7,37.7/01,24.0/15,446.0,6.8/160.0/30,15.5/160.0/30,78,34/02,1004.8,16,175.6
5438,2024,10,新北,27.9,36.6/02,22.6/15,564.0,6.3/70.0/03,14.1/110.0/30,82,43/02,1004.0,17,177.0
5439,2024,10,新屋,28.7,36.9/04,24.3/15,341.0,14.0/70.0/30,23.1/90.0/30,81,46/04,1004.0,12,202.4
5440,2024,10,新竹,29.3,37.4/17,24.1/15,182.5,7.1/70.0/30,18.9/80.0/30,76,39/13,1002.9,10,195.4
5441,2024,10,臺中,28.4,34.8/17,22.3/15,264.5,5.3/240.0/14,13.1/250.0/14,79,49/30,996.6,15,165.0
5442,2024,10,田中,28.6,35.0/06,23.0/15,131.5,6.3/170.0/09,11.9/180.0/09,86,53/15,1001.1,13,174.4
5443,2024,10,日月潭,23.2,31.4/17,18.8/14,241.0,6.1/150.0/30,15.5/140.0/30,88,30/17,897.9,13,130.7
5444,2024,10,嘉義,28.3,34.5/17,22.4/15,327.0,7.7/180.0/01,16.8/180.0/01,85,50/15,1002.8,13,181.0
5445,2024,10,阿里山,14.6,21.2/03,10.4/14,454.0,4.0/80.0/29,9.8/100.0/29,94,35/03,762.9,18,105.3
5446,2024,10,玉山,7.9,20.3/02,2.6/14,135.5,18.1/120.0/30,27.4/120.0/30,65,49/01,643.8,16,118.5
5447,2024,10,臺南,29.1,34.4/06,24.3/05,264.0,9.7/190.0/05,15.6/170.0/05,78,53/18,1003.4,15,181.3
5448,2024,10,高雄,28.2,34.0/03,23.6/09,485.5,4.4/150.0/20,11.9/150.0/20,89,62/17,1004.8,11,186.5
5449,2024,10,恆春,28.5,33.8/02,24.4/15,369.5,11.0/50.0/28,20.8/60.0/30,81,50/16,1003.6,21,167.2
5450,2024,10,宜蘭,28.4,35.6/10,23.0/14,348.5,8.0/30.0/27,14.3/150.0/30,85,51/10,1006.4,16,193.3
5451,2024,10,花蓮,28.4,34.2/06,23.4/30,188.5,13.1/190.0/22,18.2/180.0/22,80,48/17,1005.0,14,196.9
5452,2024,10,成功,28.0,33.5/17,23.7/30,305.0,12.1/50.0/30,27.2/20.0/30,82,50/17,1002.4,19,176.0
5453,2024,10,臺東,28.8,33.6/01,24.0/30,186.0,7.5/50.0/30,15.5/40.0/30,75,51/01,1005.5,18,173.2
5454,2024,10,大武,28.3,33.8/01,24.1/03,427.5,10.0/30.0/30,21.7/340.0/30,81,46/29,1005.6,18,166.2
5455,2024,10,蘭嶼,26.1,31.7/04,22.6/29,543.5,26.3/40.0/29,36.7/30.0/29,96,75/06,970.5,22,106.8
5456,2024,10,馬祖,26.8,32.7/11,21.5/23,271.5,9.2/40.0/22,18.3/40.0/30,92,58/11,998.0,12,186.6
5457,2024,10,金門,27.9,35.0/06,23.0/23,197.0,8.8/20.0/30,18.9/360.0/30,86,52/18,1004.1,8,149.4
5458,2024,10,澎湖,28.8,33.0/03,25.0/23,121.0,8.5/190.0/22,17.7/360.0/30,86,60/13,1005.1,11,221.7
5459,2024,10,東吉島,28.5,33.4/05,24.1/14,173.5,17.7/200.0/22,24.2/210.0/22,87,65/13,1001.7,12,229.1
5460,2024,11,彭佳嶼,24.7,28.7/27,21.3/24,328.5,26.8/160.0/31,37.6/150.0/31,88,63/10,1001.3,15,135.0
5461,2024,11,基隆,25.5,31.9/18,20.9/30,1272.5,18.8/130.0/31,41.4/150.0/31,84,55/18,1009.2,22,54.5
5462,2024,11,臺北,26.1,33.8/18,21.0/23,411.5,13.0/140.0/31,29.4/130.0/31,81,49/14,1008.5,18,103.4
5463,2024,11,鞍部,19.7,26.1/18,15.3/10,2480.0,16.5/160.0/31,33.1/160.0/31,98,71/14,920.6,24,38.6
5464,2024,11,竹子湖,21.4,28.3/18,16.9/23,2181.5,7.7/10.0/02,20.5/120.0/31,94,64/14,944.2,23,90.8
5465,2024,11,淡水,25.2,33.2/19,19.0/11,535.5,14.7/140.0/31,36.4/150.0/31,82,47/14,1009.8,18,92.2
5466,2024,11,新北,25.1,33.9/18,20.2/23,559.5,14.9/110.0/31,34.7/60.0/31,86,49/01,1009.1,19,95.0
5467,2024,11,新屋,25.3,34.1/01,21.2/24,171.0,19.1/60.0/31,33.2/50.0/31,84,49/01,1008.9,16,133.2
5468,2024,11,新竹,25.9,33.4/13,21.1/30,65.0,10.0/70.0/31,25.2/70.0/31,82,51/11,1007.5,8,116.2
5469,2024,11,後龍,25.6,32.7/01,20.2/12,31.5,X/X/,X/X/,83,52/11,1006.2,4,125.2
5470,2024,11,臺中,27.1,32.7/25,21.6/11,51.0,6.9/180.0/31,20.3/190.0/31,76,49/12,999.8,2,176.6
5471,2024,11,田中,26.7,33.6/07,21.0/30,61.5,9.4/190.0/31,21.9/170.0/31,86,52/12,1004.4,3,167.0
5472,2024,11,日月潭,22.3,31.3/25,17.3/23,94.0,5.9/350.0/31,14.2/350.0/31,87,37/23,900.1,10,117.0
5473,2024,11,古坑,25.9,32.5/06,20.0/24,144.0,9.8/200.0/31,21.0/190.0/31,85,56/23,998.9,6,130.8
5474,2024,11,嘉義,26.3,33.2/07,20.7/11,46.5,12.1/40.0/31,19.8/20.0/31,85,55/07,1006.0,6,156.1
5475,2024,11,阿里山,13.9,21.1/22,10.0/15,427.5,7.4/160.0/31,18.3/130.0/31,90,31/22,764.4,16,107.7
5476,2024,11,玉山,7.4,20.7/21,1.8/12,423.5,24.4/130.0/03,37.0/130.0/02,72,58/12,644.6,15,146.5
5477,2024,11,臺南,27.1,32.4/20,22.3/24,130.5,12.9/220.0/31,25.9/360.0/31,79,55/16,1006.6,7,164.7
5478,2024,11,永康,26.9,32.5/21,22.1/11,134.5,14.2/360.0/31,25.2/360.0/31,80,54/16,1008.2,8,151.1
5479,2024,11,高雄,26.5,32.1/26,21.4/24,519.0,7.5/240.0/31,22.3/360.0/03,90,60/23,1007.8,8,147.3
5480,2024,11,恆春,27.5,32.7/07,23.7/31,458.5,12.7/40.0/23,25.9/40.0/24,77,45/14,1006.7,14,148.7
5481,2024,11,宜蘭,25.4,31.8/19,20.6/30,773.0,14.5/140.0/31,31.0/150.0/31,88,64/18,1011.7,20,82.1
5482,2024,11,花蓮,26.1,32.1/19,22.6/22,572.5,24.6/170.0/31,35.0/50.0/31,83,52/19,1009.8,14,120.7
5483,2024,11,成功,26.2,32.3/19,22.3/11,736.0,29.8/190.0/31,46.7/30.0/31,82,53/14,1006.4,18,126.8
5484,2024,11,臺東,26.9,31.9/19,23.0/02,719.5,16.3/200.0/31,32.1/200.0/31,79,50/19,1009.4,11,132.7
5485,2024,11,大武,27.1,31.9/19,23.6/03,820.5,11.9/160.0/02,28.2/40.0/31,79,54/19,1009.2,17,130.0
5486,2024,11,蘭嶼,24.3,28.5/17,21.2/13,544.5,42.1/30.0/30,63.3/10.0/30,97,78/12,972.8,21,37.4
5487,2024,11,馬祖,22.5,28.0/18,18.6/30,65.0,13.6/10.0/03,24.8/20.0/31,87,49/10,1004.2,11,91.7
5488,2024,11,金門,25.0,32.2/19,19.9/30,T,13.5/10.0/31,25.0/360.0/31,76,46/30,1009.6,0,151.6
5489,2024,11,澎湖,26.0,30.8/01,23.1/04,19.0,17.0/360.0/31,30.2/10.0/31,83,61/11,1009.1,4,88.2
5490,2024,11,東吉島,26.0,30.5/27,23.0/31,141.0,31.2/360.0/31,44.1/350.0/31,86,66/11,1005.0,5,149.8
5491,2024,12,彭佳嶼,16.9,24.5/02,10.9/28,33.5,14.6/20.0/12,21.2/50.0/18,75,50/19,1009.6,13,49.9
5492,2024,12,基隆,17.1,26.7/02,12.4/19,293.0,10.7/360.0/13,17.3/340.0/18,77,48/18,1018.3,17,24.1
5493,2024,12,臺北,17.6,28.2/02,12.7/19,22.0,6.6/100.0/29,14.4/90.0/24,74,39/02,1017.8,5,55.0
5494,2024,12,鞍部,10.5,21.1/02,4.1/28,287.0,8.1/150.0/24,16.9/110.0/24,96,47/01,926.1,23,31.6
5495,2024,12,竹子湖,12.4,23.4/02,6.2/28,200.5,8.5/20.0/18,15.9/10.0/05,91,44/01,950.6,18,80.5
5496,2024,12,淡水,16.8,28.2/02,11.3/14,43.5,7.0/140.0/03,13.7/120.0/29,76,43/02,1019.2,13,66.8
5497,2024,12,新北,16.6,28.7/02,11.4/19,55.0,5.7/80.0/04,10.8/100.0/04,81,41/02,1018.6,12,43.8
5498,2024,12,新屋,17.0,25.8/02,11.6/28,25.0,14.1/50.0/24,23.0/40.0/24,75,48/18,1018.2,10,92.2
5499,2024,12,新竹,17.3,27.9/02,11.6/28,13.0,6.6/30.0/08,16.2/50.0/24,74,40/02,1016.9,6,100.8
5500,2024,12,後龍,17.0,27.6/03,10.2/17,10.0,11.4/50.0/18,18.9/80.0/18,76,47/18,1015.7,3,122.6
5501,2024,12,臺中,18.3,27.9/02,11.4/29,18.5,5.1/20.0/28,11.2/20.0/28,72,41/01,1008.7,2,180.8
5502,2024,12,田中,17.9,27.8/04,9.9/28,28.5,5.3/350.0/13,11.1/10.0/14,80,44/01,1013.4,2,171.2
5503,2024,12,日月潭,15.2,23.8/02,8.5/15,50.0,5.5/140.0/24,7.2/180.0/19,82,34/02,905.3,3,146.7
5504,2024,12,古坑,17.4,27.2/04,9.7/14,29.5,5.4/10.0/13,8.9/10.0/13,80,40/30,1007.5,3,163.1
5505,2024,12,嘉義,17.9,28.0/11,9.4/29,25.0,7.2/20.0/28,12.4/20.0/18,79,41/01,1015.1,2,169.7
5506,2024,12,阿里山,7.5,15.0/07,0.2/20,71.5,4.6/160.0/29,9.5/330.0/28,82,19/29,765.6,6,140.6
5507,2024,12,玉山,2.2,15.0/26,-6.1/14,149.0,12.8/230.0/20,25.1/270.0/23,60,7/30,642.7,6,210.7
5508,2024,12,臺南,18.8,28.0/11,11.6/29,23.0,8.9/360.0/28,15.6/360.0/28,72,42/11,1015.5,2,171.4
5509,2024,12,永康,18.8,28.4/11,11.4/29,28.5,10.2/360.0/28,17.0/20.0/28,74,43/11,1017.2,2,172.4
5510,2024,12,高雄,19.0,28.5/06,10.3/29,21.5,4.0/290.0/17,8.1/290.0/17,78,43/18,1016.6,2,173.9
5511,2024,12,恆春,21.8,27.6/11,13.6/20,16.5,11.1/40.0/23,22.4/30.0/21,69,47/20,1014.6,3,147.0
5512,2024,12,宜蘭,17.0,26.8/02,11.3/19,107.5,6.6/350.0/14,11.5/360.0/28,82,46/30,1020.6,16,36.1
5513,2024,12,花蓮,19.2,26.1/02,13.8/19,21.0,10.8/40.0/18,19.4/50.0/18,73,47/30,1017.9,6,56.2
5514,2024,12,成功,19.8,26.8/02,14.3/19,32.0,10.5/20.0/08,18.2/30.0/08,74,48/02,1014.8,11,75.5
5515,2024,12,臺東,20.4,26.8/02,14.7/29,18.5,6.5/50.0/08,14.2/60.0/26,71,44/02,1017.8,2,102.8
5516,2024,12,大武,21.2,27.2/07,13.9/20,29.0,7.2/30.0/26,14.6/50.0/18,70,47/02,1017.8,4,97.9
5517,2024,12,蘭嶼,19.0,24.9/03,14.1/19,179.5,22.9/30.0/19,34.3/30.0/19,90,60/01,980.3,24,46.9
5518,2024,12,馬祖,13.0,21.1/02,7.6/19,T,8.7/60.0/18,16.8/360.0/19,74,40/18,1013.0,0,126.0
5519,2024,12,金門,15.6,26.3/03,8.6/29,0.5,9.2/70.0/18,17.2/70.0/18,66,29/18,1018.6,1,187.0
5520,2024,12,澎湖,18.7,25.5/03,14.2/29,13.5,9.9/40.0/08,21.3/20.0/19,76,48/28,1018.2,2,127.9
5521,2024,12,東吉島,19.2,25.2/03,14.7/28,21.5,20.7/40.0/22,27.7/20.0/19,78,55/31,1013.8,2,131.7
5522,2025,1,彭佳嶼,19.0,24.2/07,12.3/14,63.0,17.7/20.0/25,25.0/20.0/25,77,49/04,1007.8,13,84.8
5523,2025,1,基隆,19.0,25.1/23,13.0/25,349.0,12.0/360.0/25,19.1/360.0/25,79,46/01,1016.3,16,51.1
5524,2025,1,臺北,19.5,26.9/23,13.1/25,35.5,6.1/100.0/22,14.0/80.0/24,77,43/16,1015.9,8,88.2
5525,2025,1,鞍部,12.6,20.4/01,5.3/26,383.5,8.2/360.0/25,16.8/130.0/09,97,56/23,925.2,22,47.0
5526,2025,1,竹子湖,14.6,22.4/23,7.2/26,296.0,7.2/20.0/25,15.4/20.0/14,89,55/07,949.5,20,99.0
5527,2025,1,淡水,18.6,26.5/23,11.2/15,79.5,7.1/140.0/18,14.7/130.0/18,80,45/07,1017.3,11,94.2
5528,2025,1,新北,18.3,27.0/23,10.9/16,84.0,5.2/50.0/24,11.2/60.0/24,83,45/16,1016.7,12,66.3
5529,2025,1,新屋,18.8,26.6/07,12.2/16,31.0,12.7/50.0/21,21.3/40.0/21,79,45/15,1016.4,5,125.6
5530,2025,1,新竹,19.0,26.1/07,12.4/25,7.0,6.5/30.0/21,15.9/20.0/21,77,44/17,1015.1,3,127.1
5531,2025,1,後龍,18.6,25.6/07,11.8/15,3.5,10.7/50.0/03,18.1/80.0/21,79,43/14,1014.0,2,125.9
5532,2025,1,臺中,19.9,29.0/02,14.0/26,4.0,5.0/360.0/25,11.2/40.0/25,73,38/11,1007.2,2,205.4
5533,2025,1,田中,19.4,29.4/02,12.3/16,9.0,5.9/320.0/17,11.0/350.0/25,79,40/14,1011.9,2,195.9
5534,2025,1,日月潭,16.5,25.1/02,10.1/27,23.0,5.6/150.0/28,8.8/150.0/28,78,31/17,904.4,3,165.1
5535,2025,1,古坑,18.8,30.3/02,12.1/15,4.5,5.9/10.0/25,9.9/20.0/13,82,40/11,1006.2,2,182.0
5536,2025,1,嘉義,19.3,30.3/02,11.2/17,3.5,7.0/10.0/25,12.0/10.0/25,80,37/11,1013.7,2,196.3
5537,2025,1,阿里山,7.5,16.0/16,1.8/06,34.5,4.1/80.0/08,10.3/100.0/08,84,15/30,765.4,4,137.4
5538,2025,1,玉山,2.3,17.4/11,-5.3/04,10.0,12.9/270.0/10,23.0/260.0/26,60,6/11,642.7,4,208.0
5539,2025,1,臺南,20.5,29.8/02,14.1/26,3.0,8.2/10.0/25,15.2/10.0/14,75,41/14,1014.1,1,208.3
5540,2025,1,永康,20.4,30.1/02,14.1/25,9.0,8.8/360.0/25,14.5/10.0/13,76,40/17,1015.8,1,202.0
5541,2025,1,高雄,20.6,31.4/01,13.0/15,6.5,4.0/290.0/01,7.7/350.0/13,78,36/11,1015.4,2,200.3
5542,2025,1,恆春,22.6,28.7/02,17.5/27,7.0,12.3/40.0/21,27.1/50.0/21,71,48/15,1013.5,4,182.9
5543,2025,1,宜蘭,18.7,26.5/02,12.3/25,239.5,7.1/60.0/02,12.0/50.0/02,86,44/11,1018.8,19,51.9
5544,2025,1,花蓮,20.4,26.7/02,14.8/27,48.0,11.6/40.0/25,19.1/60.0/25,78,40/15,1016.5,6,82.3
5545,2025,1,成功,20.9,28.7/01,15.8/26,80.5,10.2/30.0/21,17.7/20.0/21,77,49/15,1013.4,13,100.0
5546,2025,1,臺東,21.5,28.1/01,15.8/27,38.5,6.3/50.0/25,17.0/40.0/25,74,39/15,1016.6,5,125.3
5547,2025,1,大武,21.8,28.1/02,16.5/26,46.0,8.2/30.0/25,16.7/50.0/25,73,46/15,1016.5,9,116.0
5548,2025,1,蘭嶼,20.2,24.9/02,15.6/26,146.0,22.7/53.0/31,31.3/30.0/26,88,57/07,979.4,19,70.3
5549,2025,1,馬祖,14.7,22.5/20,7.4/26,10.0,10.2/31.0/31,18.7/25.0/31,78,40/14,1011.2,2,134.7
5550,2025,1,金門,17.2,26.2/02,10.2/26,1.5,8.6/80.0/30,16.3/50.0/21,71,42/29,1016.9,1,196.4
5551,2025,1,澎湖,20.1,24.6/01,15.8/26,6.5,9.5/40.0/14,20.3/30.0/14,79,54/14,1016.8,1,125.0
5552,2025,1,東吉島,20.6,24.6/24,16.6/25,1.0,20.4/30.0/25,26.4/30.0/25,79,55/14,1012.5,1,143.6
5553,2025,2,彭佳嶼,15.6,22.1/05,9.6/27,30.0,16.3/340.0/27,22.6/10.0/15,67,37/12,1010.2,8,91.7
5554,2025,2,基隆,15.9,24.0/14,9.4/29,98.5,10.3/360.0/15,18.7/360.0/15,68,37/12,1018.7,14,68.8
5555,2025,2,臺北,16.1,24.4/14,8.3/28,54.0,6.2/320.0/05,14.1/60.0/04,68,20/12,1018.3,9,106.4
5556,2025,2,鞍部,8.9,18.6/14,2.4/28,212.5,9.9/350.0/26,17.0/10.0/27,91,28/12,926.0,17,77.3
5557,2025,2,竹子湖,10.8,19.4/14,2.9/28,131.0,7.5/10.0/02,15.9/10.0/06,84,29/12,950.8,17,117.3
5558,2025,2,淡水,15.3,22.5/30,6.6/28,58.5,8.2/130.0/30,17.1/140.0/29,71,17/12,1019.6,11,112.3
5559,2025,2,新北,15.2,25.0/14,7.4/13,78.0,6.7/80.0/29,13.2/120.0/13,74,27/12,1019.0,11,96.2
5560,2025,2,新屋,15.4,22.9/21,8.4/28,22.0,13.7/60.0/09,21.5/60.0/15,69,17/12,1018.7,7,130.7
5561,2025,2,新竹,15.7,24.2/21,8.1/13,26.5,6.3/40.0/09,16.3/70.0/15,68,11/12,1017.4,8,130.9
5562,2025,2,後龍,15.0,22.9/04,4.9/13,23.0,10.9/60.0/03,18.4/70.0/03,73,15/12,1016.2,9,137.1
5563,2025,2,臺中,16.3,24.7/21,7.5/28,27.0,5.6/20.0/27,15.3/30.0/27,69,26/12,1009.4,7,170.3
5564,2025,2,田中,15.8,25.4/24,6.6/28,22.5,6.9/330.0/26,14.8/360.0/26,81,27/12,1014.2,5,167.3
5565,2025,2,日月潭,13.0,21.4/24,4.9/28,55.5,5.8/140.0/15,7.8/160.0/15,83,41/13,905.2,9,138.5
5566,2025,2,古坑,15.4,24.5/24,6.2/27,30.5,6.9/360.0/27,12.4/20.0/27,82,34/12,1008.2,6,147.1
5567,2025,2,嘉義,16.0,24.5/24,7.2/13,27.5,8.7/20.0/27,16.9/30.0/27,79,31/12,1015.9,7,159.9
5568,2025,2,阿里山,5.0,12.1/01,-2.3/27,116.0,4.0/160.0/13,8.9/270.0/09,84,9/12,764.5,14,114.6
5569,2025,2,玉山,-0.7,13.5/21,-14.5/28,165.0,14.8/230.0/05,28.6/280.0/07,59,14/04,640.4,5,158.2
5570,2025,2,臺南,16.8,25.1/24,9.7/28,6.0,10.9/10.0/27,18.6/10.0/27,70,32/12,1016.3,3,174.4
5571,2025,2,永康,16.8,25.3/24,9.4/28,5.5,11.1/10.0/27,18.8/360.0/27,72,36/12,1018.0,2,170.0
5572,2025,2,高雄,17.2,25.8/23,8.1/13,12.5,4.7/290.0/26,9.0/290.0/26,75,38/12,1017.3,6,162.5
5573,2025,2,恆春,19.7,26.8/23,15.6/27,18.5,12.2/40.0/04,25.1/40.0/03,68,47/13,1015.6,7,132.3
5574,2025,2,宜蘭,15.6,23.5/05,8.0/28,26.0,7.8/320.0/23,13.1/320.0/23,75,28/12,1021.3,12,64.3
5575,2025,2,花蓮,17.4,24.0/05,11.7/13,20.0,11.3/40.0/15,21.1/50.0/15,70,43/28,1018.8,12,39.7
5576,2025,2,成功,18.0,24.7/23,12.5/27,41.0,10.1/20.0/15,17.9/20.0/03,71,43/13,1015.9,13,60.0
5577,2025,2,臺東,18.3,25.0/23,13.5/17,25.5,5.7/40.0/15,14.2/40.0/15,69,41/28,1018.9,8,69.1
5578,2025,2,大武,19.0,25.4/23,13.3/17,58.0,7.2/30.0/04,13.7/30.0/04,68,41/13,1018.9,12,61.5
5579,2025,2,蘭嶼,17.0,21.9/26,12.7/28,191.0,25.9/30.0/15,33.3/30.0/04,86,63/20,981.2,19,40.9
5580,2025,2,馬祖,11.1,19.0/23,5.6/11,0.5,8.0/20.0/25,15.3/90.0/10,72,35/10,1013.3,1,223.5
5581,2025,2,金門,13.8,23.4/24,4.9/12,T,10.7/70.0/15,19.0/70.0/15,61,16/12,1019.1,0,227.1
5582,2025,2,澎湖,16.2,20.1/04,12.7/10,13.0,9.3/30.0/10,20.3/20.0/10,75,37/12,1019.0,7,136.2
5583,2025,2,東吉島,16.9,20.4/20,13.2/28,19.0,20.3/40.0/10,27.6/20.0/10,75,36/12,1014.5,4,139.9
5584,2025,3,彭佳嶼,15.3,24.4/28,8.0/08,99.0,16.6/170.0/12,21.7/10.0/03,79,38/17,1010.4,14,38.3
5585,2025,3,基隆,15.8,23.5/11,9.6/08,374.5,10.7/360.0/03,17.1/360.0/03,80,44/17,1018.9,19,42.5
5586,2025,3,臺北,16.3,27.2/15,9.1/09,110.0,6.4/100.0/17,14.6/110.0/17,78,44/04,1018.4,10,61.6
5587,2025,3,鞍部,9.9,21.3/28,1.3/08,298.5,7.9/330.0/04,16.8/140.0/22,96,60/11,926.3,19,48.8
5588,2025,3,竹子湖,11.6,22.9/28,3.3/08,262.0,7.8/20.0/13,16.1/20.0/13,92,58/11,950.9,16,62.2
5589,2025,3,淡水,15.5,23.4/11,7.9/04,117.5,6.9/160.0/06,13.2/160.0/22,80,45/17,1019.7,12,63.5
5590,2025,3,新北,15.8,27.7/15,8.2/08,155.5,6.4/70.0/14,11.5/60.0/17,81,46/11,1019.1,12,54.8
5591,2025,3,新屋,15.2,22.7/12,9.3/09,79.0,13.3/60.0/17,21.4/50.0/07,81,41/05,1018.9,10,78.3
5592,2025,3,新竹,15.8,24.0/28,8.7/08,58.0,6.4/30.0/08,16.9/60.0/08,79,39/05,1017.6,9,80.6
5593,2025,3,後龍,15.1,22.9/17,7.7/10,67.0,11.1/50.0/08,18.8/100.0/08,82,42/17,1016.6,8,84.1
5594,2025,3,臺中,17.1,26.8/01,9.7/09,78.5,6.0/20.0/04,12.9/20.0/03,75,38/05,1009.7,4,142.1
5595,2025,3,田中,16.7,27.8/01,8.7/09,61.5,6.3/320.0/07,11.5/290.0/01,80,47/10,1014.5,4,121.3
5596,2025,3,日月潭,14.2,23.4/16,7.4/04,84.0,4.7/140.0/01,10.6/160.0/13,89,46/11,905.7,8,93.8
5597,2025,3,古坑,16.4,27.6/01,8.2/09,95.0,5.6/350.0/07,12.9/290.0/01,84,50/06,1008.6,5,95.6
5598,2025,3,嘉義,16.6,27.4/28,8.4/09,81.0,6.7/20.0/03,16.0/280.0/01,89,47/06,1016.3,5,108.1
5599,2025,3,阿里山,7.4,15.6/15,0.5/05,188.0,3.5/160.0/07,9.7/240.0/02,81,13/17,765.8,5,144.7
5600,2025,3,玉山,1.0,17.8/28,-7.6/05,224.5,20.2/290.0/02,30.1/270.0/02,67,29/28,642.3,5,164.0
5601,2025,3,臺南,17.2,27.7/28,9.9/09,84.0,9.0/10.0/03,16.9/360.0/03,78,46/06,1016.7,3,132.3
5602,2025,3,永康,17.3,28.3/28,9.9/09,93.0,9.6/360.0/03,14.7/10.0/03,79,45/06,1018.3,3,129.8
5603,2025,3,高雄,17.9,28.2/28,9.6/05,48.0,4.6/270.0/25,8.7/30.0/13,81,46/10,1017.7,4,131.6
5604,2025,3,恆春,20.6,27.9/15,14.5/08,11.0,12.0/40.0/13,23.1/50.0/13,72,48/18,1015.9,7,132.8
5605,2025,3,宜蘭,16.0,26.4/28,8.5/08,155.5,7.3/50.0/07,11.7/60.0/07,85,48/17,1021.4,17,36.3
5606,2025,3,花蓮,17.8,26.2/28,11.4/09,55.5,11.6/40.0/07,19.8/40.0/07,77,47/17,1019.1,10,27.3
5607,2025,3,成功,18.4,25.6/15,11.4/08,93.5,10.3/40.0/07,17.6/40.0/13,79,53/17,1016.1,16,24.8
5608,2025,3,臺東,19.1,26.5/28,12.2/09,62.5,7.0/50.0/07,15.9/80.0/07,74,53/04,1019.2,5,44.8
5609,2025,3,大武,19.8,26.6/16,13.9/09,36.0,7.3/40.0/07,15.0/30.0/07,72,49/27,1019.1,8,56.7
5610,2025,3,蘭嶼,17.6,23.7/28,11.7/08,213.0,27.0/30.0/13,34.5/40.0/13,89,59/17,981.9,21,27.0
5611,2025,3,馬祖,9.6,18.7/01,4.5/09,42.0,9.4/20.0/22,16.4/30.0/20,82,46/08,1013.7,12,69.5
5612,2025,3,金門,13.5,22.8/11,5.2/09,36.5,9.6/70.0/08,17.3/60.0/08,72,25/17,1019.4,4,113.3
5613,2025,3,澎湖,15.6,24.5/28,10.9/08,56.0,10.0/30.0/07,20.1/40.0/08,82,45/04,1019.4,4,67.4
5614,2025,3,東吉島,16.6,24.0/28,11.8/08,67.5,20.8/20.0/07,27.7/30.0/07,83,47/05,1015.0,4,73.7
5615,2025,4,彭佳嶼,17.9,28.5/27,11.3/17,231.0,17.1/330.0/15,25.0/330.0/15,81,31/21,1006.1,11,128.1
5616,2025,4,基隆,17.6,29.0/12,10.4/19,448.5,11.0/360.0/06,18.2/350.0/06,80,26/21,1014.6,14,124.8
5617,2025,4,臺北,18.8,33.9/27,11.5/20,258.0,6.8/330.0/15,14.4/100.0/09,74,6/22,1014.2,11,132.9
5618,2025,4,鞍部,13.1,28.1/27,4.6/17,450.0,10.5/350.0/15,16.9/360.0/06,86,15/23,923.5,16,110.0
5619,2025,4,竹子湖,14.7,28.2/27,6.5/17,380.5,9.2/20.0/29,17.6/30.0/29,84,21/21,947.7,15,133.6
5620,2025,4,淡水,17.3,29.8/27,9.3/20,311.0,7.4/150.0/04,13.6/160.0/18,81,20/22,1015.7,10,120.5
5621,2025,4,新北,17.9,34.8/27,9.0/22,359.0,6.5/300.0/15,13.3/300.0/15,79,7/22,1015.0,15,127.0
5622,2025,4,新屋,17.4,27.6/12,9.9/22,227.5,13.3/250.0/27,21.9/40.0/30,81,23/21,1015.0,12,125.4
5623,2025,4,新竹,18.1,30.4/12,11.0/22,239.0,6.7/280.0/27,16.5/70.0/29,76,15/21,1013.8,11,135.5
5624,2025,4,後龍,17.7,33.4/27,7.2/19,233.5,10.8/50.0/16,18.6/60.0/16,80,22/21,1012.8,11,145.2
5625,2025,4,臺中,19.7,32.8/27,10.5/19,110.0,6.0/360.0/16,13.1/10.0/16,73,24/21,1006.4,9,174.7
5626,2025,4,田中,19.6,33.2/27,9.1/19,89.0,6.7/330.0/04,14.1/300.0/05,77,25/21,1011.1,9,167.0
5627,2025,4,日月潭,16.6,29.0/27,6.9/18,136.5,5.3/320.0/05,13.5/330.0/04,83,32/22,903.8,12,143.8
5628,2025,4,古坑,19.2,33.4/27,10.2/21,55.0,6.9/360.0/04,14.2/360.0/04,80,28/25,1005.3,7,155.2
5629,2025,4,嘉義,19.6,32.5/27,10.8/21,42.5,7.6/20.0/16,13.7/30.0/16,83,23/22,1012.8,6,171.9
5630,2025,4,阿里山,9.7,21.0/02,-1.2/21,166.0,4.4/280.0/04,10.8/260.0/17,76,7/01,765.4,12,156.2
5631,2025,4,玉山,2.9,18.2/01,-9.0/19,82.0,14.2/290.0/05,26.0/280.0/05,69,4/26,643.0,10,154.3
5632,2025,4,臺南,21.2,30.1/13,12.3/18,9.5,9.2/360.0/16,19.3/330.0/04,71,31/22,1013.3,4,206.0
5633,2025,4,永康,21.0,30.7/02,12.2/18,24.5,10.0/360.0/16,18.8/350.0/04,73,29/22,1014.9,5,200.6
5634,2025,4,高雄,21.4,32.1/13,12.5/21,9.0,4.6/250.0/27,10.3/160.0/04,75,25/25,1014.4,2,208.4
5635,2025,4,恆春,23.1,30.8/27,15.7/23,6.5,11.0/40.0/06,23.0/40.0/06,72,38/21,1012.8,6,181.8
5636,2025,4,宜蘭,18.6,29.7/27,9.8/18,167.5,7.0/40.0/15,14.9/260.0/04,82,26/21,1017.0,14,119.5
5637,2025,4,花蓮,20.2,30.4/13,13.0/17,85.0,11.6/40.0/06,19.3/50.0/06,78,31/21,1014.9,12,99.5
5638,2025,4,成功,20.9,28.7/27,14.0/18,86.0,10.0/30.0/06,17.6/360.0/06,80,38/21,1012.1,16,81.1
5639,2025,4,臺東,21.6,30.8/27,13.2/18,37.5,7.5/200.0/27,14.0/50.0/06,76,41/21,1015.2,7,114.8
5640,2025,4,大武,22.4,36.1/27,14.4/18,23.0,7.9/160.0/15,14.3/20.0/06,72,25/26,1015.4,7,123.9
5641,2025,4,蘭嶼,20.1,26.4/26,14.1/18,149.5,21.4/30.0/06,29.1/30.0/06,91,53/21,979.2,15,67.6
5642,2025,4,馬祖,13.2,25.3/03,6.4/30,159.5,12.5/200.0/27,20.9/210.0/26,83,36/21,1008.4,11,150.7
5643,2025,4,金門,15.8,27.3/13,8.3/31,83.5,10.3/70.0/28,17.7/60.0/07,79,22/21,1014.9,9,161.2
5644,2025,4,澎湖,19.9,27.8/27,14.2/07,66.0,9.4/20.0/06,19.7/30.0/06,78,34/18,1015.5,8,149.0
5645,2025,4,東吉島,20.7,28.5/25,14.5/17,51.0,20.9/30.0/06,28.0/40.0/06,78,29/19,1011.4,5,155.2
5646,2025,5,彭佳嶼,21.2,29.6/22,13.0/01,251.5,16.1/20.0/12,25.2/10.0/12,82,35/13,1001.7,14,167.1
5647,2025,5,基隆,21.8,32.0/22,13.8/01,241.0,10.7/360.0/12,20.8/330.0/12,77,23/13,1009.9,14,134.3
5648,2025,5,臺北,22.7,34.9/22,13.5/02,191.5,7.3/310.0/19,19.4/300.0/19,73,23/13,1009.7,14,123.7
5649,2025,5,鞍部,16.6,27.6/22,5.9/02,392.5,12.0/360.0/19,19.3/350.0/19,86,15/29,920.6,14,104.0
5650,2025,5,竹子湖,18.3,29.1/22,8.7/01,266.0,9.6/20.0/12,19.3/30.0/12,83,24/29,944.4,15,123.7
5651,2025,5,淡水,21.7,32.2/22,11.1/02,274.0,7.5/160.0/04,15.4/350.0/12,79,25/13,1011.0,14,131.9
5652,2025,5,新北,21.6,34.4/22,11.5/14,240.5,7.0/280.0/19,14.2/260.0/19,78,20/16,1010.3,14,111.6
5653,2025,5,新屋,21.9,29.1/12,13.7/01,237.0,13.8/320.0/12,21.6/320.0/12,80,29/13,1010.4,12,139.3
5654,2025,5,新竹,22.4,31.4/22,13.6/01,200.0,5.9/10.0/12,15.3/300.0/19,75,25/13,1009.4,14,137.1
5655,2025,5,後龍,22.0,31.1/22,13.2/01,176.0,9.3/220.0/12,21.0/240.0/23,80,30/13,1008.6,13,142.9
5656,2025,5,臺中,23.8,32.7/21,13.7/02,80.5,5.1/10.0/12,12.2/10.0/13,72,26/15,1002.9,7,137.1
5657,2025,5,田中,23.7,33.5/21,13.7/01,46.0,7.7/310.0/12,13.0/10.0/13,76,23/15,1007.6,6,144.3
5658,2025,5,日月潭,19.1,30.0/22,11.9/01,66.0,4.3/210.0/13,11.1/210.0/12,86,20/15,901.8,9,103.4
5659,2025,5,古坑,23.2,32.6/23,12.8/15,48.5,6.0/320.0/13,12.1/200.0/12,79,26/15,1002.0,6,136.8
5660,2025,5,嘉義,23.9,32.8/21,14.2/02,42.0,7.2/260.0/23,11.4/260.0/23,78,28/15,1009.2,3,167.7
5661,2025,5,阿里山,10.8,21.0/22,2.8/13,97.5,4.3/150.0/05,12.6/270.0/12,84,3/17,764.6,12,111.1
5662,2025,5,玉山,4.4,18.3/21,-6.4/15,93.0,15.9/300.0/12,29.7/270.0/13,74,24/15,642.9,10,151.4
5663,2025,5,臺南,24.9,31.4/15,15.3/01,11.5,9.0/360.0/13,15.8/360.0/13,70,20/15,1009.9,3,190.9
5664,2025,5,永康,24.9,32.5/21,15.4/01,7.0,9.9/360.0/13,17.9/10.0/13,71,20/15,1011.5,2,190.9
5665,2025,5,高雄,24.8,34.0/17,15.5/15,4.0,5.1/250.0/29,10.3/250.0/17,74,17/15,1011.2,2,203.8
5666,2025,5,恆春,25.3,32.5/17,18.1/14,13.5,9.2/40.0/07,19.0/50.0/06,70,24/14,1009.7,1,191.3
5667,2025,5,宜蘭,22.2,31.0/20,14.1/14,61.0,11.0/320.0/10,17.5/310.0/10,79,30/13,1012.5,12,108.8
5668,2025,5,花蓮,22.9,30.7/18,16.0/02,53.5,11.5/40.0/13,21.0/40.0/13,78,41/06,1010.7,10,95.4
5669,2025,5,成功,23.3,30.8/20,16.9/01,59.5,10.9/30.0/13,20.6/40.0/13,79,48/29,1008.2,11,82.8
5670,2025,5,臺東,24.2,30.8/23,17.3/13,66.0,6.9/50.0/28,17.2/50.0/13,75,40/29,1011.4,5,116.0
5671,2025,5,大武,24.5,35.7/22,17.2/13,44.5,8.7/40.0/13,15.7/40.0/13,73,39/10,1011.7,8,152.8
5672,2025,5,蘭嶼,22.3,29.1/20,16.6/01,61.0,18.6/30.0/13,26.5/40.0/13,88,47/14,976.0,8,125.2
5673,2025,5,馬祖,18.0,26.8/20,8.5/01,143.0,12.9/220.0/12,20.8/240.0/12,85,36/14,1003.4,12,168.9
5674,2025,5,金門,20.2,29.4/15,9.8/01,55.5,8.7/80.0/15,14.3/100.0/15,82,13/03,1010.3,9,159.6
5675,2025,5,澎湖,23.6,29.4/19,15.8/01,25.5,7.5/30.0/29,15.7/10.0/13,79,38/13,1011.7,4,179.2
5676,2025,5,東吉島,24.0,32.0/21,17.4/01,10.0,17.0/30.0/13,22.8/20.0/13,78,42/14,1008.1,4,176.8
5677,2025,6,彭佳嶼,23.9,31.0/22,17.3/26,159.0,14.5/160.0/03,18.3/160.0/03,87,47/12,999.6,9,145.3
5678,2025,6,基隆,25.2,33.0/21,17.0/26,390.0,9.7/360.0/25,15.7/10.0/25,78,42/02,1007.7,13,76.1
5679,2025,6,臺北,26.0,34.7/23,17.3/26,386.5,6.4/240.0/22,14.3/100.0/04,75,40/02,1007.5,13,121.6
5680,2025,6,鞍部,19.4,27.4/22,12.2/11,324.5,7.7/360.0/10,14.5/150.0/07,92,49/07,919.6,16,68.0
5681,2025,6,竹子湖,21.3,28.7/23,14.5/25,324.0,7.3/20.0/24,14.4/30.0/30,87,42/07,943.1,14,97.5
5682,2025,6,淡水,25.1,33.8/23,17.0/26,269.5,9.1/150.0/02,16.4/160.0/02,80,41/02,1008.7,11,107.5
5683,2025,6,新北,24.8,34.6/22,17.0/26,475.5,6.7/130.0/02,13.0/120.0/02,80,40/02,1008.1,15,113.6
5684,2025,6,新屋,25.1,31.3/22,17.8/26,344.0,11.3/240.0/23,17.1/50.0/24,82,43/12,1008.2,9,150.8
5685,2025,6,新竹,25.8,33.7/23,18.4/26,320.5,5.2/280.0/23,12.8/280.0/23,77,37/12,1007.2,8,130.2
5686,2025,6,後龍,25.2,33.5/23,18.2/27,296.0,9.4/60.0/25,14.8/240.0/23,83,51/01,1006.3,8,163.6
5687,2025,6,臺中,26.9,34.6/09,20.0/11,178.5,4.4/10.0/25,8.7/200.0/23,74,41/14,1000.7,8,161.2
5688,2025,6,田中,26.8,34.8/22,19.7/11,143.5,5.6/290.0/24,10.1/310.0/24,78,43/13,1005.3,6,176.0
5689,2025,6,日月潭,21.5,29.7/22,15.5/11,302.0,6.3/150.0/09,21.6/170.0/09,89,51/02,900.9,17,103.6
5690,2025,6,古坑,26.4,35.6/09,19.4/02,75.0,5.7/350.0/11,10.3/240.0/09,81,44/02,999.8,9,170.4
5691,2025,6,嘉義,27.0,35.3/09,20.1/11,90.0,7.0/250.0/09,11.8/270.0/05,79,41/01,1007.0,5,211.8
5692,2025,6,阿里山,13.1,19.8/08,4.1/13,257.0,4.5/290.0/29,11.1/240.0/29,91,30/01,764.8,20,119.4
5693,2025,6,玉山,6.5,19.7/20,0.3/12,259.0,15.0/280.0/31,24.9/280.0/29,82,25/13,644.3,19,122.5
5694,2025,6,臺南,28.2,34.1/09,20.7/12,71.0,7.2/190.0/09,11.8/190.0/09,72,42/02,1007.5,3,237.8
5695,2025,6,永康,28.2,34.2/09,20.6/11,69.5,7.2/220.0/09,11.1/280.0/24,73,43/01,1009.1,4,230.8
5696,2025,6,高雄,28.2,34.9/09,21.0/12,64.5,5.5/260.0/05,9.7/170.0/09,76,45/02,1008.9,4,244.0
5697,2025,6,恆春,28.3,33.9/20,23.2/12,40.5,8.5/40.0/07,17.2/40.0/12,74,47/22,1007.6,6,231.1
5698,2025,6,宜蘭,24.7,32.4/18,17.9/12,176.5,8.7/60.0/24,14.5/50.0/24,85,48/12,1010.4,16,102.4
5699,2025,6,花蓮,25.3,31.4/19,20.1/07,247.0,10.1/40.0/24,17.4/30.0/24,82,46/12,1008.8,19,132.4
5700,2025,6,成功,25.7,32.0/06,19.4/12,215.5,8.5/30.0/24,15.1/30.0/24,84,60/07,1006.3,20,128.0
5701,2025,6,臺東,26.7,34.0/23,21.1/12,153.0,5.6/50.0/24,12.6/70.0/10,79,55/12,1009.4,12,149.6
5702,2025,6,大武,27.2,37.2/23,22.1/01,44.0,7.0/170.0/21,12.3/160.0/21,76,39/05,1009.6,9,190.9
5703,2025,6,蘭嶼,24.6,29.5/24,19.2/12,376.5,21.5/30.0/12,26.8/30.0/12,95,73/06,974.6,15,81.7
5704,2025,6,馬祖,22.2,29.4/17,16.8/04,165.0,9.5/210.0/09,16.5/190.0/09,90,52/03,1001.0,16,117.8
5705,2025,6,金門,24.1,33.9/24,17.7/11,145.0,9.0/80.0/10,15.4/70.0/24,86,42/12,1008.0,11,152.9
5706,2025,6,澎湖,26.4,32.3/20,21.7/11,46.0,8.4/360.0/11,15.3/20.0/11,81,46/12,1009.4,6,192.2
5707,2025,6,東吉島,26.7,34.0/21,21.6/11,35.0,14.2/30.0/26,19.1/10.0/25,82,45/12,1005.9,4,227.0
5708,2025,7,彭佳嶼,27.3,32.5/24,21.3/03,63.5,18.8/160.0/13,24.3/150.0/12,90,67/01,996.6,5,234.7
5709,2025,7,基隆,28.5,35.2/10,22.1/04,84.5,7.9/230.0/17,16.9/240.0/17,78,47/29,1004.5,10,164.9
5710,2025,7,臺北,29.3,37.2/15,22.6/04,150.0,7.2/330.0/27,14.6/210.0/27,75,41/29,1004.4,13,163.2
5711,2025,7,鞍部,22.7,28.8/11,16.7/04,89.0,6.7/190.0/11,18.2/160.0/12,92,65/29,917.8,7,114.3
5712,2025,7,竹子湖,24.5,31.2/11,18.9/04,84.0,6.1/20.0/03,12.8/10.0/04,87,51/29,941.0,8,138.5
5713,2025,7,淡水,28.4,36.5/30,21.8/04,70.0,8.1/150.0/11,15.2/140.0/12,80,44/29,1005.5,8,179.3
5714,2025,7,新北,27.9,36.5/15,21.6/28,190.5,8.3/250.0/27,15.6/220.0/27,81,43/15,1004.9,14,163.7
5715,2025,7,新屋,28.2,32.6/19,22.7/04,40.5,13.2/240.0/15,20.1/250.0/15,82,58/01,1005.3,8,227.8
5716,2025,7,新竹,28.8,34.8/15,22.7/04,78.5,6.1/280.0/15,14.3/290.0/02,76,48/15,1004.4,10,186.9
5717,2025,7,後龍,28.2,35.1/15,22.5/04,85.0,9.4/230.0/16,15.9/220.0/16,81,46/15,1003.6,8,208.9
5718,2025,7,臺中,28.9,35.1/15,22.1/27,194.5,5.3/190.0/26,12.0/230.0/15,75,47/15,998.4,12,170.4
5719,2025,7,田中,28.6,34.9/15,23.6/27,201.5,6.0/150.0/17,11.7/230.0/15,79,49/15,1003.1,14,196.9
5720,2025,7,日月潭,22.9,30.7/10,17.9/26,491.0,6.4/140.0/18,14.5/50.0/11,91,57/28,899.5,23,105.7
5721,2025,7,古坑,27.8,35.1/15,21.9/19,373.0,6.6/200.0/26,22.9/240.0/17,82,47/15,997.6,18,185.4
5722,2025,7,嘉義,28.6,34.9/10,22.9/19,463.0,8.1/240.0/26,15.3/250.0/26,80,48/15,1004.7,16,208.8
5723,2025,7,阿里山,14.6,20.9/09,9.3/28,552.5,4.8/280.0/13,13.0/240.0/13,93,53/21,764.4,24,98.4
5724,2025,7,玉山,8.5,21.7/08,1.4/27,298.0,22.3/130.0/12,31.5/110.0/12,83,51/28,645.0,19,145.7
5725,2025,7,臺南,29.3,34.8/10,23.5/26,355.5,10.1/180.0/13,17.1/190.0/13,77,47/28,1005.4,13,211.2
5726,2025,7,永康,29.1,34.9/11,24.2/26,388.5,9.6/180.0/13,15.9/190.0/13,77,49/15,1007.0,13,199.7
5727,2025,7,高雄,28.6,34.5/25,22.2/27,476.0,5.1/120.0/19,14.2/180.0/13,83,51/18,1006.9,15,215.8
5728,2025,7,恆春,29.1,33.7/25,24.4/13,296.0,8.4/40.0/12,17.5/10.0/12,81,54/27,1005.6,14,214.6
5729,2025,7,宜蘭,28.0,33.9/10,22.7/04,114.0,6.9/140.0/11,14.9/120.0/30,84,52/27,1007.2,11,198.6
5730,2025,7,花蓮,28.1,33.6/02,23.5/04,269.5,9.4/180.0/11,13.9/40.0/16,83,55/30,1006.0,13,203.8
5731,2025,7,成功,27.8,33.3/03,23.5/01,319.0,8.3/240.0/13,16.3/250.0/13,85,62/17,1003.6,9,216.3
5732,2025,7,臺東,28.9,34.0/16,23.9/01,209.5,7.4/200.0/15,13.5/200.0/15,79,52/28,1006.9,9,227.9
5733,2025,7,大武,28.8,36.0/07,24.3/11,318.0,6.6/30.0/11,12.6/210.0/16,78,44/15,1007.2,12,224.3
5734,2025,7,蘭嶼,26.2,30.2/25,22.5/12,466.5,20.5/260.0/13,29.9/240.0/13,95,76/24,972.7,15,126.4
5735,2025,7,馬祖,26.4,32.5/27,20.5/03,116.5,12.7/200.0/15,21.1/200.0/15,90,63/25,997.1,6,210.7
5736,2025,7,金門,27.6,36.5/12,21.7/04,47.5,8.4/270.0/16,15.1/200.0/16,88,51/12,1004.8,6,230.7
5737,2025,7,澎湖,28.5,33.0/25,24.6/05,112.0,8.0/200.0/13,13.8/190.0/13,86,57/29,1006.8,6,236.3
5738,2025,7,東吉島,28.7,35.2/26,24.6/14,99.5,16.4/200.0/13,23.8/190.0/14,85,59/29,1003.5,9,264.8
5739,2025,8,彭佳嶼,27.7,32.6/15,23.9/07,252.0,23.4/270.0/08,31.4/110.0/06,91,71/03,990.9,18,191.7
5740,2025,8,基隆,29.0,35.3/01,24.0/10,201.0,12.5/140.0/07,24.2/140.0/07,78,49/03,998.8,21,136.0
5741,2025,8,臺北,29.5,36.9/15,23.6/10,280.5,8.0/130.0/19,17.6/100.0/19,75,42/03,998.5,20,140.5
5742,2025,8,鞍部,22.8,28.8/01,18.0/09,584.0,9.6/360.0/25,20.5/160.0/18,94,64/01,912.4,20,66.8
5743,2025,8,竹子湖,24.5,31.5/01,19.1/09,509.0,5.2/340.0/25,14.8/190.0/24,88,58/01,935.7,20,99.7
5744,2025,8,淡水,28.8,37.0/02,22.6/09,303.0,10.6/150.0/06,18.6/140.0/19,79,40/03,999.7,18,133.2
5745,2025,8,新北,28.2,36.4/15,22.9/09,302.0,8.2/100.0/19,20.4/110.0/19,81,47/15,999.1,20,141.8
5746,2025,8,新屋,28.6,36.0/03,22.7/09,375.0,14.0/220.0/07,25.2/100.0/19,82,44/03,999.2,15,173.7
5747,2025,8,新竹,28.9,36.1/03,22.8/09,496.5,6.4/60.0/24,16.4/300.0/08,78,46/23,998.3,16,135.3
5748,2025,8,後龍,28.3,34.3/02,22.0/09,615.0,11.0/50.0/24,18.2/50.0/24,84,49/08,997.5,17,149.1
5749,2025,8,臺中,28.3,35.0/19,23.2/10,1177.5,5.7/360.0/25,11.6/20.0/25,82,50/24,992.5,20,106.7
5750,2025,8,田中,28.2,34.5/01,23.3/07,982.0,9.4/20.0/07,16.0/20.0/07,85,54/03,997.1,20,123.0
5751,2025,8,日月潭,22.6,30.2/23,18.6/09,1297.0,7.8/140.0/07,23.0/190.0/07,93,56/19,894.3,22,65.1
5752,2025,8,古坑,27.6,34.9/01,23.0/05,1164.5,14.8/280.0/07,28.6/280.0/07,86,54/01,991.7,22,112.7
5753,2025,8,嘉義,28.4,35.3/02,23.1/07,1069.0,22.5/280.0/07,39.8/280.0/07,84,52/03,998.8,25,116.7
5754,2025,8,阿里山,14.5,20.8/24,10.6/02,1578.0,6.2/160.0/07,20.7/250.0/07,96,52/02,759.9,25,65.1
5755,2025,8,玉山,7.8,20.5/02,0.8/07,837.0,19.2/230.0/07,37.3/220.0/07,81,37/03,641.1,23,109.1
5756,2025,8,臺南,28.7,34.6/01,23.7/07,637.5,19.4/170.0/06,41.1/200.0/06,83,46/01,999.5,20,117.2
5757,2025,8,永康,28.7,34.6/01,23.6/07,766.0,20.3/170.0/06,35.8/220.0/06,83,49/01,1001.1,21,116.1
5758,2025,8,高雄,28.2,33.8/18,23.9/06,761.0,7.9/160.0/06,19.5/150.0/06,88,58/05,1001.1,21,121.3
5759,2025,8,恆春,28.5,33.3/03,23.9/29,1319.0,9.9/40.0/19,20.2/50.0/19,84,54/03,999.9,21,124.2
5760,2025,8,宜蘭,28.3,34.7/05,23.5/10,216.5,9.8/50.0/24,19.2/50.0/24,85,52/09,1001.5,15,142.9
5761,2025,8,花蓮,28.0,34.2/02,23.3/07,398.0,13.3/180.0/05,20.0/170.0/05,84,54/02,1000.4,17,154.1
5762,2025,8,成功,27.5,33.0/02,22.7/06,979.0,10.1/40.0/24,17.6/40.0/24,85,61/02,997.8,21,155.0
5763,2025,8,臺東,28.2,34.9/08,23.1/06,879.5,6.3/50.0/24,14.4/40.0/24,83,53/07,1001.0,20,152.6
5764,2025,8,大武,27.9,35.8/13,23.0/10,1851.5,9.4/30.0/19,21.7/40.0/19,83,49/08,1001.3,20,149.0
5765,2025,8,蘭嶼,25.8,30.0/12,22.7/05,793.5,21.2/250.0/28,33.9/260.0/31,96,75/17,966.6,19,73.3
5766,2025,8,馬祖,27.3,32.4/25,23.9/09,384.0,9.7/70.0/19,20.3/90.0/19,94,69/29,992.1,14,170.7
5767,2025,8,金門,28.9,38.5/06,23.4/10,528.0,8.9/70.0/06,17.2/60.0/19,85,37/03,998.9,10,187.6
5768,2025,8,澎湖,28.6,34.0/02,24.8/10,296.5,9.8/360.0/06,18.1/340.0/06,89,56/05,1000.7,12,163.9
5769,2025,8,東吉島,28.3,35.7/02,23.1/06,403.5,40.0/30.0/06,52.4/30.0/06,89,59/02,997.4,13,180.1
5770,2025,9,彭佳嶼,28.2,33.0/10,24.7/16,9.5,16.1/120.0/13,27.9/130.0/13,88,67/21,998.1,4,306.2
5771,2025,9,基隆,29.5,34.8/20,24.9/20,62.5,10.4/130.0/13,23.2/130.0/13,74,42/20,1005.8,5,255.6
5772,2025,9,臺北,30.4,36.4/22,25.2/21,127.0,10.0/120.0/13,26.7/110.0/13,69,40/21,1005.5,7,239.9
5773,2025,9,鞍部,23.3,29.9/22,18.9/08,74.5,9.8/180.0/13,25.1/180.0/13,89,58/09,918.9,9,169.9
5774,2025,9,竹子湖,25.0,31.4/24,21.2/18,113.5,4.7/20.0/12,16.9/180.0/13,84,57/22,942.3,8,209.8
5775,2025,9,淡水,29.6,36.8/28,25.2/06,18.0,12.0/150.0/13,22.2/160.0/13,73,43/17,1006.6,4,242.6
5776,2025,9,新北,28.8,35.9/22,22.2/21,177.5,11.1/110.0/13,28.7/90.0/13,76,43/21,1006.0,9,236.2
5777,2025,9,新屋,29.4,36.0/16,25.1/21,0.5,15.8/90.0/13,26.4/70.0/13,75,44/16,1006.2,1,294.5
5778,2025,9,新竹,29.9,35.7/26,24.6/28,4.5,7.6/60.0/13,17.3/70.0/13,71,43/13,1005.4,2,244.8
5779,2025,9,後龍,28.7,35.2/13,22.5/21,25.5,13.4/60.0/13,22.1/50.0/13,79,41/13,1004.5,3,246.2
5780,2025,9,臺中,28.7,35.8/13,21.4/20,266.0,4.7/360.0/14,10.5/220.0/24,76,36/13,999.3,12,188.4
5781,2025,9,田中,28.6,34.6/29,22.8/20,391.0,8.4/50.0/13,17.6/40.0/13,80,40/13,1003.9,9,205.9
5782,2025,9,日月潭,23.1,30.4/23,18.2/06,336.5,12.5/140.0/13,27.1/150.0/13,88,38/16,900.4,14,136.0
5783,2025,9,古坑,27.7,34.6/29,21.6/21,613.0,10.0/180.0/24,17.3/180.0/24,84,50/16,998.5,20,182.4
5784,2025,9,嘉義,28.7,35.2/23,22.7/24,296.0,10.2/40.0/13,17.7/210.0/24,80,49/16,1005.6,14,208.0
5785,2025,9,阿里山,14.3,21.4/08,10.1/25,593.0,9.2/130.0/13,26.5/90.0/13,94,44/16,765.0,23,119.9
5786,2025,9,玉山,7.9,22.1/30,2.0/15,388.5,26.1/110.0/13,47.2/130.0/13,75,46/30,645.3,14,178.2
5787,2025,9,臺南,29.1,34.0/25,24.2/04,352.5,14.6/170.0/13,23.3/160.0/13,77,53/07,1006.3,8,214.2
5788,2025,9,永康,29.0,34.5/24,23.8/26,474.0,15.9/150.0/13,27.9/150.0/13,78,51/29,1007.8,11,90.9
5789,2025,9,高雄,28.2,33.8/09,22.5/26,356.5,7.1/310.0/13,22.8/190.0/13,85,55/10,1007.8,11,205.2
5790,2025,9,恆春,28.6,33.3/21,24.2/13,553.0,9.2/240.0/13,19.7/250.0/13,82,56/20,1006.6,18,187.8
5791,2025,9,宜蘭,28.8,34.2/09,24.4/19,21.5,9.3/150.0/13,20.6/120.0/13,81,52/21,1008.6,5,241.3
5792,2025,9,花蓮,28.3,33.0/24,24.1/14,48.0,12.7/120.0/13,18.9/120.0/13,81,57/18,1007.6,14,239.0
5793,2025,9,成功,27.5,32.6/12,23.6/27,219.0,16.4/20.0/13,28.6/50.0/13,84,53/13,1005.0,14,229.7
5794,2025,9,臺東,28.4,32.5/09,24.5/26,212.5,15.6/50.0/13,36.6/50.0/13,80,56/16,1008.2,10,233.2
5795,2025,9,大武,27.9,35.8/10,23.0/25,600.0,10.0/160.0/13,21.1/250.0/13,81,48/10,1008.3,19,208.4
5796,2025,9,蘭嶼,26.1,29.9/19,22.1/27,319.0,35.6/250.0/13,62.4/240.0/13,95,75/20,973.4,18,135.4
5797,2025,9,馬祖,27.8,33.2/22,25.5/05,4.0,9.5/210.0/10,18.1/90.0/13,90,60/22,998.8,1,289.4
5798,2025,9,金門,28.3,35.0/13,24.0/14,47.0,12.3/90.0/13,22.2/100.0/14,87,51/13,1005.9,9,230.0
5799,2025,9,澎湖,28.4,33.6/24,23.8/04,254.5,13.9/150.0/13,24.2/340.0/13,87,60/26,1007.7,7,245.0
5800,2025,9,東吉島,28.3,33.3/29,23.6/04,213.5,26.5/190.0/13,37.7/190.0/13,87,64/21,1004.4,6,257.7
5801,2025,10,彭佳嶼,28.4,33.7/13,25.0/26,24.5,20.0/120.0/22,29.0/110.0/22,87,64/09,999.8,5,279.3
5802,2025,10,基隆,29.5,34.9/14,25.8/04,212.0,9.4/50.0/22,20.4/120.0/23,74,46/30,1007.4,9,228.7
5803,2025,10,臺北,30.1,35.7/19,24.8/02,186.5,7.8/140.0/24,18.4/170.0/24,70,45/05,1007.0,8,205.5
5804,2025,10,鞍部,23.0,28.9/30,19.0/30,162.0,8.5/190.0/24,21.4/200.0/24,90,62/30,920.2,4,136.6
5805,2025,10,竹子湖,24.9,31.0/05,21.3/30,174.0,3.7/350.0/14,17.9/130.0/22,85,56/05,943.8,6,176.9
5806,2025,10,淡水,29.6,37.5/05,24.6/08,150.5,8.8/140.0/24,20.5/160.0/25,73,41/05,1008.2,5,211.1
5807,2025,10,新北,28.6,35.6/19,22.8/05,188.0,7.7/100.0/23,20.9/130.0/23,76,45/13,1007.6,9,201.1
5808,2025,10,新屋,29.0,34.4/18,25.1/27,20.0,12.2/70.0/22,20.1/50.0/23,79,49/18,1007.8,4,221.9
5809,2025,10,新竹,29.3,35.7/21,25.0/27,49.0,6.7/60.0/22,16.2/70.0/21,76,46/21,1006.9,8,202.4
5810,2025,10,後龍,28.4,35.8/21,23.6/27,58.5,12.9/50.0/22,20.4/60.0/22,82,47/21,1005.9,5,217.8
5811,2025,10,臺中,28.7,34.7/22,23.8/20,151.5,4.5/360.0/20,8.2/340.0/11,78,49/22,1000.5,11,161.9
5812,2025,10,田中,28.6,35.2/19,23.6/02,131.6,5.1/170.0/02,11.0/160.0/02,81,54/04,1005.1,10,164.9
5813,2025,10,日月潭,22.9,31.7/22,19.3/11,166.0,6.6/150.0/22,17.7/150.0/22,90,48/22,901.4,11,138.5
5814,2025,10,古坑,27.6,34.0/06,22.8/03,169.5,6.1/180.0/10,10.8/180.0/10,85,51/17,999.6,14,172.5
5815,2025,10,嘉義,28.4,34.1/07,23.8/03,156.5,6.9/90.0/19,12.4/250.0/19,83,48/08,1006.8,12,190.6
5816,2025,10,阿里山,14.0,20.9/27,9.9/30,378.5,4.8/330.0/15,10.6/340.0/22,94,46/27,765.8,24,104.1
5817,2025,10,玉山,7.7,22.1/29,1.5/20,420.0,18.1/130.0/24,32.7/120.0/23,74,42/29,646.0,19,154.4
5818,2025,10,臺南,29.4,34.9/11,24.4/24,72.0,8.3/200.0/07,13.2/180.0/07,75,42/06,1007.3,9,192.9
5819,2025,10,永康,29.2,34.8/15,24.4/24,65.5,7.8/210.0/07,13.2/170.0/15,76,43/06,1008.9,8,181.0
5820,2025,10,高雄,28.2,34.2/08,23.4/11,93.5,4.5/280.0/10,10.1/80.0/10,85,49/08,1008.8,8,192.0
5821,2025,10,恆春,28.5,33.3/05,24.5/11,326.5,12.9/40.0/22,25.8/60.0/22,81,53/30,1007.5,18,195.4
5822,2025,10,宜蘭,28.6,34.3/19,24.6/28,217.0,11.1/80.0/22,19.1/120.0/23,81,50/19,1010.3,9,227.5
5823,2025,10,花蓮,28.5,34.1/06,23.9/25,316.5,10.0/180.0/24,17.4/210.0/23,80,53/04,1009.4,9,232.7
5824,2025,10,成功,27.6,33.3/16,23.1/19,531.0,10.4/20.0/22,20.7/20.0/22,83,60/22,1006.7,12,206.8
5825,2025,10,臺東,28.6,32.5/14,24.7/24,577.5,7.2/40.0/22,18.9/10.0/22,79,54/16,1009.9,10,212.6
5826,2025,10,大武,28.2,33.7/07,24.0/20,355.0,11.6/30.0/22,24.1/30.0/22,79,55/08,1009.8,11,202.7
5827,2025,10,蘭嶼,26.0,30.0/13,22.5/22,246.0,28.6/30.0/22,39.5/40.0/22,95,79/10,974.6,16,136.5
5828,2025,10,馬祖,28.0,33.5/04,24.3/22,18.5,9.3/60.0/22,18.4/50.0/23,89,59/01,1001.0,6,222.4
5829,2025,10,金門,28.1,34.9/06,24.2/08,187.0,9.7/70.0/23,19.5/40.0/22,87,59/06,1007.6,10,200.6
5830,2025,10,澎湖,29.1,33.5/15,25.3/24,20.5,8.3/40.0/22,17.0/40.0/22,83,57/05,1009.0,2,244.2
5831,2025,10,東吉島,28.8,35.0/17,24.5/24,28.0,13.6/10.0/22,18.4/20.0/22,83,57/14,1005.6,5,257.4
5832,2025,11,彭佳嶼,26.1,31.3/07,20.2/28,142.5,20.9/20.0/21,30.1/10.0/21,85,64/09,1003.4,10,191.8
5833,2025,11,基隆,26.8,33.8/04,20.1/29,418.5,17.1/360.0/21,27.3/360.0/20,79,47/02,1011.5,18,163.2
5834,2025,11,臺北,27.3,36.5/04,20.4/28,305.5,5.9/100.0/18,13.4/90.0/18,75,42/12,1011.2,10,175.3
5835,2025,11,鞍部,20.4,29.5/04,14.8/28,2176.5,12.9/360.0/21,25.9/340.0/21,94,62/05,923.2,18,97.7
5836,2025,11,竹子湖,22.3,30.7/04,16.3/28,2080.5,7.1/360.0/31,22.8/350.0/20,87,57/02,946.8,19,144.9
5837,2025,11,淡水,26.6,34.8/18,20.0/29,1162.0,8.1/20.0/20,17.7/360.0/20,78,37/16,1012.4,11,169.6
5838,2025,11,新北,26.0,35.6/13,19.8/28,873.0,5.6/50.0/09,12.5/40.0/20,80,38/12,1011.8,11,165.6
5839,2025,11,新屋,26.5,34.6/17,20.8/27,407.5,14.3/50.0/19,24.4/50.0/20,80,47/17,1011.8,10,208.2
5840,2025,11,新竹,27.1,36.7/07,21.3/28,219.5,6.5/30.0/08,16.2/40.0/08,75,36/07,1010.5,7,198.9
5841,2025,11,後龍,26.3,35.7/08,20.9/28,68.5,13.0/50.0/23,20.9/70.0/23,81,47/08,1009.4,6,206.0
5842,2025,11,臺中,27.7,34.4/17,21.2/29,7.0,6.8/20.0/21,15.6/10.0/21,73,47/17,1003.1,3,197.3
5843,2025,11,田中,27.5,34.4/17,21.1/29,1.5,6.9/360.0/21,12.7/360.0/21,78,48/17,1007.7,2,204.5
5844,2025,11,日月潭,22.3,28.9/17,18.5/22,3.0,3.6/200.0/21,5.8/210.0/31,91,57/19,903.0,2,147.9
5845,2025,11,古坑,26.6,33.8/13,20.4/31,26.5,5.7/330.0/31,9.3/330.0/31,83,48/04,1002.2,4,159.8
5846,2025,11,嘉義,27.3,34.4/04,21.2/29,T,6.7/20.0/21,12.0/30.0/21,80,47/04,1009.4,0,188.2
5847,2025,11,阿里山,13.8,20.3/04,9.5/07,68.5,3.6/90.0/08,8.9/100.0/23,90,27/10,767.1,10,109.9
5848,2025,11,玉山,7.7,23.8/06,0.5/15,82.5,14.6/140.0/04,17.8/110.0/19,76,16/11,647.0,12,176.9
5849,2025,11,臺南,28.4,34.3/14,22.1/29,T,7.4/360.0/31,12.8/360.0/21,73,49/13,1009.9,0,218.4
5850,2025,11,永康,28.2,34.0/04,22.0/29,T,7.7/360.0/21,13.6/360.0/22,74,48/13,1011.5,0,200.3
5851,2025,11,高雄,27.6,33.3/04,21.7/29,0.5,4.5/300.0/05,7.9/300.0/05,81,54/29,1011.3,1,219.8
5852,2025,11,恆春,28.2,32.6/06,22.9/31,48.0,12.3/30.0/19,26.3/20.0/29,74,52/16,1009.8,6,222.3
5853,2025,11,宜蘭,25.7,33.1/03,20.0/29,551.0,7.5/40.0/20,13.8/50.0/20,86,57/03,1014.2,16,156.9
5854,2025,11,花蓮,27.0,33.3/08,21.7/30,51.5,12.6/120.0/19,21.7/50.0/22,79,48/21,1012.4,11,171.8
5855,2025,11,成功,26.8,32.6/03,22.2/27,55.0,14.2/40.0/22,25.4/20.0/22,78,55/16,1009.4,13,203.6
5856,2025,11,臺東,27.6,32.1/08,23.2/23,37.0,7.1/50.0/22,15.9/40.0/22,76,55/03,1012.5,5,210.6
5857,2025,11,大武,27.6,32.3/08,23.2/30,15.0,7.9/40.0/22,16.3/40.0/22,75,56/08,1012.5,4,208.6
5858,2025,11,蘭嶼,24.9,28.8/06,21.6/24,194.5,31.8/40.0/22,38.9/10.0/22,95,81/15,976.5,19,104.4
5859,2025,11,馬祖,25.0,33.2/05,17.3/21,10.0,11.8/20.0/21,20.9/10.0/21,82,59/24,1006.0,3,161.5
5860,2025,11,金門,26.2,33.4/07,18.1/27,1.5,10.1/60.0/20,19.6/60.0/20,77,51/27,1011.9,1,195.3
5861,2025,11,澎湖,27.3,32.9/06,23.0/27,0.5,11.0/30.0/22,22.2/30.0/22,81,58/14,1012.1,1,186.7
5862,2025,11,東吉島,26.9,32.7/02,23.5/22,0.0,23.5/30.0/21,31.5/40.0/22,84,62/05,1008.4,0,218.6
5863,2025,12,彭佳嶼,19.0,24.2/07,12.3/14,63.0,17.7/20.0/25,25.0/20.0/25,77,49/04,1007.8,13,84.8
5864,2025,12,基隆,19.0,25.1/23,13.0/25,349.0,12.0/360.0/25,19.1/360.0/25,79,46/01,1016.3,16,51.1
5865,2025,12,臺北,19.5,26.9/23,13.1/25,35.5,6.1/100.0/22,14.0/80.0/24,77,43/16,1015.9,8,88.2
5866,2025,12,鞍部,12.6,20.4/01,5.3/26,383.5,8.2/360.0/25,16.8/130.0/09,97,56/23,925.2,22,47.0
5867,2025,12,竹子湖,14.6,22.4/23,7.2/26,296.0,7.2/20.0/25,15.4/20.0/14,89,55/07,949.5,20,99.0
5868,2025,12,淡水,18.6,26.5/23,11.2/15,79.5,7.1/140.0/18,14.7/130.0/18,80,45/07,1017.3,11,94.2
5869,2025,12,新北,18.3,27.0/23,10.9/16,84.0,5.2/50.0/24,11.2/60.0/24,83,45/16,1016.7,12,66.3
5870,2025,12,新屋,18.8,26.6/07,12.2/16,31.0,12.7/50.0/21,21.3/40.0/21,79,45/15,1016.4,5,125.6
5871,2025,12,新竹,19.0,26.1/07,12.4/25,7.0,6.5/30.0/21,15.9/20.0/21,77,44/17,1015.1,3,127.1
5872,2025,12,後龍,18.6,25.6/07,11.8/15,3.5,10.7/50.0/03,18.1/80.0/21,79,43/14,1014.0,2,125.9
5873,2025,12,臺中,19.9,29.0/02,14.0/26,4.0,5.0/360.0/25,11.2/40.0/25,73,38/11,1007.2,2,205.4
5874,2025,12,田中,19.4,29.4/02,12.3/16,9.0,5.9/320.0/17,11.0/350.0/25,79,40/14,1011.9,2,195.9
5875,2025,12,日月潭,16.5,25.1/02,10.1/27,23.0,5.6/150.0/28,8.8/150.0/28,78,31/17,904.4,3,165.1
5876,2025,12,古坑,18.8,30.3/02,12.1/15,4.5,5.9/10.0/25,9.9/20.0/13,82,40/11,1006.2,2,182.0
5877,2025,12,嘉義,19.3,30.3/02,11.2/17,3.5,7.0/10.0/25,12.0/10.0/25,80,37/11,1013.7,2,196.3
5878,2025,12,阿里山,7.5,16.0/16,1.8/06,34.5,4.1/80.0/08,10.3/100.0/08,84,15/30,765.4,4,137.4
5879,2025,12,玉山,2.3,17.4/11,-5.3/04,10.0,12.9/270.0/10,23.0/260.0/26,60,6/11,642.7,4,208.0
5880,2025,12,臺南,20.5,29.8/02,14.1/26,3.0,8.2/10.0/25,15.2/10.0/14,75,41/14,1014.1,1,208.3
5881,2025,12,永康,20.4,30.1/02,14.1/25,9.0,8.8/360.0/25,14.5/10.0/13,76,40/17,1015.8,1,202.0
5882,2025,12,高雄,20.6,31.4/01,13.0/15,6.5,4.0/290.0/01,7.7/350.0/13,78,36/11,1015.4,2,200.3
5883,2025,12,恆春,22.6,28.7/02,17.5/27,7.0,12.3/40.0/21,27.1/50.0/21,71,48/15,1013.5,4,182.9
5884,2025,12,宜蘭,18.7,26.5/02,12.3/25,239.5,7.1/60.0/02,12.0/50.0/02,86,44/11,1018.8,19,51.9
5885,2025,12,花蓮,20.4,26.7/02,14.8/27,48.0,11.6/40.0/25,19.1/60.0/25,78,40/15,1016.5,6,82.3
5886,2025,12,成功,20.9,28.7/01,15.8/26,80.5,10.2/30.0/21,17.7/20.0/21,77,49/15,1013.4,13,100.0
5887,2025,12,臺東,21.5,28.1/01,15.8/27,38.5,6.3/50.0/25,17.0/40.0/25,74,39/15,1016.6,5,125.3
5888,2025,12,大武,21.8,28.1/02,16.5/26,46.0,8.2/30.0/25,16.7/50.0/25,73,46/15,1016.5,9,116.0
5889,2025,12,蘭嶼,20.2,24.9/02,15.6/26,146.0,22.7/53.0/31,31.3/30.0/26,88,57/07,979.4,19,70.3
5890,2025,12,馬祖,14.7,22.5/20,7.4/26,10.0,10.2/31.0/31,18.7/25.0/31,78,40/14,1011.2,2,134.7
5891,2025,12,金門,17.2,26.2/02,10.2/26,1.5,8.6/80.0/30,16.3/50.0/21,71,42/29,1016.9,1,196.4
5892,2025,12,澎湖,20.1,24.6/01,15.8/26,6.5,9.5/40.0/14,20.3/30.0/14,79,54/14,1016.8,1,125.0
5893,2025,12,東吉島,20.6,24.6/24,16.6/25,1.0,20.4/30.0/25,26.4/30.0/25,79,55/14,1012.5,1,143.6
